SolidWorks IGES file using analytic representation for surfaces         S      1
1H,,1H;,11HAssemblage1,72HC:\Users\froui\Desktop\CFA\Système Numérique\PG      1
rojet ACER\Assemblage1.IGS,15HSolidWorks 2018,15HSolidWorks 2018,32,    G      2
308,15,308,15,11HAssemblage1,1.,2,2HMM,50,0.125,13H191121.095240,1E-08, G      3
499990.,5Hfroui,,11,0,13H191121.095240;                                 G      4
     314       1       0       0       0                        00000200D      1
     314       0       8       1       0                               0D      2
     110       2       0       0       0                        01010000D      3
     110       0       0       1       0                               0D      4
     110       3       0       0       0                        01010000D      5
     110       0       0       1       0                               0D      6
     120       4       0       0       0                        01010000D      7
     120       0       0       1       0                               0D      8
     126       5       0       0       0                        01010500D      9
     126       0       0       2       0                               0D     10
     110       7       0       0       0                        01010000D     11
     110       0       0       1       0                               0D     12
     126       8       0       0       0                        01010500D     13
     126       0       0       2       0                               0D     14
     124      10       0       0       0                        00000000D     15
     124       0       0       2       0                               0D     16
     100      12       0       0       0              15        01010000D     17
     100       0       0       1       0                               0D     18
     126      13       0       0       0                        01010500D     19
     126       0       0       2       0                               0D     20
     110      15       0       0       0                        01010000D     21
     110       0       0       1       0                               0D     22
     126      16       0       0       0                        01010500D     23
     126       0       0       2       0                               0D     24
     100      18       0       0       0                        01010000D     25
     100       0       0       1       0                               0D     26
     102      19       0       0       0                        01010500D     27
     102       0       0       1       0                               0D     28
     102      20       0       0       0                        01010000D     29
     102       0       0       1       0                               0D     30
     142      21       0       0       0                        00010500D     31
     142       0       0       1       0                               0D     32
     144      22       0       0       1                        00010000D     33
     144       0      -1       1       0                               0D     34
     110      23       0       0       0                        01010000D     35
     110       0       0       1       0                               0D     36
     110      24       0       0       0                        01010000D     37
     110       0       0       1       0                               0D     38
     120      25       0       0       0                        01010000D     39
     120       0       0       1       0                               0D     40
     126      26       0       0       0                        01010500D     41
     126       0       0       2       0                               0D     42
     110      28       0       0       0                        01010000D     43
     110       0       0       1       0                               0D     44
     126      29       0       0       0                        01010500D     45
     126       0       0       2       0                               0D     46
     124      31       0       0       0                        00000000D     47
     124       0       0       2       0                               0D     48
     100      33       0       0       0              47        01010000D     49
     100       0       0       1       0                               0D     50
     126      34       0       0       0                        01010500D     51
     126       0       0       2       0                               0D     52
     110      36       0       0       0                        01010000D     53
     110       0       0       1       0                               0D     54
     126      37       0       0       0                        01010500D     55
     126       0       0       2       0                               0D     56
     100      39       0       0       0                        01010000D     57
     100       0       0       1       0                               0D     58
     102      40       0       0       0                        01010500D     59
     102       0       0       1       0                               0D     60
     102      41       0       0       0                        01010000D     61
     102       0       0       1       0                               0D     62
     142      42       0       0       0                        00010500D     63
     142       0       0       1       0                               0D     64
     144      43       0       0       1                        00010000D     65
     144       0      -1       1       0                               0D     66
     110      44       0       0       0                        01010000D     67
     110       0       0       1       0                               0D     68
     110      45       0       0       0                        01010000D     69
     110       0       0       1       0                               0D     70
     120      46       0       0       0                        01010000D     71
     120       0       0       1       0                               0D     72
     126      47       0       0       0                        01010500D     73
     126       0       0       2       0                               0D     74
     110      49       0       0       0                        01010000D     75
     110       0       0       1       0                               0D     76
     126      50       0       0       0                        01010500D     77
     126       0       0       2       0                               0D     78
     124      52       0       0       0                        00000000D     79
     124       0       0       3       0                               0D     80
     100      55       0       0       0              79        01010000D     81
     100       0       0       1       0                               0D     82
     126      56       0       0       0                        01010500D     83
     126       0       0       2       0                               0D     84
     110      58       0       0       0                        01010000D     85
     110       0       0       1       0                               0D     86
     126      59       0       0       0                        01010500D     87
     126       0       0       2       0                               0D     88
     100      61       0       0       0                        01010000D     89
     100       0       0       1       0                               0D     90
     102      62       0       0       0                        01010500D     91
     102       0       0       1       0                               0D     92
     102      63       0       0       0                        01010000D     93
     102       0       0       1       0                               0D     94
     142      64       0       0       0                        00010500D     95
     142       0       0       1       0                               0D     96
     144      65       0       0       1                        00010000D     97
     144       0      -1       1       0                               0D     98
     110      66       0       0       0                        01010000D     99
     110       0       0       1       0                               0D    100
     110      67       0       0       0                        01010000D    101
     110       0       0       1       0                               0D    102
     120      68       0       0       0                        01010000D    103
     120       0       0       1       0                               0D    104
     126      69       0       0       0                        01010500D    105
     126       0       0       2       0                               0D    106
     110      71       0       0       0                        01010000D    107
     110       0       0       1       0                               0D    108
     126      72       0       0       0                        01010500D    109
     126       0       0       2       0                               0D    110
     124      74       0       0       0                        00000000D    111
     124       0       0       3       0                               0D    112
     100      77       0       0       0             111        01010000D    113
     100       0       0       1       0                               0D    114
     126      78       0       0       0                        01010500D    115
     126       0       0       2       0                               0D    116
     110      80       0       0       0                        01010000D    117
     110       0       0       1       0                               0D    118
     126      81       0       0       0                        01010500D    119
     126       0       0       2       0                               0D    120
     100      83       0       0       0                        01010000D    121
     100       0       0       1       0                               0D    122
     102      84       0       0       0                        01010500D    123
     102       0       0       1       0                               0D    124
     102      85       0       0       0                        01010000D    125
     102       0       0       1       0                               0D    126
     142      86       0       0       0                        00010500D    127
     142       0       0       1       0                               0D    128
     144      87       0       0       1                        00010000D    129
     144       0      -1       1       0                               0D    130
     110      88       0       0       0                        01010000D    131
     110       0       0       1       0                               0D    132
     110      89       0       0       0                        01010000D    133
     110       0       0       1       0                               0D    134
     120      90       0       0       0                        01010000D    135
     120       0       0       1       0                               0D    136
     126      91       0       0       0                        01010500D    137
     126       0       0       2       0                               0D    138
     110      93       0       0       0                        01010000D    139
     110       0       0       1       0                               0D    140
     126      94       0       0       0                        01010500D    141
     126       0       0       2       0                               0D    142
     124      96       0       0       0                        00000000D    143
     124       0       0       2       0                               0D    144
     100      98       0       0       0             143        01010000D    145
     100       0       0       1       0                               0D    146
     126      99       0       0       0                        01010500D    147
     126       0       0       2       0                               0D    148
     110     101       0       0       0                        01010000D    149
     110       0       0       1       0                               0D    150
     126     102       0       0       0                        01010500D    151
     126       0       0       2       0                               0D    152
     100     104       0       0       0                        01010000D    153
     100       0       0       1       0                               0D    154
     102     105       0       0       0                        01010500D    155
     102       0       0       1       0                               0D    156
     102     106       0       0       0                        01010000D    157
     102       0       0       1       0                               0D    158
     142     107       0       0       0                        00010500D    159
     142       0       0       1       0                               0D    160
     144     108       0       0       1                        00010000D    161
     144       0      -1       1       0                               0D    162
     110     109       0       0       0                        01010000D    163
     110       0       0       1       0                               0D    164
     110     110       0       0       0                        01010000D    165
     110       0       0       1       0                               0D    166
     120     111       0       0       0                        01010000D    167
     120       0       0       1       0                               0D    168
     126     112       0       0       0                        01010500D    169
     126       0       0       2       0                               0D    170
     110     114       0       0       0                        01010000D    171
     110       0       0       1       0                               0D    172
     126     115       0       0       0                        01010500D    173
     126       0       0       2       0                               0D    174
     124     117       0       0       0                        00000000D    175
     124       0       0       2       0                               0D    176
     100     119       0       0       0             175        01010000D    177
     100       0       0       1       0                               0D    178
     126     120       0       0       0                        01010500D    179
     126       0       0       2       0                               0D    180
     110     122       0       0       0                        01010000D    181
     110       0       0       1       0                               0D    182
     126     123       0       0       0                        01010500D    183
     126       0       0       2       0                               0D    184
     100     125       0       0       0                        01010000D    185
     100       0       0       1       0                               0D    186
     102     126       0       0       0                        01010500D    187
     102       0       0       1       0                               0D    188
     102     127       0       0       0                        01010000D    189
     102       0       0       1       0                               0D    190
     142     128       0       0       0                        00010500D    191
     142       0       0       1       0                               0D    192
     144     129       0       0       1                        00010000D    193
     144       0      -1       1       0                               0D    194
     110     130       0       0       0                        01010000D    195
     110       0       0       1       0                               0D    196
     110     131       0       0       0                        01010000D    197
     110       0       0       1       0                               0D    198
     120     132       0       0       0                        01010000D    199
     120       0       0       1       0                               0D    200
     126     133       0       0       0                        01010500D    201
     126       0       0       2       0                               0D    202
     110     135       0       0       0                        01010000D    203
     110       0       0       1       0                               0D    204
     126     136       0       0       0                        01010500D    205
     126       0       0       2       0                               0D    206
     124     138       0       0       0                        00000000D    207
     124       0       0       2       0                               0D    208
     100     140       0       0       0             207        01010000D    209
     100       0       0       1       0                               0D    210
     126     141       0       0       0                        01010500D    211
     126       0       0       2       0                               0D    212
     110     143       0       0       0                        01010000D    213
     110       0       0       1       0                               0D    214
     126     144       0       0       0                        01010500D    215
     126       0       0       2       0                               0D    216
     100     146       0       0       0                        01010000D    217
     100       0       0       1       0                               0D    218
     102     147       0       0       0                        01010500D    219
     102       0       0       1       0                               0D    220
     102     148       0       0       0                        01010000D    221
     102       0       0       1       0                               0D    222
     142     149       0       0       0                        00010500D    223
     142       0       0       1       0                               0D    224
     144     150       0       0       1                        00010000D    225
     144       0      -1       1       0                               0D    226
     110     151       0       0       0                        01010000D    227
     110       0       0       1       0                               0D    228
     110     152       0       0       0                        01010000D    229
     110       0       0       1       0                               0D    230
     120     153       0       0       0                        01010000D    231
     120       0       0       1       0                               0D    232
     126     154       0       0       0                        01010500D    233
     126       0       0       2       0                               0D    234
     110     156       0       0       0                        01010000D    235
     110       0       0       1       0                               0D    236
     126     157       0       0       0                        01010500D    237
     126       0       0       2       0                               0D    238
     124     159       0       0       0                        00000000D    239
     124       0       0       3       0                               0D    240
     100     162       0       0       0             239        01010000D    241
     100       0       0       1       0                               0D    242
     126     163       0       0       0                        01010500D    243
     126       0       0       2       0                               0D    244
     110     165       0       0       0                        01010000D    245
     110       0       0       1       0                               0D    246
     126     166       0       0       0                        01010500D    247
     126       0       0       2       0                               0D    248
     100     168       0       0       0                        01010000D    249
     100       0       0       1       0                               0D    250
     102     169       0       0       0                        01010500D    251
     102       0       0       1       0                               0D    252
     102     170       0       0       0                        01010000D    253
     102       0       0       1       0                               0D    254
     142     171       0       0       0                        00010500D    255
     142       0       0       1       0                               0D    256
     144     172       0       0       1                        00010000D    257
     144       0      -1       1       0                               0D    258
     110     173       0       0       0                        01010000D    259
     110       0       0       1       0                               0D    260
     110     174       0       0       0                        01010000D    261
     110       0       0       1       0                               0D    262
     120     175       0       0       0                        01010000D    263
     120       0       0       1       0                               0D    264
     126     176       0       0       0                        01010500D    265
     126       0       0       2       0                               0D    266
     110     178       0       0       0                        01010000D    267
     110       0       0       1       0                               0D    268
     126     179       0       0       0                        01010500D    269
     126       0       0       2       0                               0D    270
     124     181       0       0       0                        00000000D    271
     124       0       0       2       0                               0D    272
     100     183       0       0       0             271        01010000D    273
     100       0       0       1       0                               0D    274
     126     184       0       0       0                        01010500D    275
     126       0       0       2       0                               0D    276
     110     186       0       0       0                        01010000D    277
     110       0       0       1       0                               0D    278
     126     187       0       0       0                        01010500D    279
     126       0       0       2       0                               0D    280
     100     189       0       0       0                        01010000D    281
     100       0       0       1       0                               0D    282
     102     190       0       0       0                        01010500D    283
     102       0       0       1       0                               0D    284
     102     191       0       0       0                        01010000D    285
     102       0       0       1       0                               0D    286
     142     192       0       0       0                        00010500D    287
     142       0       0       1       0                               0D    288
     144     193       0       0       1                        00010000D    289
     144       0      -1       1       0                               0D    290
     110     194       0       0       0                        01010000D    291
     110       0       0       1       0                               0D    292
     110     195       0       0       0                        01010000D    293
     110       0       0       1       0                               0D    294
     120     196       0       0       0                        01010000D    295
     120       0       0       1       0                               0D    296
     126     197       0       0       0                        01010500D    297
     126       0       0       2       0                               0D    298
     110     199       0       0       0                        01010000D    299
     110       0       0       1       0                               0D    300
     126     200       0       0       0                        01010500D    301
     126       0       0       2       0                               0D    302
     124     202       0       0       0                        00000000D    303
     124       0       0       2       0                               0D    304
     100     204       0       0       0             303        01010000D    305
     100       0       0       1       0                               0D    306
     126     205       0       0       0                        01010500D    307
     126       0       0       2       0                               0D    308
     110     207       0       0       0                        01010000D    309
     110       0       0       1       0                               0D    310
     126     208       0       0       0                        01010500D    311
     126       0       0       2       0                               0D    312
     100     210       0       0       0                        01010000D    313
     100       0       0       1       0                               0D    314
     102     211       0       0       0                        01010500D    315
     102       0       0       1       0                               0D    316
     102     212       0       0       0                        01010000D    317
     102       0       0       1       0                               0D    318
     142     213       0       0       0                        00010500D    319
     142       0       0       1       0                               0D    320
     144     214       0       0       1                        00010000D    321
     144       0      -1       1       0                               0D    322
     110     215       0       0       0                        01010000D    323
     110       0       0       1       0                               0D    324
     110     216       0       0       0                        01010000D    325
     110       0       0       1       0                               0D    326
     120     217       0       0       0                        01010000D    327
     120       0       0       1       0                               0D    328
     126     218       0       0       0                        01010500D    329
     126       0       0       2       0                               0D    330
     110     220       0       0       0                        01010000D    331
     110       0       0       1       0                               0D    332
     126     221       0       0       0                        01010500D    333
     126       0       0       2       0                               0D    334
     124     223       0       0       0                        00000000D    335
     124       0       0       2       0                               0D    336
     100     225       0       0       0             335        01010000D    337
     100       0       0       1       0                               0D    338
     126     226       0       0       0                        01010500D    339
     126       0       0       2       0                               0D    340
     110     228       0       0       0                        01010000D    341
     110       0       0       1       0                               0D    342
     126     229       0       0       0                        01010500D    343
     126       0       0       2       0                               0D    344
     100     231       0       0       0                        01010000D    345
     100       0       0       1       0                               0D    346
     102     232       0       0       0                        01010500D    347
     102       0       0       1       0                               0D    348
     102     233       0       0       0                        01010000D    349
     102       0       0       1       0                               0D    350
     142     234       0       0       0                        00010500D    351
     142       0       0       1       0                               0D    352
     144     235       0       0       1                        00010000D    353
     144       0      -1       1       0                               0D    354
     110     236       0       0       0                        01010000D    355
     110       0       0       1       0                               0D    356
     110     237       0       0       0                        01010000D    357
     110       0       0       1       0                               0D    358
     120     238       0       0       0                        01010000D    359
     120       0       0       1       0                               0D    360
     126     239       0       0       0                        01010500D    361
     126       0       0       2       0                               0D    362
     110     241       0       0       0                        01010000D    363
     110       0       0       1       0                               0D    364
     126     242       0       0       0                        01010500D    365
     126       0       0       2       0                               0D    366
     124     244       0       0       0                        00000000D    367
     124       0       0       2       0                               0D    368
     100     246       0       0       0             367        01010000D    369
     100       0       0       1       0                               0D    370
     126     247       0       0       0                        01010500D    371
     126       0       0       2       0                               0D    372
     110     249       0       0       0                        01010000D    373
     110       0       0       1       0                               0D    374
     126     250       0       0       0                        01010500D    375
     126       0       0       2       0                               0D    376
     100     252       0       0       0                        01010000D    377
     100       0       0       1       0                               0D    378
     102     253       0       0       0                        01010500D    379
     102       0       0       1       0                               0D    380
     102     254       0       0       0                        01010000D    381
     102       0       0       1       0                               0D    382
     142     255       0       0       0                        00010500D    383
     142       0       0       1       0                               0D    384
     144     256       0       0       1                        00010000D    385
     144       0      -1       1       0                               0D    386
     110     257       0       0       0                        01010000D    387
     110       0       0       1       0                               0D    388
     110     258       0       0       0                        01010000D    389
     110       0       0       1       0                               0D    390
     120     259       0       0       0                        01010000D    391
     120       0       0       1       0                               0D    392
     126     260       0       0       0                        01010500D    393
     126       0       0       2       0                               0D    394
     110     262       0       0       0                        01010000D    395
     110       0       0       1       0                               0D    396
     126     263       0       0       0                        01010500D    397
     126       0       0       2       0                               0D    398
     124     265       0       0       0                        00000000D    399
     124       0       0       2       0                               0D    400
     100     267       0       0       0             399        01010000D    401
     100       0       0       1       0                               0D    402
     126     268       0       0       0                        01010500D    403
     126       0       0       2       0                               0D    404
     110     270       0       0       0                        01010000D    405
     110       0       0       1       0                               0D    406
     126     271       0       0       0                        01010500D    407
     126       0       0       2       0                               0D    408
     100     273       0       0       0                        01010000D    409
     100       0       0       1       0                               0D    410
     102     274       0       0       0                        01010500D    411
     102       0       0       1       0                               0D    412
     102     275       0       0       0                        01010000D    413
     102       0       0       1       0                               0D    414
     142     276       0       0       0                        00010500D    415
     142       0       0       1       0                               0D    416
     144     277       0       0       1                        00010000D    417
     144       0      -1       1       0                               0D    418
     110     278       0       0       0                        01010000D    419
     110       0       0       1       0                               0D    420
     110     279       0       0       0                        01010000D    421
     110       0       0       1       0                               0D    422
     120     280       0       0       0                        01010000D    423
     120       0       0       1       0                               0D    424
     126     281       0       0       0                        01010500D    425
     126       0       0       2       0                               0D    426
     110     283       0       0       0                        01010000D    427
     110       0       0       1       0                               0D    428
     126     284       0       0       0                        01010500D    429
     126       0       0       2       0                               0D    430
     124     286       0       0       0                        00000000D    431
     124       0       0       2       0                               0D    432
     100     288       0       0       0             431        01010000D    433
     100       0       0       1       0                               0D    434
     126     289       0       0       0                        01010500D    435
     126       0       0       2       0                               0D    436
     110     291       0       0       0                        01010000D    437
     110       0       0       1       0                               0D    438
     126     292       0       0       0                        01010500D    439
     126       0       0       2       0                               0D    440
     100     294       0       0       0                        01010000D    441
     100       0       0       1       0                               0D    442
     102     295       0       0       0                        01010500D    443
     102       0       0       1       0                               0D    444
     102     296       0       0       0                        01010000D    445
     102       0       0       1       0                               0D    446
     142     297       0       0       0                        00010500D    447
     142       0       0       1       0                               0D    448
     144     298       0       0       1                        00010000D    449
     144       0      -1       1       0                               0D    450
     110     299       0       0       0                        01010000D    451
     110       0       0       1       0                               0D    452
     110     300       0       0       0                        01010000D    453
     110       0       0       1       0                               0D    454
     120     301       0       0       0                        01010000D    455
     120       0       0       1       0                               0D    456
     126     302       0       0       0                        01010500D    457
     126       0       0       2       0                               0D    458
     110     304       0       0       0                        01010000D    459
     110       0       0       1       0                               0D    460
     126     305       0       0       0                        01010500D    461
     126       0       0       2       0                               0D    462
     124     307       0       0       0                        00000000D    463
     124       0       0       2       0                               0D    464
     100     309       0       0       0             463        01010000D    465
     100       0       0       1       0                               0D    466
     126     310       0       0       0                        01010500D    467
     126       0       0       2       0                               0D    468
     110     312       0       0       0                        01010000D    469
     110       0       0       1       0                               0D    470
     126     313       0       0       0                        01010500D    471
     126       0       0       2       0                               0D    472
     100     315       0       0       0                        01010000D    473
     100       0       0       1       0                               0D    474
     102     316       0       0       0                        01010500D    475
     102       0       0       1       0                               0D    476
     102     317       0       0       0                        01010000D    477
     102       0       0       1       0                               0D    478
     142     318       0       0       0                        00010500D    479
     142       0       0       1       0                               0D    480
     144     319       0       0       1                        00010000D    481
     144       0      -1       1       0                               0D    482
     110     320       0       0       0                        01010000D    483
     110       0       0       1       0                               0D    484
     110     321       0       0       0                        01010000D    485
     110       0       0       1       0                               0D    486
     120     322       0       0       0                        01010000D    487
     120       0       0       1       0                               0D    488
     126     323       0       0       0                        01010500D    489
     126       0       0       2       0                               0D    490
     110     325       0       0       0                        01010000D    491
     110       0       0       1       0                               0D    492
     126     326       0       0       0                        01010500D    493
     126       0       0       2       0                               0D    494
     124     328       0       0       0                        00000000D    495
     124       0       0       2       0                               0D    496
     100     330       0       0       0             495        01010000D    497
     100       0       0       1       0                               0D    498
     126     331       0       0       0                        01010500D    499
     126       0       0       2       0                               0D    500
     110     333       0       0       0                        01010000D    501
     110       0       0       1       0                               0D    502
     126     334       0       0       0                        01010500D    503
     126       0       0       2       0                               0D    504
     100     336       0       0       0                        01010000D    505
     100       0       0       1       0                               0D    506
     102     337       0       0       0                        01010500D    507
     102       0       0       1       0                               0D    508
     102     338       0       0       0                        01010000D    509
     102       0       0       1       0                               0D    510
     142     339       0       0       0                        00010500D    511
     142       0       0       1       0                               0D    512
     144     340       0       0       1                        00010000D    513
     144       0      -1       1       0                               0D    514
     110     341       0       0       0                        01010000D    515
     110       0       0       1       0                               0D    516
     110     342       0       0       0                        01010000D    517
     110       0       0       1       0                               0D    518
     120     343       0       0       0                        01010000D    519
     120       0       0       1       0                               0D    520
     126     344       0       0       0                        01010500D    521
     126       0       0       2       0                               0D    522
     110     346       0       0       0                        01010000D    523
     110       0       0       1       0                               0D    524
     126     347       0       0       0                        01010500D    525
     126       0       0       2       0                               0D    526
     124     349       0       0       0                        00000000D    527
     124       0       0       3       0                               0D    528
     100     352       0       0       0             527        01010000D    529
     100       0       0       1       0                               0D    530
     126     353       0       0       0                        01010500D    531
     126       0       0       2       0                               0D    532
     110     355       0       0       0                        01010000D    533
     110       0       0       1       0                               0D    534
     126     356       0       0       0                        01010500D    535
     126       0       0       2       0                               0D    536
     100     358       0       0       0                        01010000D    537
     100       0       0       1       0                               0D    538
     102     359       0       0       0                        01010500D    539
     102       0       0       1       0                               0D    540
     102     360       0       0       0                        01010000D    541
     102       0       0       1       0                               0D    542
     142     361       0       0       0                        00010500D    543
     142       0       0       1       0                               0D    544
     144     362       0       0       1                        00010000D    545
     144       0      -1       1       0                               0D    546
     110     363       0       0       0                        01010000D    547
     110       0       0       1       0                               0D    548
     110     364       0       0       0                        01010000D    549
     110       0       0       1       0                               0D    550
     120     365       0       0       0                        01010000D    551
     120       0       0       1       0                               0D    552
     126     366       0       0       0                        01010500D    553
     126       0       0       2       0                               0D    554
     110     368       0       0       0                        01010000D    555
     110       0       0       1       0                               0D    556
     126     369       0       0       0                        01010500D    557
     126       0       0       2       0                               0D    558
     124     371       0       0       0                        00000000D    559
     124       0       0       4       0                               0D    560
     100     375       0       0       0             559        01010000D    561
     100       0       0       1       0                               0D    562
     126     376       0       0       0                        01010500D    563
     126       0       0       2       0                               0D    564
     110     378       0       0       0                        01010000D    565
     110       0       0       1       0                               0D    566
     126     379       0       0       0                        01010500D    567
     126       0       0       2       0                               0D    568
     100     381       0       0       0                        01010000D    569
     100       0       0       1       0                               0D    570
     102     382       0       0       0                        01010500D    571
     102       0       0       1       0                               0D    572
     102     383       0       0       0                        01010000D    573
     102       0       0       1       0                               0D    574
     142     384       0       0       0                        00010500D    575
     142       0       0       1       0                               0D    576
     144     385       0       0       1                        00010000D    577
     144       0      -1       1       0                               0D    578
     110     386       0       0       0                        01010000D    579
     110       0       0       1       0                               0D    580
     110     387       0       0       0                        01010000D    581
     110       0       0       1       0                               0D    582
     120     388       0       0       0                        01010000D    583
     120       0       0       1       0                               0D    584
     126     389       0       0       0                        01010500D    585
     126       0       0       2       0                               0D    586
     110     391       0       0       0                        01010000D    587
     110       0       0       1       0                               0D    588
     126     392       0       0       0                        01010500D    589
     126       0       0       2       0                               0D    590
     124     394       0       0       0                        00000000D    591
     124       0       0       3       0                               0D    592
     100     397       0       0       0             591        01010000D    593
     100       0       0       1       0                               0D    594
     126     398       0       0       0                        01010500D    595
     126       0       0       2       0                               0D    596
     110     400       0       0       0                        01010000D    597
     110       0       0       1       0                               0D    598
     126     401       0       0       0                        01010500D    599
     126       0       0       2       0                               0D    600
     100     403       0       0       0                        01010000D    601
     100       0       0       1       0                               0D    602
     102     404       0       0       0                        01010500D    603
     102       0       0       1       0                               0D    604
     102     405       0       0       0                        01010000D    605
     102       0       0       1       0                               0D    606
     142     406       0       0       0                        00010500D    607
     142       0       0       1       0                               0D    608
     144     407       0       0       1                        00010000D    609
     144       0      -1       1       0                               0D    610
     110     408       0       0       0                        01010000D    611
     110       0       0       1       0                               0D    612
     110     409       0       0       0                        01010000D    613
     110       0       0       1       0                               0D    614
     120     410       0       0       0                        01010000D    615
     120       0       0       1       0                               0D    616
     126     411       0       0       0                        01010500D    617
     126       0       0       2       0                               0D    618
     110     413       0       0       0                        01010000D    619
     110       0       0       1       0                               0D    620
     126     414       0       0       0                        01010500D    621
     126       0       0       2       0                               0D    622
     124     416       0       0       0                        00000000D    623
     124       0       0       3       0                               0D    624
     100     419       0       0       0             623        01010000D    625
     100       0       0       1       0                               0D    626
     126     420       0       0       0                        01010500D    627
     126       0       0       2       0                               0D    628
     110     422       0       0       0                        01010000D    629
     110       0       0       1       0                               0D    630
     126     423       0       0       0                        01010500D    631
     126       0       0       2       0                               0D    632
     100     425       0       0       0                        01010000D    633
     100       0       0       1       0                               0D    634
     102     426       0       0       0                        01010500D    635
     102       0       0       1       0                               0D    636
     102     427       0       0       0                        01010000D    637
     102       0       0       1       0                               0D    638
     142     428       0       0       0                        00010500D    639
     142       0       0       1       0                               0D    640
     144     429       0       0       1                        00010000D    641
     144       0      -1       1       0                               0D    642
     110     430       0       0       0                        01010000D    643
     110       0       0       1       0                               0D    644
     110     431       0       0       0                        01010000D    645
     110       0       0       1       0                               0D    646
     120     432       0       0       0                        01010000D    647
     120       0       0       1       0                               0D    648
     126     433       0       0       0                        01010500D    649
     126       0       0       2       0                               0D    650
     110     435       0       0       0                        01010000D    651
     110       0       0       1       0                               0D    652
     126     436       0       0       0                        01010500D    653
     126       0       0       2       0                               0D    654
     124     438       0       0       0                        00000000D    655
     124       0       0       4       0                               0D    656
     100     442       0       0       0             655        01010000D    657
     100       0       0       1       0                               0D    658
     126     443       0       0       0                        01010500D    659
     126       0       0       2       0                               0D    660
     110     445       0       0       0                        01010000D    661
     110       0       0       1       0                               0D    662
     126     446       0       0       0                        01010500D    663
     126       0       0       2       0                               0D    664
     100     448       0       0       0                        01010000D    665
     100       0       0       1       0                               0D    666
     102     449       0       0       0                        01010500D    667
     102       0       0       1       0                               0D    668
     102     450       0       0       0                        01010000D    669
     102       0       0       1       0                               0D    670
     142     451       0       0       0                        00010500D    671
     142       0       0       1       0                               0D    672
     144     452       0       0       1                        00010000D    673
     144       0      -1       1       0                               0D    674
     110     453       0       0       0                        01010000D    675
     110       0       0       1       0                               0D    676
     110     454       0       0       0                        01010000D    677
     110       0       0       1       0                               0D    678
     120     455       0       0       0                        01010000D    679
     120       0       0       1       0                               0D    680
     126     456       0       0       0                        01010500D    681
     126       0       0       2       0                               0D    682
     110     458       0       0       0                        01010000D    683
     110       0       0       1       0                               0D    684
     126     459       0       0       0                        01010500D    685
     126       0       0       2       0                               0D    686
     124     461       0       0       0                        00000000D    687
     124       0       0       2       0                               0D    688
     100     463       0       0       0             687        01010000D    689
     100       0       0       1       0                               0D    690
     126     464       0       0       0                        01010500D    691
     126       0       0       2       0                               0D    692
     110     466       0       0       0                        01010000D    693
     110       0       0       1       0                               0D    694
     126     467       0       0       0                        01010500D    695
     126       0       0       2       0                               0D    696
     100     469       0       0       0                        01010000D    697
     100       0       0       1       0                               0D    698
     102     470       0       0       0                        01010500D    699
     102       0       0       1       0                               0D    700
     102     471       0       0       0                        01010000D    701
     102       0       0       1       0                               0D    702
     142     472       0       0       0                        00010500D    703
     142       0       0       1       0                               0D    704
     144     473       0       0       1                        00010000D    705
     144       0      -1       1       0                               0D    706
     110     474       0       0       0                        01010000D    707
     110       0       0       1       0                               0D    708
     110     475       0       0       0                        01010000D    709
     110       0       0       1       0                               0D    710
     120     476       0       0       0                        01010000D    711
     120       0       0       1       0                               0D    712
     126     477       0       0       0                        01010500D    713
     126       0       0       2       0                               0D    714
     110     479       0       0       0                        01010000D    715
     110       0       0       1       0                               0D    716
     126     480       0       0       0                        01010500D    717
     126       0       0       2       0                               0D    718
     124     482       0       0       0                        00000000D    719
     124       0       0       2       0                               0D    720
     100     484       0       0       0             719        01010000D    721
     100       0       0       1       0                               0D    722
     126     485       0       0       0                        01010500D    723
     126       0       0       2       0                               0D    724
     110     487       0       0       0                        01010000D    725
     110       0       0       1       0                               0D    726
     126     488       0       0       0                        01010500D    727
     126       0       0       2       0                               0D    728
     100     490       0       0       0                        01010000D    729
     100       0       0       1       0                               0D    730
     102     491       0       0       0                        01010500D    731
     102       0       0       1       0                               0D    732
     102     492       0       0       0                        01010000D    733
     102       0       0       1       0                               0D    734
     142     493       0       0       0                        00010500D    735
     142       0       0       1       0                               0D    736
     144     494       0       0       1                        00010000D    737
     144       0      -1       1       0                               0D    738
     110     495       0       0       0                        01010000D    739
     110       0       0       1       0                               0D    740
     110     496       0       0       0                        01010000D    741
     110       0       0       1       0                               0D    742
     120     497       0       0       0                        01010000D    743
     120       0       0       1       0                               0D    744
     126     498       0       0       0                        01010500D    745
     126       0       0       2       0                               0D    746
     110     500       0       0       0                        01010000D    747
     110       0       0       1       0                               0D    748
     126     501       0       0       0                        01010500D    749
     126       0       0       2       0                               0D    750
     124     503       0       0       0                        00000000D    751
     124       0       0       2       0                               0D    752
     100     505       0       0       0             751        01010000D    753
     100       0       0       1       0                               0D    754
     126     506       0       0       0                        01010500D    755
     126       0       0       2       0                               0D    756
     110     508       0       0       0                        01010000D    757
     110       0       0       1       0                               0D    758
     126     509       0       0       0                        01010500D    759
     126       0       0       2       0                               0D    760
     100     511       0       0       0                        01010000D    761
     100       0       0       1       0                               0D    762
     102     512       0       0       0                        01010500D    763
     102       0       0       1       0                               0D    764
     102     513       0       0       0                        01010000D    765
     102       0       0       1       0                               0D    766
     142     514       0       0       0                        00010500D    767
     142       0       0       1       0                               0D    768
     144     515       0       0       1                        00010000D    769
     144       0      -1       1       0                               0D    770
     110     516       0       0       0                        01010000D    771
     110       0       0       1       0                               0D    772
     110     517       0       0       0                        01010000D    773
     110       0       0       1       0                               0D    774
     120     518       0       0       0                        01010000D    775
     120       0       0       1       0                               0D    776
     126     519       0       0       0                        01010500D    777
     126       0       0       2       0                               0D    778
     110     521       0       0       0                        01010000D    779
     110       0       0       1       0                               0D    780
     126     522       0       0       0                        01010500D    781
     126       0       0       2       0                               0D    782
     124     524       0       0       0                        00000000D    783
     124       0       0       2       0                               0D    784
     100     526       0       0       0             783        01010000D    785
     100       0       0       1       0                               0D    786
     126     527       0       0       0                        01010500D    787
     126       0       0       2       0                               0D    788
     110     529       0       0       0                        01010000D    789
     110       0       0       1       0                               0D    790
     126     530       0       0       0                        01010500D    791
     126       0       0       2       0                               0D    792
     100     532       0       0       0                        01010000D    793
     100       0       0       1       0                               0D    794
     102     533       0       0       0                        01010500D    795
     102       0       0       1       0                               0D    796
     102     534       0       0       0                        01010000D    797
     102       0       0       1       0                               0D    798
     142     535       0       0       0                        00010500D    799
     142       0       0       1       0                               0D    800
     144     536       0       0       1                        00010000D    801
     144       0      -1       1       0                               0D    802
     110     537       0       0       0                        01010000D    803
     110       0       0       1       0                               0D    804
     110     538       0       0       0                        01010000D    805
     110       0       0       1       0                               0D    806
     120     539       0       0       0                        01010000D    807
     120       0       0       1       0                               0D    808
     126     540       0       0       0                        01010500D    809
     126       0       0       2       0                               0D    810
     110     542       0       0       0                        01010000D    811
     110       0       0       1       0                               0D    812
     126     543       0       0       0                        01010500D    813
     126       0       0       2       0                               0D    814
     124     545       0       0       0                        00000000D    815
     124       0       0       4       0                               0D    816
     100     549       0       0       0             815        01010000D    817
     100       0       0       1       0                               0D    818
     126     550       0       0       0                        01010500D    819
     126       0       0       2       0                               0D    820
     110     552       0       0       0                        01010000D    821
     110       0       0       1       0                               0D    822
     126     553       0       0       0                        01010500D    823
     126       0       0       2       0                               0D    824
     100     555       0       0       0                        01010000D    825
     100       0       0       1       0                               0D    826
     102     556       0       0       0                        01010500D    827
     102       0       0       1       0                               0D    828
     102     557       0       0       0                        01010000D    829
     102       0       0       1       0                               0D    830
     142     558       0       0       0                        00010500D    831
     142       0       0       1       0                               0D    832
     144     559       0       0       1                        00010000D    833
     144       0      -1       1       0                               0D    834
     110     560       0       0       0                        01010000D    835
     110       0       0       1       0                               0D    836
     110     561       0       0       0                        01010000D    837
     110       0       0       1       0                               0D    838
     120     562       0       0       0                        01010000D    839
     120       0       0       1       0                               0D    840
     126     563       0       0       0                        01010500D    841
     126       0       0       2       0                               0D    842
     110     565       0       0       0                        01010000D    843
     110       0       0       1       0                               0D    844
     126     566       0       0       0                        01010500D    845
     126       0       0       2       0                               0D    846
     124     568       0       0       0                        00000000D    847
     124       0       0       2       0                               0D    848
     100     570       0       0       0             847        01010000D    849
     100       0       0       1       0                               0D    850
     126     571       0       0       0                        01010500D    851
     126       0       0       2       0                               0D    852
     110     573       0       0       0                        01010000D    853
     110       0       0       1       0                               0D    854
     126     574       0       0       0                        01010500D    855
     126       0       0       2       0                               0D    856
     100     576       0       0       0                        01010000D    857
     100       0       0       1       0                               0D    858
     102     577       0       0       0                        01010500D    859
     102       0       0       1       0                               0D    860
     102     578       0       0       0                        01010000D    861
     102       0       0       1       0                               0D    862
     142     579       0       0       0                        00010500D    863
     142       0       0       1       0                               0D    864
     144     580       0       0       1                        00010000D    865
     144       0      -1       1       0                               0D    866
     110     581       0       0       0                        01010000D    867
     110       0       0       1       0                               0D    868
     110     582       0       0       0                        01010000D    869
     110       0       0       1       0                               0D    870
     120     583       0       0       0                        01010000D    871
     120       0       0       1       0                               0D    872
     126     584       0       0       0                        01010500D    873
     126       0       0       2       0                               0D    874
     110     586       0       0       0                        01010000D    875
     110       0       0       1       0                               0D    876
     126     587       0       0       0                        01010500D    877
     126       0       0       2       0                               0D    878
     124     589       0       0       0                        00000000D    879
     124       0       0       2       0                               0D    880
     100     591       0       0       0             879        01010000D    881
     100       0       0       1       0                               0D    882
     126     592       0       0       0                        01010500D    883
     126       0       0       2       0                               0D    884
     110     594       0       0       0                        01010000D    885
     110       0       0       1       0                               0D    886
     126     595       0       0       0                        01010500D    887
     126       0       0       2       0                               0D    888
     100     597       0       0       0                        01010000D    889
     100       0       0       1       0                               0D    890
     102     598       0       0       0                        01010500D    891
     102       0       0       1       0                               0D    892
     102     599       0       0       0                        01010000D    893
     102       0       0       1       0                               0D    894
     142     600       0       0       0                        00010500D    895
     142       0       0       1       0                               0D    896
     144     601       0       0       1                        00010000D    897
     144       0      -1       1       0                               0D    898
     110     602       0       0       0                        01010000D    899
     110       0       0       1       0                               0D    900
     110     603       0       0       0                        01010000D    901
     110       0       0       1       0                               0D    902
     120     604       0       0       0                        01010000D    903
     120       0       0       1       0                               0D    904
     126     605       0       0       0                        01010500D    905
     126       0       0       2       0                               0D    906
     110     607       0       0       0                        01010000D    907
     110       0       0       1       0                               0D    908
     126     608       0       0       0                        01010500D    909
     126       0       0       2       0                               0D    910
     124     610       0       0       0                        00000000D    911
     124       0       0       2       0                               0D    912
     100     612       0       0       0             911        01010000D    913
     100       0       0       1       0                               0D    914
     126     613       0       0       0                        01010500D    915
     126       0       0       2       0                               0D    916
     110     615       0       0       0                        01010000D    917
     110       0       0       1       0                               0D    918
     126     616       0       0       0                        01010500D    919
     126       0       0       2       0                               0D    920
     100     618       0       0       0                        01010000D    921
     100       0       0       1       0                               0D    922
     102     619       0       0       0                        01010500D    923
     102       0       0       1       0                               0D    924
     102     620       0       0       0                        01010000D    925
     102       0       0       1       0                               0D    926
     142     621       0       0       0                        00010500D    927
     142       0       0       1       0                               0D    928
     144     622       0       0       1                        00010000D    929
     144       0      -1       1       0                               0D    930
     110     623       0       0       0                        01010000D    931
     110       0       0       1       0                               0D    932
     110     624       0       0       0                        01010000D    933
     110       0       0       1       0                               0D    934
     120     625       0       0       0                        01010000D    935
     120       0       0       1       0                               0D    936
     126     626       0       0       0                        01010500D    937
     126       0       0       2       0                               0D    938
     110     628       0       0       0                        01010000D    939
     110       0       0       1       0                               0D    940
     126     629       0       0       0                        01010500D    941
     126       0       0       2       0                               0D    942
     124     631       0       0       0                        00000000D    943
     124       0       0       4       0                               0D    944
     100     635       0       0       0             943        01010000D    945
     100       0       0       1       0                               0D    946
     126     636       0       0       0                        01010500D    947
     126       0       0       2       0                               0D    948
     110     638       0       0       0                        01010000D    949
     110       0       0       1       0                               0D    950
     126     639       0       0       0                        01010500D    951
     126       0       0       2       0                               0D    952
     100     641       0       0       0                        01010000D    953
     100       0       0       1       0                               0D    954
     102     642       0       0       0                        01010500D    955
     102       0       0       1       0                               0D    956
     102     643       0       0       0                        01010000D    957
     102       0       0       1       0                               0D    958
     142     644       0       0       0                        00010500D    959
     142       0       0       1       0                               0D    960
     144     645       0       0       1                        00010000D    961
     144       0      -1       1       0                               0D    962
     110     646       0       0       0                        01010000D    963
     110       0       0       1       0                               0D    964
     110     647       0       0       0                        01010000D    965
     110       0       0       1       0                               0D    966
     120     648       0       0       0                        01010000D    967
     120       0       0       1       0                               0D    968
     126     649       0       0       0                        01010500D    969
     126       0       0       2       0                               0D    970
     110     651       0       0       0                        01010000D    971
     110       0       0       1       0                               0D    972
     126     652       0       0       0                        01010500D    973
     126       0       0       2       0                               0D    974
     124     654       0       0       0                        00000000D    975
     124       0       0       2       0                               0D    976
     100     656       0       0       0             975        01010000D    977
     100       0       0       1       0                               0D    978
     126     657       0       0       0                        01010500D    979
     126       0       0       2       0                               0D    980
     110     659       0       0       0                        01010000D    981
     110       0       0       1       0                               0D    982
     126     660       0       0       0                        01010500D    983
     126       0       0       2       0                               0D    984
     100     662       0       0       0                        01010000D    985
     100       0       0       1       0                               0D    986
     102     663       0       0       0                        01010500D    987
     102       0       0       1       0                               0D    988
     102     664       0       0       0                        01010000D    989
     102       0       0       1       0                               0D    990
     142     665       0       0       0                        00010500D    991
     142       0       0       1       0                               0D    992
     144     666       0       0       1                        00010000D    993
     144       0      -1       1       0                               0D    994
     110     667       0       0       0                        01010000D    995
     110       0       0       1       0                               0D    996
     110     668       0       0       0                        01010000D    997
     110       0       0       1       0                               0D    998
     120     669       0       0       0                        01010000D    999
     120       0       0       1       0                               0D   1000
     126     670       0       0       0                        01010500D   1001
     126       0       0       2       0                               0D   1002
     110     672       0       0       0                        01010000D   1003
     110       0       0       1       0                               0D   1004
     126     673       0       0       0                        01010500D   1005
     126       0       0       2       0                               0D   1006
     124     675       0       0       0                        00000000D   1007
     124       0       0       2       0                               0D   1008
     100     677       0       0       0            1007        01010000D   1009
     100       0       0       1       0                               0D   1010
     126     678       0       0       0                        01010500D   1011
     126       0       0       2       0                               0D   1012
     110     680       0       0       0                        01010000D   1013
     110       0       0       1       0                               0D   1014
     126     681       0       0       0                        01010500D   1015
     126       0       0       2       0                               0D   1016
     100     683       0       0       0                        01010000D   1017
     100       0       0       1       0                               0D   1018
     102     684       0       0       0                        01010500D   1019
     102       0       0       1       0                               0D   1020
     102     685       0       0       0                        01010000D   1021
     102       0       0       1       0                               0D   1022
     142     686       0       0       0                        00010500D   1023
     142       0       0       1       0                               0D   1024
     144     687       0       0       1                        00010000D   1025
     144       0      -1       1       0                               0D   1026
     110     688       0       0       0                        01010000D   1027
     110       0       0       1       0                               0D   1028
     110     689       0       0       0                        01010000D   1029
     110       0       0       1       0                               0D   1030
     120     690       0       0       0                        01010000D   1031
     120       0       0       1       0                               0D   1032
     126     691       0       0       0                        01010500D   1033
     126       0       0       2       0                               0D   1034
     110     693       0       0       0                        01010000D   1035
     110       0       0       1       0                               0D   1036
     126     694       0       0       0                        01010500D   1037
     126       0       0       2       0                               0D   1038
     124     696       0       0       0                        00000000D   1039
     124       0       0       2       0                               0D   1040
     100     698       0       0       0            1039        01010000D   1041
     100       0       0       1       0                               0D   1042
     126     699       0       0       0                        01010500D   1043
     126       0       0       2       0                               0D   1044
     110     701       0       0       0                        01010000D   1045
     110       0       0       1       0                               0D   1046
     126     702       0       0       0                        01010500D   1047
     126       0       0       2       0                               0D   1048
     100     704       0       0       0                        01010000D   1049
     100       0       0       1       0                               0D   1050
     102     705       0       0       0                        01010500D   1051
     102       0       0       1       0                               0D   1052
     102     706       0       0       0                        01010000D   1053
     102       0       0       1       0                               0D   1054
     142     707       0       0       0                        00010500D   1055
     142       0       0       1       0                               0D   1056
     144     708       0       0       1                        00010000D   1057
     144       0      -1       1       0                               0D   1058
     110     709       0       0       0                        01010000D   1059
     110       0       0       1       0                               0D   1060
     110     710       0       0       0                        01010000D   1061
     110       0       0       1       0                               0D   1062
     120     711       0       0       0                        01010000D   1063
     120       0       0       1       0                               0D   1064
     126     712       0       0       0                        01010500D   1065
     126       0       0       2       0                               0D   1066
     110     714       0       0       0                        01010000D   1067
     110       0       0       1       0                               0D   1068
     126     715       0       0       0                        01010500D   1069
     126       0       0       2       0                               0D   1070
     124     717       0       0       0                        00000000D   1071
     124       0       0       4       0                               0D   1072
     100     721       0       0       0            1071        01010000D   1073
     100       0       0       1       0                               0D   1074
     126     722       0       0       0                        01010500D   1075
     126       0       0       2       0                               0D   1076
     110     724       0       0       0                        01010000D   1077
     110       0       0       1       0                               0D   1078
     126     725       0       0       0                        01010500D   1079
     126       0       0       2       0                               0D   1080
     100     727       0       0       0                        01010000D   1081
     100       0       0       1       0                               0D   1082
     102     728       0       0       0                        01010500D   1083
     102       0       0       1       0                               0D   1084
     102     729       0       0       0                        01010000D   1085
     102       0       0       1       0                               0D   1086
     142     730       0       0       0                        00010500D   1087
     142       0       0       1       0                               0D   1088
     144     731       0       0       1                        00010000D   1089
     144       0      -1       1       0                               0D   1090
     128     732       0       0       0                        01010000D   1091
     128       0       0       2       0                               0D   1092
     126     734       0       0       0                        01010500D   1093
     126       0       0       2       0                               0D   1094
     110     736       0       0       0                        01010000D   1095
     110       0       0       1       0                               0D   1096
     126     737       0       0       0                        01010500D   1097
     126       0       0       2       0                               0D   1098
     110     739       0       0       0                        01010000D   1099
     110       0       0       1       0                               0D   1100
     126     740       0       0       0                        01010500D   1101
     126       0       0       2       0                               0D   1102
     110     742       0       0       0                        01010000D   1103
     110       0       0       1       0                               0D   1104
     126     743       0       0       0                        01010500D   1105
     126       0       0       2       0                               0D   1106
     110     745       0       0       0                        01010000D   1107
     110       0       0       1       0                               0D   1108
     102     746       0       0       0                        01010500D   1109
     102       0       0       1       0                               0D   1110
     102     747       0       0       0                        01010000D   1111
     102       0       0       1       0                               0D   1112
     142     748       0       0       0                        00010500D   1113
     142       0       0       1       0                               0D   1114
     144     749       0       0       1                        00010000D   1115
     144       0      -1       1       0                               0D   1116
     128     750       0       0       0                        01010000D   1117
     128       0       0       2       0                               0D   1118
     126     752       0       0       0                        01010500D   1119
     126       0       0       2       0                               0D   1120
     110     754       0       0       0                        01010000D   1121
     110       0       0       1       0                               0D   1122
     126     755       0       0       0                        01010500D   1123
     126       0       0       2       0                               0D   1124
     110     757       0       0       0                        01010000D   1125
     110       0       0       1       0                               0D   1126
     126     758       0       0       0                        01010500D   1127
     126       0       0       2       0                               0D   1128
     110     760       0       0       0                        01010000D   1129
     110       0       0       1       0                               0D   1130
     126     761       0       0       0                        01010500D   1131
     126       0       0       2       0                               0D   1132
     110     763       0       0       0                        01010000D   1133
     110       0       0       1       0                               0D   1134
     102     764       0       0       0                        01010500D   1135
     102       0       0       1       0                               0D   1136
     102     765       0       0       0                        01010000D   1137
     102       0       0       1       0                               0D   1138
     142     766       0       0       0                        00010500D   1139
     142       0       0       1       0                               0D   1140
     144     767       0       0       1                        00010000D   1141
     144       0      -1       1       0                               0D   1142
     128     768       0       0       0                        01010000D   1143
     128       0       0       3       0                               0D   1144
     126     771       0       0       0                        01010500D   1145
     126       0       0       2       0                               0D   1146
     110     773       0       0       0                        01010000D   1147
     110       0       0       1       0                               0D   1148
     126     774       0       0       0                        01010500D   1149
     126       0       0       2       0                               0D   1150
     110     776       0       0       0                        01010000D   1151
     110       0       0       1       0                               0D   1152
     126     777       0       0       0                        01010500D   1153
     126       0       0       2       0                               0D   1154
     110     779       0       0       0                        01010000D   1155
     110       0       0       1       0                               0D   1156
     126     780       0       0       0                        01010500D   1157
     126       0       0       2       0                               0D   1158
     110     782       0       0       0                        01010000D   1159
     110       0       0       1       0                               0D   1160
     102     783       0       0       0                        01010500D   1161
     102       0       0       1       0                               0D   1162
     102     784       0       0       0                        01010000D   1163
     102       0       0       1       0                               0D   1164
     142     785       0       0       0                        00010500D   1165
     142       0       0       1       0                               0D   1166
     144     786       0       0       1                        00010000D   1167
     144       0      -1       1       0                               0D   1168
     128     787       0       0       0                        01010000D   1169
     128       0       0       2       0                               0D   1170
     126     789       0       0       0                        01010500D   1171
     126       0       0       2       0                               0D   1172
     110     791       0       0       0                        01010000D   1173
     110       0       0       1       0                               0D   1174
     126     792       0       0       0                        01010500D   1175
     126       0       0       2       0                               0D   1176
     110     794       0       0       0                        01010000D   1177
     110       0       0       1       0                               0D   1178
     126     795       0       0       0                        01010500D   1179
     126       0       0       2       0                               0D   1180
     110     797       0       0       0                        01010000D   1181
     110       0       0       1       0                               0D   1182
     126     798       0       0       0                        01010500D   1183
     126       0       0       2       0                               0D   1184
     110     800       0       0       0                        01010000D   1185
     110       0       0       1       0                               0D   1186
     102     801       0       0       0                        01010500D   1187
     102       0       0       1       0                               0D   1188
     102     802       0       0       0                        01010000D   1189
     102       0       0       1       0                               0D   1190
     142     803       0       0       0                        00010500D   1191
     142       0       0       1       0                               0D   1192
     144     804       0       0       1                        00010000D   1193
     144       0      -1       1       0                               0D   1194
     128     805       0       0       0                        01010000D   1195
     128       0       0       2       0                               0D   1196
     126     807       0       0       0                        01010500D   1197
     126       0       0       2       0                               0D   1198
     110     809       0       0       0                        01010000D   1199
     110       0       0       1       0                               0D   1200
     126     810       0       0       0                        01010500D   1201
     126       0       0       2       0                               0D   1202
     110     812       0       0       0                        01010000D   1203
     110       0       0       1       0                               0D   1204
     126     813       0       0       0                        01010500D   1205
     126       0       0       2       0                               0D   1206
     110     815       0       0       0                        01010000D   1207
     110       0       0       1       0                               0D   1208
     126     816       0       0       0                        01010500D   1209
     126       0       0       2       0                               0D   1210
     110     818       0       0       0                        01010000D   1211
     110       0       0       1       0                               0D   1212
     102     819       0       0       0                        01010500D   1213
     102       0       0       1       0                               0D   1214
     102     820       0       0       0                        01010000D   1215
     102       0       0       1       0                               0D   1216
     142     821       0       0       0                        00010500D   1217
     142       0       0       1       0                               0D   1218
     126     822       0       0       0                        01010500D   1219
     126       0       0      11       0                               0D   1220
     100     833       0       0       0                        01010000D   1221
     100       0       0       1       0                               0D   1222
     126     834       0       0       0                        01010500D   1223
     126       0       0      11       0                               0D   1224
     100     845       0       0       0                        01010000D   1225
     100       0       0       1       0                               0D   1226
     102     846       0       0       0                        01010500D   1227
     102       0       0       1       0                               0D   1228
     102     847       0       0       0                        01010000D   1229
     102       0       0       1       0                               0D   1230
     142     848       0       0       0                        00010500D   1231
     142       0       0       1       0                               0D   1232
     126     849       0       0       0                        01010500D   1233
     126       0       0      10       0                               0D   1234
     100     859       0       0       0                        01010000D   1235
     100       0       0       1       0                               0D   1236
     126     860       0       0       0                        01010500D   1237
     126       0       0      11       0                               0D   1238
     100     871       0       0       0                        01010000D   1239
     100       0       0       1       0                               0D   1240
     102     872       0       0       0                        01010500D   1241
     102       0       0       1       0                               0D   1242
     102     873       0       0       0                        01010000D   1243
     102       0       0       1       0                               0D   1244
     142     874       0       0       0                        00010500D   1245
     142       0       0       1       0                               0D   1246
     126     875       0       0       0                        01010500D   1247
     126       0       0      11       0                               0D   1248
     100     886       0       0       0                        01010000D   1249
     100       0       0       1       0                               0D   1250
     126     887       0       0       0                        01010500D   1251
     126       0       0      10       0                               0D   1252
     100     897       0       0       0                        01010000D   1253
     100       0       0       1       0                               0D   1254
     102     898       0       0       0                        01010500D   1255
     102       0       0       1       0                               0D   1256
     102     899       0       0       0                        01010000D   1257
     102       0       0       1       0                               0D   1258
     142     900       0       0       0                        00010500D   1259
     142       0       0       1       0                               0D   1260
     126     901       0       0       0                        01010500D   1261
     126       0       0      11       0                               0D   1262
     100     912       0       0       0                        01010000D   1263
     100       0       0       1       0                               0D   1264
     126     913       0       0       0                        01010500D   1265
     126       0       0      10       0                               0D   1266
     100     923       0       0       0                        01010000D   1267
     100       0       0       1       0                               0D   1268
     102     924       0       0       0                        01010500D   1269
     102       0       0       1       0                               0D   1270
     102     925       0       0       0                        01010000D   1271
     102       0       0       1       0                               0D   1272
     142     926       0       0       0                        00010500D   1273
     142       0       0       1       0                               0D   1274
     126     927       0       0       0                        01010500D   1275
     126       0       0      11       0                               0D   1276
     100     938       0       0       0                        01010000D   1277
     100       0       0       1       0                               0D   1278
     126     939       0       0       0                        01010500D   1279
     126       0       0      11       0                               0D   1280
     100     950       0       0       0                        01010000D   1281
     100       0       0       1       0                               0D   1282
     102     951       0       0       0                        01010500D   1283
     102       0       0       1       0                               0D   1284
     102     952       0       0       0                        01010000D   1285
     102       0       0       1       0                               0D   1286
     142     953       0       0       0                        00010500D   1287
     142       0       0       1       0                               0D   1288
     126     954       0       0       0                        01010500D   1289
     126       0       0      11       0                               0D   1290
     100     965       0       0       0                        01010000D   1291
     100       0       0       1       0                               0D   1292
     126     966       0       0       0                        01010500D   1293
     126       0       0      11       0                               0D   1294
     100     977       0       0       0                        01010000D   1295
     100       0       0       1       0                               0D   1296
     102     978       0       0       0                        01010500D   1297
     102       0       0       1       0                               0D   1298
     102     979       0       0       0                        01010000D   1299
     102       0       0       1       0                               0D   1300
     142     980       0       0       0                        00010500D   1301
     142       0       0       1       0                               0D   1302
     126     981       0       0       0                        01010500D   1303
     126       0       0      11       0                               0D   1304
     100     992       0       0       0                        01010000D   1305
     100       0       0       1       0                               0D   1306
     126     993       0       0       0                        01010500D   1307
     126       0       0      11       0                               0D   1308
     100    1004       0       0       0                        01010000D   1309
     100       0       0       1       0                               0D   1310
     102    1005       0       0       0                        01010500D   1311
     102       0       0       1       0                               0D   1312
     102    1006       0       0       0                        01010000D   1313
     102       0       0       1       0                               0D   1314
     142    1007       0       0       0                        00010500D   1315
     142       0       0       1       0                               0D   1316
     126    1008       0       0       0                        01010500D   1317
     126       0       0      11       0                               0D   1318
     100    1019       0       0       0                        01010000D   1319
     100       0       0       1       0                               0D   1320
     126    1020       0       0       0                        01010500D   1321
     126       0       0      10       0                               0D   1322
     100    1030       0       0       0                        01010000D   1323
     100       0       0       1       0                               0D   1324
     102    1031       0       0       0                        01010500D   1325
     102       0       0       1       0                               0D   1326
     102    1032       0       0       0                        01010000D   1327
     102       0       0       1       0                               0D   1328
     142    1033       0       0       0                        00010500D   1329
     142       0       0       1       0                               0D   1330
     126    1034       0       0       0                        01010500D   1331
     126       0       0      11       0                               0D   1332
     100    1045       0       0       0                        01010000D   1333
     100       0       0       1       0                               0D   1334
     126    1046       0       0       0                        01010500D   1335
     126       0       0      11       0                               0D   1336
     100    1057       0       0       0                        01010000D   1337
     100       0       0       1       0                               0D   1338
     102    1058       0       0       0                        01010500D   1339
     102       0       0       1       0                               0D   1340
     102    1059       0       0       0                        01010000D   1341
     102       0       0       1       0                               0D   1342
     142    1060       0       0       0                        00010500D   1343
     142       0       0       1       0                               0D   1344
     126    1061       0       0       0                        01010500D   1345
     126       0       0      11       0                               0D   1346
     100    1072       0       0       0                        01010000D   1347
     100       0       0       1       0                               0D   1348
     126    1073       0       0       0                        01010500D   1349
     126       0       0      11       0                               0D   1350
     100    1084       0       0       0                        01010000D   1351
     100       0       0       1       0                               0D   1352
     102    1085       0       0       0                        01010500D   1353
     102       0       0       1       0                               0D   1354
     102    1086       0       0       0                        01010000D   1355
     102       0       0       1       0                               0D   1356
     142    1087       0       0       0                        00010500D   1357
     142       0       0       1       0                               0D   1358
     126    1088       0       0       0                        01010500D   1359
     126       0       0      11       0                               0D   1360
     100    1099       0       0       0                        01010000D   1361
     100       0       0       1       0                               0D   1362
     126    1100       0       0       0                        01010500D   1363
     126       0       0      11       0                               0D   1364
     100    1111       0       0       0                        01010000D   1365
     100       0       0       1       0                               0D   1366
     102    1112       0       0       0                        01010500D   1367
     102       0       0       1       0                               0D   1368
     102    1113       0       0       0                        01010000D   1369
     102       0       0       1       0                               0D   1370
     142    1114       0       0       0                        00010500D   1371
     142       0       0       1       0                               0D   1372
     126    1115       0       0       0                        01010500D   1373
     126       0       0      11       0                               0D   1374
     100    1126       0       0       0                        01010000D   1375
     100       0       0       1       0                               0D   1376
     126    1127       0       0       0                        01010500D   1377
     126       0       0      11       0                               0D   1378
     100    1138       0       0       0                        01010000D   1379
     100       0       0       1       0                               0D   1380
     102    1139       0       0       0                        01010500D   1381
     102       0       0       1       0                               0D   1382
     102    1140       0       0       0                        01010000D   1383
     102       0       0       1       0                               0D   1384
     142    1141       0       0       0                        00010500D   1385
     142       0       0       1       0                               0D   1386
     126    1142       0       0       0                        01010500D   1387
     126       0       0      11       0                               0D   1388
     100    1153       0       0       0                        01010000D   1389
     100       0       0       1       0                               0D   1390
     126    1154       0       0       0                        01010500D   1391
     126       0       0      11       0                               0D   1392
     100    1165       0       0       0                        01010000D   1393
     100       0       0       1       0                               0D   1394
     102    1166       0       0       0                        01010500D   1395
     102       0       0       1       0                               0D   1396
     102    1167       0       0       0                        01010000D   1397
     102       0       0       1       0                               0D   1398
     142    1168       0       0       0                        00010500D   1399
     142       0       0       1       0                               0D   1400
     126    1169       0       0       0                        01010500D   1401
     126       0       0      11       0                               0D   1402
     100    1180       0       0       0                        01010000D   1403
     100       0       0       1       0                               0D   1404
     126    1181       0       0       0                        01010500D   1405
     126       0       0      11       0                               0D   1406
     100    1192       0       0       0                        01010000D   1407
     100       0       0       1       0                               0D   1408
     102    1193       0       0       0                        01010500D   1409
     102       0       0       1       0                               0D   1410
     102    1194       0       0       0                        01010000D   1411
     102       0       0       1       0                               0D   1412
     142    1195       0       0       0                        00010500D   1413
     142       0       0       1       0                               0D   1414
     126    1196       0       0       0                        01010500D   1415
     126       0       0      11       0                               0D   1416
     100    1207       0       0       0                        01010000D   1417
     100       0       0       1       0                               0D   1418
     126    1208       0       0       0                        01010500D   1419
     126       0       0      11       0                               0D   1420
     100    1219       0       0       0                        01010000D   1421
     100       0       0       1       0                               0D   1422
     102    1220       0       0       0                        01010500D   1423
     102       0       0       1       0                               0D   1424
     102    1221       0       0       0                        01010000D   1425
     102       0       0       1       0                               0D   1426
     142    1222       0       0       0                        00010500D   1427
     142       0       0       1       0                               0D   1428
     126    1223       0       0       0                        01010500D   1429
     126       0       0      11       0                               0D   1430
     100    1234       0       0       0                        01010000D   1431
     100       0       0       1       0                               0D   1432
     126    1235       0       0       0                        01010500D   1433
     126       0       0      11       0                               0D   1434
     100    1246       0       0       0                        01010000D   1435
     100       0       0       1       0                               0D   1436
     102    1247       0       0       0                        01010500D   1437
     102       0       0       1       0                               0D   1438
     102    1248       0       0       0                        01010000D   1439
     102       0       0       1       0                               0D   1440
     142    1249       0       0       0                        00010500D   1441
     142       0       0       1       0                               0D   1442
     126    1250       0       0       0                        01010500D   1443
     126       0       0      11       0                               0D   1444
     100    1261       0       0       0                        01010000D   1445
     100       0       0       1       0                               0D   1446
     126    1262       0       0       0                        01010500D   1447
     126       0       0      10       0                               0D   1448
     100    1272       0       0       0                        01010000D   1449
     100       0       0       1       0                               0D   1450
     102    1273       0       0       0                        01010500D   1451
     102       0       0       1       0                               0D   1452
     102    1274       0       0       0                        01010000D   1453
     102       0       0       1       0                               0D   1454
     142    1275       0       0       0                        00010500D   1455
     142       0       0       1       0                               0D   1456
     126    1276       0       0       0                        01010500D   1457
     126       0       0      11       0                               0D   1458
     100    1287       0       0       0                        01010000D   1459
     100       0       0       1       0                               0D   1460
     126    1288       0       0       0                        01010500D   1461
     126       0       0      11       0                               0D   1462
     100    1299       0       0       0                        01010000D   1463
     100       0       0       1       0                               0D   1464
     102    1300       0       0       0                        01010500D   1465
     102       0       0       1       0                               0D   1466
     102    1301       0       0       0                        01010000D   1467
     102       0       0       1       0                               0D   1468
     142    1302       0       0       0                        00010500D   1469
     142       0       0       1       0                               0D   1470
     126    1303       0       0       0                        01010500D   1471
     126       0       0      11       0                               0D   1472
     100    1314       0       0       0                        01010000D   1473
     100       0       0       1       0                               0D   1474
     126    1315       0       0       0                        01010500D   1475
     126       0       0      10       0                               0D   1476
     100    1325       0       0       0                        01010000D   1477
     100       0       0       1       0                               0D   1478
     102    1326       0       0       0                        01010500D   1479
     102       0       0       1       0                               0D   1480
     102    1327       0       0       0                        01010000D   1481
     102       0       0       1       0                               0D   1482
     142    1328       0       0       0                        00010500D   1483
     142       0       0       1       0                               0D   1484
     126    1329       0       0       0                        01010500D   1485
     126       0       0      11       0                               0D   1486
     100    1340       0       0       0                        01010000D   1487
     100       0       0       1       0                               0D   1488
     126    1341       0       0       0                        01010500D   1489
     126       0       0      10       0                               0D   1490
     100    1351       0       0       0                        01010000D   1491
     100       0       0       1       0                               0D   1492
     102    1352       0       0       0                        01010500D   1493
     102       0       0       1       0                               0D   1494
     102    1353       0       0       0                        01010000D   1495
     102       0       0       1       0                               0D   1496
     142    1354       0       0       0                        00010500D   1497
     142       0       0       1       0                               0D   1498
     126    1355       0       0       0                        01010500D   1499
     126       0       0      10       0                               0D   1500
     100    1365       0       0       0                        01010000D   1501
     100       0       0       1       0                               0D   1502
     126    1366       0       0       0                        01010500D   1503
     126       0       0      11       0                               0D   1504
     100    1377       0       0       0                        01010000D   1505
     100       0       0       1       0                               0D   1506
     102    1378       0       0       0                        01010500D   1507
     102       0       0       1       0                               0D   1508
     102    1379       0       0       0                        01010000D   1509
     102       0       0       1       0                               0D   1510
     142    1380       0       0       0                        00010500D   1511
     142       0       0       1       0                               0D   1512
     126    1381       0       0       0                        01010500D   1513
     126       0       0      10       0                               0D   1514
     100    1391       0       0       0                        01010000D   1515
     100       0       0       1       0                               0D   1516
     126    1392       0       0       0                        01010500D   1517
     126       0       0      11       0                               0D   1518
     100    1403       0       0       0                        01010000D   1519
     100       0       0       1       0                               0D   1520
     102    1404       0       0       0                        01010500D   1521
     102       0       0       1       0                               0D   1522
     102    1405       0       0       0                        01010000D   1523
     102       0       0       1       0                               0D   1524
     142    1406       0       0       0                        00010500D   1525
     142       0       0       1       0                               0D   1526
     126    1407       0       0       0                        01010500D   1527
     126       0       0      10       0                               0D   1528
     100    1417       0       0       0                        01010000D   1529
     100       0       0       1       0                               0D   1530
     126    1418       0       0       0                        01010500D   1531
     126       0       0      11       0                               0D   1532
     100    1429       0       0       0                        01010000D   1533
     100       0       0       1       0                               0D   1534
     102    1430       0       0       0                        01010500D   1535
     102       0       0       1       0                               0D   1536
     102    1431       0       0       0                        01010000D   1537
     102       0       0       1       0                               0D   1538
     142    1432       0       0       0                        00010500D   1539
     142       0       0       1       0                               0D   1540
     126    1433       0       0       0                        01010500D   1541
     126       0       0      10       0                               0D   1542
     100    1443       0       0       0                        01010000D   1543
     100       0       0       1       0                               0D   1544
     126    1444       0       0       0                        01010500D   1545
     126       0       0      11       0                               0D   1546
     100    1455       0       0       0                        01010000D   1547
     100       0       0       1       0                               0D   1548
     102    1456       0       0       0                        01010500D   1549
     102       0       0       1       0                               0D   1550
     102    1457       0       0       0                        01010000D   1551
     102       0       0       1       0                               0D   1552
     142    1458       0       0       0                        00010500D   1553
     142       0       0       1       0                               0D   1554
     126    1459       0       0       0                        01010500D   1555
     126       0       0      11       0                               0D   1556
     100    1470       0       0       0                        01010000D   1557
     100       0       0       1       0                               0D   1558
     126    1471       0       0       0                        01010500D   1559
     126       0       0      11       0                               0D   1560
     100    1482       0       0       0                        01010000D   1561
     100       0       0       1       0                               0D   1562
     102    1483       0       0       0                        01010500D   1563
     102       0       0       1       0                               0D   1564
     102    1484       0       0       0                        01010000D   1565
     102       0       0       1       0                               0D   1566
     142    1485       0       0       0                        00010500D   1567
     142       0       0       1       0                               0D   1568
     126    1486       0       0       0                        01010500D   1569
     126       0       0      11       0                               0D   1570
     100    1497       0       0       0                        01010000D   1571
     100       0       0       1       0                               0D   1572
     126    1498       0       0       0                        01010500D   1573
     126       0       0      11       0                               0D   1574
     100    1509       0       0       0                        01010000D   1575
     100       0       0       1       0                               0D   1576
     102    1510       0       0       0                        01010500D   1577
     102       0       0       1       0                               0D   1578
     102    1511       0       0       0                        01010000D   1579
     102       0       0       1       0                               0D   1580
     142    1512       0       0       0                        00010500D   1581
     142       0       0       1       0                               0D   1582
     126    1513       0       0       0                        01010500D   1583
     126       0       0      11       0                               0D   1584
     100    1524       0       0       0                        01010000D   1585
     100       0       0       1       0                               0D   1586
     126    1525       0       0       0                        01010500D   1587
     126       0       0      11       0                               0D   1588
     100    1536       0       0       0                        01010000D   1589
     100       0       0       1       0                               0D   1590
     102    1537       0       0       0                        01010500D   1591
     102       0       0       1       0                               0D   1592
     102    1538       0       0       0                        01010000D   1593
     102       0       0       1       0                               0D   1594
     142    1539       0       0       0                        00010500D   1595
     142       0       0       1       0                               0D   1596
     126    1540       0       0       0                        01010500D   1597
     126       0       0      11       0                               0D   1598
     100    1551       0       0       0                        01010000D   1599
     100       0       0       1       0                               0D   1600
     126    1552       0       0       0                        01010500D   1601
     126       0       0      11       0                               0D   1602
     100    1563       0       0       0                        01010000D   1603
     100       0       0       1       0                               0D   1604
     102    1564       0       0       0                        01010500D   1605
     102       0       0       1       0                               0D   1606
     102    1565       0       0       0                        01010000D   1607
     102       0       0       1       0                               0D   1608
     142    1566       0       0       0                        00010500D   1609
     142       0       0       1       0                               0D   1610
     126    1567       0       0       0                        01010500D   1611
     126       0       0      10       0                               0D   1612
     100    1577       0       0       0                        01010000D   1613
     100       0       0       1       0                               0D   1614
     126    1578       0       0       0                        01010500D   1615
     126       0       0      11       0                               0D   1616
     100    1589       0       0       0                        01010000D   1617
     100       0       0       1       0                               0D   1618
     102    1590       0       0       0                        01010500D   1619
     102       0       0       1       0                               0D   1620
     102    1591       0       0       0                        01010000D   1621
     102       0       0       1       0                               0D   1622
     142    1592       0       0       0                        00010500D   1623
     142       0       0       1       0                               0D   1624
     126    1593       0       0       0                        01010500D   1625
     126       0       0      11       0                               0D   1626
     100    1604       0       0       0                        01010000D   1627
     100       0       0       1       0                               0D   1628
     126    1605       0       0       0                        01010500D   1629
     126       0       0      11       0                               0D   1630
     100    1616       0       0       0                        01010000D   1631
     100       0       0       1       0                               0D   1632
     102    1617       0       0       0                        01010500D   1633
     102       0       0       1       0                               0D   1634
     102    1618       0       0       0                        01010000D   1635
     102       0       0       1       0                               0D   1636
     142    1619       0       0       0                        00010500D   1637
     142       0       0       1       0                               0D   1638
     126    1620       0       0       0                        01010500D   1639
     126       0       0      11       0                               0D   1640
     100    1631       0       0       0                        01010000D   1641
     100       0       0       1       0                               0D   1642
     126    1632       0       0       0                        01010500D   1643
     126       0       0      11       0                               0D   1644
     100    1643       0       0       0                        01010000D   1645
     100       0       0       1       0                               0D   1646
     102    1644       0       0       0                        01010500D   1647
     102       0       0       1       0                               0D   1648
     102    1645       0       0       0                        01010000D   1649
     102       0       0       1       0                               0D   1650
     142    1646       0       0       0                        00010500D   1651
     142       0       0       1       0                               0D   1652
     126    1647       0       0       0                        01010500D   1653
     126       0       0      11       0                               0D   1654
     100    1658       0       0       0                        01010000D   1655
     100       0       0       1       0                               0D   1656
     126    1659       0       0       0                        01010500D   1657
     126       0       0      11       0                               0D   1658
     100    1670       0       0       0                        01010000D   1659
     100       0       0       1       0                               0D   1660
     102    1671       0       0       0                        01010500D   1661
     102       0       0       1       0                               0D   1662
     102    1672       0       0       0                        01010000D   1663
     102       0       0       1       0                               0D   1664
     142    1673       0       0       0                        00010500D   1665
     142       0       0       1       0                               0D   1666
     126    1674       0       0       0                        01010500D   1667
     126       0       0      11       0                               0D   1668
     100    1685       0       0       0                        01010000D   1669
     100       0       0       1       0                               0D   1670
     126    1686       0       0       0                        01010500D   1671
     126       0       0      11       0                               0D   1672
     100    1697       0       0       0                        01010000D   1673
     100       0       0       1       0                               0D   1674
     102    1698       0       0       0                        01010500D   1675
     102       0       0       1       0                               0D   1676
     102    1699       0       0       0                        01010000D   1677
     102       0       0       1       0                               0D   1678
     142    1700       0       0       0                        00010500D   1679
     142       0       0       1       0                               0D   1680
     126    1701       0       0       0                        01010500D   1681
     126       0       0      11       0                               0D   1682
     100    1712       0       0       0                        01010000D   1683
     100       0       0       1       0                               0D   1684
     126    1713       0       0       0                        01010500D   1685
     126       0       0      11       0                               0D   1686
     100    1724       0       0       0                        01010000D   1687
     100       0       0       1       0                               0D   1688
     102    1725       0       0       0                        01010500D   1689
     102       0       0       1       0                               0D   1690
     102    1726       0       0       0                        01010000D   1691
     102       0       0       1       0                               0D   1692
     142    1727       0       0       0                        00010500D   1693
     142       0       0       1       0                               0D   1694
     144    1728       0       0       1                        00010000D   1695
     144       0      -1       4       0                               0D   1696
     128    1732       0       0       0                        01010000D   1697
     128       0       0       2       0                               0D   1698
     126    1734       0       0       0                        01010500D   1699
     126       0       0       2       0                               0D   1700
     110    1736       0       0       0                        01010000D   1701
     110       0       0       1       0                               0D   1702
     126    1737       0       0       0                        01010500D   1703
     126       0       0       2       0                               0D   1704
     110    1739       0       0       0                        01010000D   1705
     110       0       0       1       0                               0D   1706
     126    1740       0       0       0                        01010500D   1707
     126       0       0       2       0                               0D   1708
     110    1742       0       0       0                        01010000D   1709
     110       0       0       1       0                               0D   1710
     126    1743       0       0       0                        01010500D   1711
     126       0       0       2       0                               0D   1712
     110    1745       0       0       0                        01010000D   1713
     110       0       0       1       0                               0D   1714
     102    1746       0       0       0                        01010500D   1715
     102       0       0       1       0                               0D   1716
     102    1747       0       0       0                        01010000D   1717
     102       0       0       1       0                               0D   1718
     142    1748       0       0       0                        00010500D   1719
     142       0       0       1       0                               0D   1720
     126    1749       0       0       0                        01010500D   1721
     126       0       0      11       0                               0D   1722
     100    1760       0       0       0                        01010000D   1723
     100       0       0       1       0                               0D   1724
     126    1761       0       0       0                        01010500D   1725
     126       0       0      11       0                               0D   1726
     100    1772       0       0       0                        01010000D   1727
     100       0       0       1       0                               0D   1728
     102    1773       0       0       0                        01010500D   1729
     102       0       0       1       0                               0D   1730
     102    1774       0       0       0                        01010000D   1731
     102       0       0       1       0                               0D   1732
     142    1775       0       0       0                        00010500D   1733
     142       0       0       1       0                               0D   1734
     126    1776       0       0       0                        01010500D   1735
     126       0       0      11       0                               0D   1736
     100    1787       0       0       0                        01010000D   1737
     100       0       0       1       0                               0D   1738
     126    1788       0       0       0                        01010500D   1739
     126       0       0      10       0                               0D   1740
     100    1798       0       0       0                        01010000D   1741
     100       0       0       1       0                               0D   1742
     102    1799       0       0       0                        01010500D   1743
     102       0       0       1       0                               0D   1744
     102    1800       0       0       0                        01010000D   1745
     102       0       0       1       0                               0D   1746
     142    1801       0       0       0                        00010500D   1747
     142       0       0       1       0                               0D   1748
     126    1802       0       0       0                        01010500D   1749
     126       0       0      10       0                               0D   1750
     100    1812       0       0       0                        01010000D   1751
     100       0       0       1       0                               0D   1752
     126    1813       0       0       0                        01010500D   1753
     126       0       0      11       0                               0D   1754
     100    1824       0       0       0                        01010000D   1755
     100       0       0       1       0                               0D   1756
     102    1825       0       0       0                        01010500D   1757
     102       0       0       1       0                               0D   1758
     102    1826       0       0       0                        01010000D   1759
     102       0       0       1       0                               0D   1760
     142    1827       0       0       0                        00010500D   1761
     142       0       0       1       0                               0D   1762
     126    1828       0       0       0                        01010500D   1763
     126       0       0      10       0                               0D   1764
     100    1838       0       0       0                        01010000D   1765
     100       0       0       1       0                               0D   1766
     126    1839       0       0       0                        01010500D   1767
     126       0       0      11       0                               0D   1768
     100    1850       0       0       0                        01010000D   1769
     100       0       0       1       0                               0D   1770
     102    1851       0       0       0                        01010500D   1771
     102       0       0       1       0                               0D   1772
     102    1852       0       0       0                        01010000D   1773
     102       0       0       1       0                               0D   1774
     142    1853       0       0       0                        00010500D   1775
     142       0       0       1       0                               0D   1776
     126    1854       0       0       0                        01010500D   1777
     126       0       0      11       0                               0D   1778
     100    1865       0       0       0                        01010000D   1779
     100       0       0       1       0                               0D   1780
     126    1866       0       0       0                        01010500D   1781
     126       0       0      11       0                               0D   1782
     100    1877       0       0       0                        01010000D   1783
     100       0       0       1       0                               0D   1784
     102    1878       0       0       0                        01010500D   1785
     102       0       0       1       0                               0D   1786
     102    1879       0       0       0                        01010000D   1787
     102       0       0       1       0                               0D   1788
     142    1880       0       0       0                        00010500D   1789
     142       0       0       1       0                               0D   1790
     126    1881       0       0       0                        01010500D   1791
     126       0       0      11       0                               0D   1792
     100    1892       0       0       0                        01010000D   1793
     100       0       0       1       0                               0D   1794
     126    1893       0       0       0                        01010500D   1795
     126       0       0      11       0                               0D   1796
     100    1904       0       0       0                        01010000D   1797
     100       0       0       1       0                               0D   1798
     102    1905       0       0       0                        01010500D   1799
     102       0       0       1       0                               0D   1800
     102    1906       0       0       0                        01010000D   1801
     102       0       0       1       0                               0D   1802
     142    1907       0       0       0                        00010500D   1803
     142       0       0       1       0                               0D   1804
     126    1908       0       0       0                        01010500D   1805
     126       0       0      11       0                               0D   1806
     100    1919       0       0       0                        01010000D   1807
     100       0       0       1       0                               0D   1808
     126    1920       0       0       0                        01010500D   1809
     126       0       0      11       0                               0D   1810
     100    1931       0       0       0                        01010000D   1811
     100       0       0       1       0                               0D   1812
     102    1932       0       0       0                        01010500D   1813
     102       0       0       1       0                               0D   1814
     102    1933       0       0       0                        01010000D   1815
     102       0       0       1       0                               0D   1816
     142    1934       0       0       0                        00010500D   1817
     142       0       0       1       0                               0D   1818
     126    1935       0       0       0                        01010500D   1819
     126       0       0      10       0                               0D   1820
     100    1945       0       0       0                        01010000D   1821
     100       0       0       1       0                               0D   1822
     126    1946       0       0       0                        01010500D   1823
     126       0       0      11       0                               0D   1824
     100    1957       0       0       0                        01010000D   1825
     100       0       0       1       0                               0D   1826
     102    1958       0       0       0                        01010500D   1827
     102       0       0       1       0                               0D   1828
     102    1959       0       0       0                        01010000D   1829
     102       0       0       1       0                               0D   1830
     142    1960       0       0       0                        00010500D   1831
     142       0       0       1       0                               0D   1832
     126    1961       0       0       0                        01010500D   1833
     126       0       0      11       0                               0D   1834
     100    1972       0       0       0                        01010000D   1835
     100       0       0       1       0                               0D   1836
     126    1973       0       0       0                        01010500D   1837
     126       0       0      11       0                               0D   1838
     100    1984       0       0       0                        01010000D   1839
     100       0       0       1       0                               0D   1840
     102    1985       0       0       0                        01010500D   1841
     102       0       0       1       0                               0D   1842
     102    1986       0       0       0                        01010000D   1843
     102       0       0       1       0                               0D   1844
     142    1987       0       0       0                        00010500D   1845
     142       0       0       1       0                               0D   1846
     126    1988       0       0       0                        01010500D   1847
     126       0       0      11       0                               0D   1848
     100    1999       0       0       0                        01010000D   1849
     100       0       0       1       0                               0D   1850
     126    2000       0       0       0                        01010500D   1851
     126       0       0      11       0                               0D   1852
     100    2011       0       0       0                        01010000D   1853
     100       0       0       1       0                               0D   1854
     102    2012       0       0       0                        01010500D   1855
     102       0       0       1       0                               0D   1856
     102    2013       0       0       0                        01010000D   1857
     102       0       0       1       0                               0D   1858
     142    2014       0       0       0                        00010500D   1859
     142       0       0       1       0                               0D   1860
     126    2015       0       0       0                        01010500D   1861
     126       0       0      11       0                               0D   1862
     100    2026       0       0       0                        01010000D   1863
     100       0       0       1       0                               0D   1864
     126    2027       0       0       0                        01010500D   1865
     126       0       0      11       0                               0D   1866
     100    2038       0       0       0                        01010000D   1867
     100       0       0       1       0                               0D   1868
     102    2039       0       0       0                        01010500D   1869
     102       0       0       1       0                               0D   1870
     102    2040       0       0       0                        01010000D   1871
     102       0       0       1       0                               0D   1872
     142    2041       0       0       0                        00010500D   1873
     142       0       0       1       0                               0D   1874
     126    2042       0       0       0                        01010500D   1875
     126       0       0      11       0                               0D   1876
     100    2053       0       0       0                        01010000D   1877
     100       0       0       1       0                               0D   1878
     126    2054       0       0       0                        01010500D   1879
     126       0       0      11       0                               0D   1880
     100    2065       0       0       0                        01010000D   1881
     100       0       0       1       0                               0D   1882
     102    2066       0       0       0                        01010500D   1883
     102       0       0       1       0                               0D   1884
     102    2067       0       0       0                        01010000D   1885
     102       0       0       1       0                               0D   1886
     142    2068       0       0       0                        00010500D   1887
     142       0       0       1       0                               0D   1888
     126    2069       0       0       0                        01010500D   1889
     126       0       0      11       0                               0D   1890
     100    2080       0       0       0                        01010000D   1891
     100       0       0       1       0                               0D   1892
     126    2081       0       0       0                        01010500D   1893
     126       0       0      11       0                               0D   1894
     100    2092       0       0       0                        01010000D   1895
     100       0       0       1       0                               0D   1896
     102    2093       0       0       0                        01010500D   1897
     102       0       0       1       0                               0D   1898
     102    2094       0       0       0                        01010000D   1899
     102       0       0       1       0                               0D   1900
     142    2095       0       0       0                        00010500D   1901
     142       0       0       1       0                               0D   1902
     126    2096       0       0       0                        01010500D   1903
     126       0       0      11       0                               0D   1904
     100    2107       0       0       0                        01010000D   1905
     100       0       0       1       0                               0D   1906
     126    2108       0       0       0                        01010500D   1907
     126       0       0      11       0                               0D   1908
     100    2119       0       0       0                        01010000D   1909
     100       0       0       1       0                               0D   1910
     102    2120       0       0       0                        01010500D   1911
     102       0       0       1       0                               0D   1912
     102    2121       0       0       0                        01010000D   1913
     102       0       0       1       0                               0D   1914
     142    2122       0       0       0                        00010500D   1915
     142       0       0       1       0                               0D   1916
     126    2123       0       0       0                        01010500D   1917
     126       0       0      11       0                               0D   1918
     100    2134       0       0       0                        01010000D   1919
     100       0       0       1       0                               0D   1920
     126    2135       0       0       0                        01010500D   1921
     126       0       0      11       0                               0D   1922
     100    2146       0       0       0                        01010000D   1923
     100       0       0       1       0                               0D   1924
     102    2147       0       0       0                        01010500D   1925
     102       0       0       1       0                               0D   1926
     102    2148       0       0       0                        01010000D   1927
     102       0       0       1       0                               0D   1928
     142    2149       0       0       0                        00010500D   1929
     142       0       0       1       0                               0D   1930
     126    2150       0       0       0                        01010500D   1931
     126       0       0      11       0                               0D   1932
     100    2161       0       0       0                        01010000D   1933
     100       0       0       1       0                               0D   1934
     126    2162       0       0       0                        01010500D   1935
     126       0       0      11       0                               0D   1936
     100    2173       0       0       0                        01010000D   1937
     100       0       0       1       0                               0D   1938
     102    2174       0       0       0                        01010500D   1939
     102       0       0       1       0                               0D   1940
     102    2175       0       0       0                        01010000D   1941
     102       0       0       1       0                               0D   1942
     142    2176       0       0       0                        00010500D   1943
     142       0       0       1       0                               0D   1944
     126    2177       0       0       0                        01010500D   1945
     126       0       0      10       0                               0D   1946
     100    2187       0       0       0                        01010000D   1947
     100       0       0       1       0                               0D   1948
     126    2188       0       0       0                        01010500D   1949
     126       0       0      11       0                               0D   1950
     100    2199       0       0       0                        01010000D   1951
     100       0       0       1       0                               0D   1952
     102    2200       0       0       0                        01010500D   1953
     102       0       0       1       0                               0D   1954
     102    2201       0       0       0                        01010000D   1955
     102       0       0       1       0                               0D   1956
     142    2202       0       0       0                        00010500D   1957
     142       0       0       1       0                               0D   1958
     126    2203       0       0       0                        01010500D   1959
     126       0       0      11       0                               0D   1960
     100    2214       0       0       0                        01010000D   1961
     100       0       0       1       0                               0D   1962
     126    2215       0       0       0                        01010500D   1963
     126       0       0      11       0                               0D   1964
     100    2226       0       0       0                        01010000D   1965
     100       0       0       1       0                               0D   1966
     102    2227       0       0       0                        01010500D   1967
     102       0       0       1       0                               0D   1968
     102    2228       0       0       0                        01010000D   1969
     102       0       0       1       0                               0D   1970
     142    2229       0       0       0                        00010500D   1971
     142       0       0       1       0                               0D   1972
     126    2230       0       0       0                        01010500D   1973
     126       0       0      10       0                               0D   1974
     100    2240       0       0       0                        01010000D   1975
     100       0       0       1       0                               0D   1976
     126    2241       0       0       0                        01010500D   1977
     126       0       0      11       0                               0D   1978
     100    2252       0       0       0                        01010000D   1979
     100       0       0       1       0                               0D   1980
     102    2253       0       0       0                        01010500D   1981
     102       0       0       1       0                               0D   1982
     102    2254       0       0       0                        01010000D   1983
     102       0       0       1       0                               0D   1984
     142    2255       0       0       0                        00010500D   1985
     142       0       0       1       0                               0D   1986
     126    2256       0       0       0                        01010500D   1987
     126       0       0      10       0                               0D   1988
     100    2266       0       0       0                        01010000D   1989
     100       0       0       1       0                               0D   1990
     126    2267       0       0       0                        01010500D   1991
     126       0       0      11       0                               0D   1992
     100    2278       0       0       0                        01010000D   1993
     100       0       0       1       0                               0D   1994
     102    2279       0       0       0                        01010500D   1995
     102       0       0       1       0                               0D   1996
     102    2280       0       0       0                        01010000D   1997
     102       0       0       1       0                               0D   1998
     142    2281       0       0       0                        00010500D   1999
     142       0       0       1       0                               0D   2000
     126    2282       0       0       0                        01010500D   2001
     126       0       0      11       0                               0D   2002
     100    2293       0       0       0                        01010000D   2003
     100       0       0       1       0                               0D   2004
     126    2294       0       0       0                        01010500D   2005
     126       0       0      10       0                               0D   2006
     100    2304       0       0       0                        01010000D   2007
     100       0       0       1       0                               0D   2008
     102    2305       0       0       0                        01010500D   2009
     102       0       0       1       0                               0D   2010
     102    2306       0       0       0                        01010000D   2011
     102       0       0       1       0                               0D   2012
     142    2307       0       0       0                        00010500D   2013
     142       0       0       1       0                               0D   2014
     126    2308       0       0       0                        01010500D   2015
     126       0       0      11       0                               0D   2016
     100    2319       0       0       0                        01010000D   2017
     100       0       0       1       0                               0D   2018
     126    2320       0       0       0                        01010500D   2019
     126       0       0      10       0                               0D   2020
     100    2330       0       0       0                        01010000D   2021
     100       0       0       1       0                               0D   2022
     102    2331       0       0       0                        01010500D   2023
     102       0       0       1       0                               0D   2024
     102    2332       0       0       0                        01010000D   2025
     102       0       0       1       0                               0D   2026
     142    2333       0       0       0                        00010500D   2027
     142       0       0       1       0                               0D   2028
     126    2334       0       0       0                        01010500D   2029
     126       0       0      11       0                               0D   2030
     100    2345       0       0       0                        01010000D   2031
     100       0       0       1       0                               0D   2032
     126    2346       0       0       0                        01010500D   2033
     126       0       0      10       0                               0D   2034
     100    2356       0       0       0                        01010000D   2035
     100       0       0       1       0                               0D   2036
     102    2357       0       0       0                        01010500D   2037
     102       0       0       1       0                               0D   2038
     102    2358       0       0       0                        01010000D   2039
     102       0       0       1       0                               0D   2040
     142    2359       0       0       0                        00010500D   2041
     142       0       0       1       0                               0D   2042
     126    2360       0       0       0                        01010500D   2043
     126       0       0      11       0                               0D   2044
     100    2371       0       0       0                        01010000D   2045
     100       0       0       1       0                               0D   2046
     126    2372       0       0       0                        01010500D   2047
     126       0       0      10       0                               0D   2048
     100    2382       0       0       0                        01010000D   2049
     100       0       0       1       0                               0D   2050
     102    2383       0       0       0                        01010500D   2051
     102       0       0       1       0                               0D   2052
     102    2384       0       0       0                        01010000D   2053
     102       0       0       1       0                               0D   2054
     142    2385       0       0       0                        00010500D   2055
     142       0       0       1       0                               0D   2056
     126    2386       0       0       0                        01010500D   2057
     126       0       0      11       0                               0D   2058
     100    2397       0       0       0                        01010000D   2059
     100       0       0       1       0                               0D   2060
     126    2398       0       0       0                        01010500D   2061
     126       0       0      11       0                               0D   2062
     100    2409       0       0       0                        01010000D   2063
     100       0       0       1       0                               0D   2064
     102    2410       0       0       0                        01010500D   2065
     102       0       0       1       0                               0D   2066
     102    2411       0       0       0                        01010000D   2067
     102       0       0       1       0                               0D   2068
     142    2412       0       0       0                        00010500D   2069
     142       0       0       1       0                               0D   2070
     126    2413       0       0       0                        01010500D   2071
     126       0       0      11       0                               0D   2072
     100    2424       0       0       0                        01010000D   2073
     100       0       0       1       0                               0D   2074
     126    2425       0       0       0                        01010500D   2075
     126       0       0      11       0                               0D   2076
     100    2436       0       0       0                        01010000D   2077
     100       0       0       1       0                               0D   2078
     102    2437       0       0       0                        01010500D   2079
     102       0       0       1       0                               0D   2080
     102    2438       0       0       0                        01010000D   2081
     102       0       0       1       0                               0D   2082
     142    2439       0       0       0                        00010500D   2083
     142       0       0       1       0                               0D   2084
     126    2440       0       0       0                        01010500D   2085
     126       0       0      11       0                               0D   2086
     100    2451       0       0       0                        01010000D   2087
     100       0       0       1       0                               0D   2088
     126    2452       0       0       0                        01010500D   2089
     126       0       0      11       0                               0D   2090
     100    2463       0       0       0                        01010000D   2091
     100       0       0       1       0                               0D   2092
     102    2464       0       0       0                        01010500D   2093
     102       0       0       1       0                               0D   2094
     102    2465       0       0       0                        01010000D   2095
     102       0       0       1       0                               0D   2096
     142    2466       0       0       0                        00010500D   2097
     142       0       0       1       0                               0D   2098
     126    2467       0       0       0                        01010500D   2099
     126       0       0      11       0                               0D   2100
     100    2478       0       0       0                        01010000D   2101
     100       0       0       1       0                               0D   2102
     126    2479       0       0       0                        01010500D   2103
     126       0       0      11       0                               0D   2104
     100    2490       0       0       0                        01010000D   2105
     100       0       0       1       0                               0D   2106
     102    2491       0       0       0                        01010500D   2107
     102       0       0       1       0                               0D   2108
     102    2492       0       0       0                        01010000D   2109
     102       0       0       1       0                               0D   2110
     142    2493       0       0       0                        00010500D   2111
     142       0       0       1       0                               0D   2112
     126    2494       0       0       0                        01010500D   2113
     126       0       0      11       0                               0D   2114
     100    2505       0       0       0                        01010000D   2115
     100       0       0       1       0                               0D   2116
     126    2506       0       0       0                        01010500D   2117
     126       0       0      10       0                               0D   2118
     100    2516       0       0       0                        01010000D   2119
     100       0       0       1       0                               0D   2120
     102    2517       0       0       0                        01010500D   2121
     102       0       0       1       0                               0D   2122
     102    2518       0       0       0                        01010000D   2123
     102       0       0       1       0                               0D   2124
     142    2519       0       0       0                        00010500D   2125
     142       0       0       1       0                               0D   2126
     126    2520       0       0       0                        01010500D   2127
     126       0       0      11       0                               0D   2128
     100    2531       0       0       0                        01010000D   2129
     100       0       0       1       0                               0D   2130
     126    2532       0       0       0                        01010500D   2131
     126       0       0      11       0                               0D   2132
     100    2543       0       0       0                        01010000D   2133
     100       0       0       1       0                               0D   2134
     102    2544       0       0       0                        01010500D   2135
     102       0       0       1       0                               0D   2136
     102    2545       0       0       0                        01010000D   2137
     102       0       0       1       0                               0D   2138
     142    2546       0       0       0                        00010500D   2139
     142       0       0       1       0                               0D   2140
     126    2547       0       0       0                        01010500D   2141
     126       0       0      11       0                               0D   2142
     100    2558       0       0       0                        01010000D   2143
     100       0       0       1       0                               0D   2144
     126    2559       0       0       0                        01010500D   2145
     126       0       0      11       0                               0D   2146
     100    2570       0       0       0                        01010000D   2147
     100       0       0       1       0                               0D   2148
     102    2571       0       0       0                        01010500D   2149
     102       0       0       1       0                               0D   2150
     102    2572       0       0       0                        01010000D   2151
     102       0       0       1       0                               0D   2152
     142    2573       0       0       0                        00010500D   2153
     142       0       0       1       0                               0D   2154
     126    2574       0       0       0                        01010500D   2155
     126       0       0      11       0                               0D   2156
     100    2585       0       0       0                        01010000D   2157
     100       0       0       1       0                               0D   2158
     126    2586       0       0       0                        01010500D   2159
     126       0       0      11       0                               0D   2160
     100    2597       0       0       0                        01010000D   2161
     100       0       0       1       0                               0D   2162
     102    2598       0       0       0                        01010500D   2163
     102       0       0       1       0                               0D   2164
     102    2599       0       0       0                        01010000D   2165
     102       0       0       1       0                               0D   2166
     142    2600       0       0       0                        00010500D   2167
     142       0       0       1       0                               0D   2168
     126    2601       0       0       0                        01010500D   2169
     126       0       0      11       0                               0D   2170
     100    2612       0       0       0                        01010000D   2171
     100       0       0       1       0                               0D   2172
     126    2613       0       0       0                        01010500D   2173
     126       0       0      11       0                               0D   2174
     100    2624       0       0       0                        01010000D   2175
     100       0       0       1       0                               0D   2176
     102    2625       0       0       0                        01010500D   2177
     102       0       0       1       0                               0D   2178
     102    2626       0       0       0                        01010000D   2179
     102       0       0       1       0                               0D   2180
     142    2627       0       0       0                        00010500D   2181
     142       0       0       1       0                               0D   2182
     126    2628       0       0       0                        01010500D   2183
     126       0       0      11       0                               0D   2184
     100    2639       0       0       0                        01010000D   2185
     100       0       0       1       0                               0D   2186
     126    2640       0       0       0                        01010500D   2187
     126       0       0      11       0                               0D   2188
     100    2651       0       0       0                        01010000D   2189
     100       0       0       1       0                               0D   2190
     102    2652       0       0       0                        01010500D   2191
     102       0       0       1       0                               0D   2192
     102    2653       0       0       0                        01010000D   2193
     102       0       0       1       0                               0D   2194
     142    2654       0       0       0                        00010500D   2195
     142       0       0       1       0                               0D   2196
     144    2655       0       0       1                        00010000D   2197
     144       0      -1       4       0                               0D   2198
     110    2659       0       0       0                        01010000D   2199
     110       0       0       1       0                               0D   2200
     110    2660       0       0       0                        01010000D   2201
     110       0       0       1       0                               0D   2202
     120    2661       0       0       0                        01010000D   2203
     120       0       0       1       0                               0D   2204
     126    2662       0       0       0                        01010500D   2205
     126       0       0       2       0                               0D   2206
     124    2664       0       0       0                        00000000D   2207
     124       0       0       4       0                               0D   2208
     100    2668       0       0       0            2207        01010000D   2209
     100       0       0       1       0                               0D   2210
     126    2669       0       0       0                        01010500D   2211
     126       0       0       2       0                               0D   2212
     110    2671       0       0       0                        01010000D   2213
     110       0       0       1       0                               0D   2214
     126    2672       0       0       0                        01010500D   2215
     126       0       0       2       0                               0D   2216
     100    2674       0       0       0                        01010000D   2217
     100       0       0       1       0                               0D   2218
     126    2675       0       0       0                        01010500D   2219
     126       0       0       2       0                               0D   2220
     110    2677       0       0       0                        01010000D   2221
     110       0       0       1       0                               0D   2222
     102    2678       0       0       0                        01010500D   2223
     102       0       0       1       0                               0D   2224
     102    2679       0       0       0                        01010000D   2225
     102       0       0       1       0                               0D   2226
     142    2680       0       0       0                        00010500D   2227
     142       0       0       1       0                               0D   2228
     144    2681       0       0       1                        00010000D   2229
     144       0      -1       1       0                               0D   2230
     110    2682       0       0       0                        01010000D   2231
     110       0       0       1       0                               0D   2232
     110    2683       0       0       0                        01010000D   2233
     110       0       0       1       0                               0D   2234
     120    2684       0       0       0                        01010000D   2235
     120       0       0       1       0                               0D   2236
     126    2685       0       0       0                        01010500D   2237
     126       0       0       2       0                               0D   2238
     124    2687       0       0       0                        00000000D   2239
     124       0       0       4       0                               0D   2240
     100    2691       0       0       0            2239        01010000D   2241
     100       0       0       1       0                               0D   2242
     126    2692       0       0       0                        01010500D   2243
     126       0       0       2       0                               0D   2244
     110    2694       0       0       0                        01010000D   2245
     110       0       0       1       0                               0D   2246
     126    2695       0       0       0                        01010500D   2247
     126       0       0       2       0                               0D   2248
     100    2697       0       0       0                        01010000D   2249
     100       0       0       1       0                               0D   2250
     126    2698       0       0       0                        01010500D   2251
     126       0       0       2       0                               0D   2252
     110    2700       0       0       0                        01010000D   2253
     110       0       0       1       0                               0D   2254
     102    2701       0       0       0                        01010500D   2255
     102       0       0       1       0                               0D   2256
     102    2702       0       0       0                        01010000D   2257
     102       0       0       1       0                               0D   2258
     142    2703       0       0       0                        00010500D   2259
     142       0       0       1       0                               0D   2260
     144    2704       0       0       1                        00010000D   2261
     144       0      -1       1       0                               0D   2262
     110    2705       0       0       0                        01010000D   2263
     110       0       0       1       0                               0D   2264
     110    2706       0       0       0                        01010000D   2265
     110       0       0       1       0                               0D   2266
     120    2707       0       0       0                        01010000D   2267
     120       0       0       1       0                               0D   2268
     126    2708       0       0       0                        01010500D   2269
     126       0       0       2       0                               0D   2270
     124    2710       0       0       0                        00000000D   2271
     124       0       0       4       0                               0D   2272
     100    2714       0       0       0            2271        01010000D   2273
     100       0       0       1       0                               0D   2274
     126    2715       0       0       0                        01010500D   2275
     126       0       0       2       0                               0D   2276
     110    2717       0       0       0                        01010000D   2277
     110       0       0       1       0                               0D   2278
     126    2718       0       0       0                        01010500D   2279
     126       0       0       2       0                               0D   2280
     100    2720       0       0       0                        01010000D   2281
     100       0       0       1       0                               0D   2282
     126    2721       0       0       0                        01010500D   2283
     126       0       0       2       0                               0D   2284
     110    2723       0       0       0                        01010000D   2285
     110       0       0       1       0                               0D   2286
     102    2724       0       0       0                        01010500D   2287
     102       0       0       1       0                               0D   2288
     102    2725       0       0       0                        01010000D   2289
     102       0       0       1       0                               0D   2290
     142    2726       0       0       0                        00010500D   2291
     142       0       0       1       0                               0D   2292
     144    2727       0       0       1                        00010000D   2293
     144       0      -1       1       0                               0D   2294
     110    2728       0       0       0                        01010000D   2295
     110       0       0       1       0                               0D   2296
     110    2729       0       0       0                        01010000D   2297
     110       0       0       1       0                               0D   2298
     120    2730       0       0       0                        01010000D   2299
     120       0       0       1       0                               0D   2300
     126    2731       0       0       0                        01010500D   2301
     126       0       0       2       0                               0D   2302
     124    2733       0       0       0                        00000000D   2303
     124       0       0       4       0                               0D   2304
     100    2737       0       0       0            2303        01010000D   2305
     100       0       0       1       0                               0D   2306
     126    2738       0       0       0                        01010500D   2307
     126       0       0       2       0                               0D   2308
     110    2740       0       0       0                        01010000D   2309
     110       0       0       1       0                               0D   2310
     126    2741       0       0       0                        01010500D   2311
     126       0       0       2       0                               0D   2312
     100    2743       0       0       0                        01010000D   2313
     100       0       0       1       0                               0D   2314
     126    2744       0       0       0                        01010500D   2315
     126       0       0       2       0                               0D   2316
     110    2746       0       0       0                        01010000D   2317
     110       0       0       1       0                               0D   2318
     102    2747       0       0       0                        01010500D   2319
     102       0       0       1       0                               0D   2320
     102    2748       0       0       0                        01010000D   2321
     102       0       0       1       0                               0D   2322
     142    2749       0       0       0                        00010500D   2323
     142       0       0       1       0                               0D   2324
     144    2750       0       0       1                        00010000D   2325
     144       0      -1       1       0                               0D   2326
     110    2751       0       0       0                        01010000D   2327
     110       0       0       1       0                               0D   2328
     110    2752       0       0       0                        01010000D   2329
     110       0       0       1       0                               0D   2330
     120    2753       0       0       0                        01010000D   2331
     120       0       0       1       0                               0D   2332
     126    2754       0       0       0                        01010500D   2333
     126       0       0       2       0                               0D   2334
     124    2756       0       0       0                        00000000D   2335
     124       0       0       4       0                               0D   2336
     100    2760       0       0       0            2335        01010000D   2337
     100       0       0       1       0                               0D   2338
     126    2761       0       0       0                        01010500D   2339
     126       0       0       2       0                               0D   2340
     110    2763       0       0       0                        01010000D   2341
     110       0       0       1       0                               0D   2342
     126    2764       0       0       0                        01010500D   2343
     126       0       0       2       0                               0D   2344
     100    2766       0       0       0                        01010000D   2345
     100       0       0       1       0                               0D   2346
     126    2767       0       0       0                        01010500D   2347
     126       0       0       2       0                               0D   2348
     110    2769       0       0       0                        01010000D   2349
     110       0       0       1       0                               0D   2350
     102    2770       0       0       0                        01010500D   2351
     102       0       0       1       0                               0D   2352
     102    2771       0       0       0                        01010000D   2353
     102       0       0       1       0                               0D   2354
     142    2772       0       0       0                        00010500D   2355
     142       0       0       1       0                               0D   2356
     144    2773       0       0       1                        00010000D   2357
     144       0      -1       1       0                               0D   2358
     110    2774       0       0       0                        01010000D   2359
     110       0       0       1       0                               0D   2360
     110    2775       0       0       0                        01010000D   2361
     110       0       0       1       0                               0D   2362
     120    2776       0       0       0                        01010000D   2363
     120       0       0       1       0                               0D   2364
     126    2777       0       0       0                        01010500D   2365
     126       0       0       2       0                               0D   2366
     124    2779       0       0       0                        00000000D   2367
     124       0       0       4       0                               0D   2368
     100    2783       0       0       0            2367        01010000D   2369
     100       0       0       1       0                               0D   2370
     126    2784       0       0       0                        01010500D   2371
     126       0       0       2       0                               0D   2372
     110    2786       0       0       0                        01010000D   2373
     110       0       0       1       0                               0D   2374
     126    2787       0       0       0                        01010500D   2375
     126       0       0       2       0                               0D   2376
     100    2789       0       0       0                        01010000D   2377
     100       0       0       1       0                               0D   2378
     126    2790       0       0       0                        01010500D   2379
     126       0       0       2       0                               0D   2380
     110    2792       0       0       0                        01010000D   2381
     110       0       0       1       0                               0D   2382
     102    2793       0       0       0                        01010500D   2383
     102       0       0       1       0                               0D   2384
     102    2794       0       0       0                        01010000D   2385
     102       0       0       1       0                               0D   2386
     142    2795       0       0       0                        00010500D   2387
     142       0       0       1       0                               0D   2388
     144    2796       0       0       1                        00010000D   2389
     144       0      -1       1       0                               0D   2390
     110    2797       0       0       0                        01010000D   2391
     110       0       0       1       0                               0D   2392
     110    2798       0       0       0                        01010000D   2393
     110       0       0       1       0                               0D   2394
     120    2799       0       0       0                        01010000D   2395
     120       0       0       1       0                               0D   2396
     126    2800       0       0       0                        01010500D   2397
     126       0       0       2       0                               0D   2398
     124    2802       0       0       0                        00000000D   2399
     124       0       0       4       0                               0D   2400
     100    2806       0       0       0            2399        01010000D   2401
     100       0       0       1       0                               0D   2402
     126    2807       0       0       0                        01010500D   2403
     126       0       0       2       0                               0D   2404
     110    2809       0       0       0                        01010000D   2405
     110       0       0       1       0                               0D   2406
     126    2810       0       0       0                        01010500D   2407
     126       0       0       2       0                               0D   2408
     100    2812       0       0       0                        01010000D   2409
     100       0       0       1       0                               0D   2410
     126    2813       0       0       0                        01010500D   2411
     126       0       0       2       0                               0D   2412
     110    2815       0       0       0                        01010000D   2413
     110       0       0       1       0                               0D   2414
     102    2816       0       0       0                        01010500D   2415
     102       0       0       1       0                               0D   2416
     102    2817       0       0       0                        01010000D   2417
     102       0       0       1       0                               0D   2418
     142    2818       0       0       0                        00010500D   2419
     142       0       0       1       0                               0D   2420
     144    2819       0       0       1                        00010000D   2421
     144       0      -1       1       0                               0D   2422
     110    2820       0       0       0                        01010000D   2423
     110       0       0       1       0                               0D   2424
     110    2821       0       0       0                        01010000D   2425
     110       0       0       1       0                               0D   2426
     120    2822       0       0       0                        01010000D   2427
     120       0       0       1       0                               0D   2428
     126    2823       0       0       0                        01010500D   2429
     126       0       0       2       0                               0D   2430
     124    2825       0       0       0                        00000000D   2431
     124       0       0       4       0                               0D   2432
     100    2829       0       0       0            2431        01010000D   2433
     100       0       0       1       0                               0D   2434
     126    2830       0       0       0                        01010500D   2435
     126       0       0       2       0                               0D   2436
     110    2832       0       0       0                        01010000D   2437
     110       0       0       1       0                               0D   2438
     126    2833       0       0       0                        01010500D   2439
     126       0       0       2       0                               0D   2440
     100    2835       0       0       0                        01010000D   2441
     100       0       0       1       0                               0D   2442
     126    2836       0       0       0                        01010500D   2443
     126       0       0       2       0                               0D   2444
     110    2838       0       0       0                        01010000D   2445
     110       0       0       1       0                               0D   2446
     102    2839       0       0       0                        01010500D   2447
     102       0       0       1       0                               0D   2448
     102    2840       0       0       0                        01010000D   2449
     102       0       0       1       0                               0D   2450
     142    2841       0       0       0                        00010500D   2451
     142       0       0       1       0                               0D   2452
     144    2842       0       0       1                        00010000D   2453
     144       0      -1       1       0                               0D   2454
     110    2843       0       0       0                        01010000D   2455
     110       0       0       1       0                               0D   2456
     110    2844       0       0       0                        01010000D   2457
     110       0       0       1       0                               0D   2458
     120    2845       0       0       0                        01010000D   2459
     120       0       0       1       0                               0D   2460
     126    2846       0       0       0                        01010500D   2461
     126       0       0       2       0                               0D   2462
     124    2848       0       0       0                        00000000D   2463
     124       0       0       3       0                               0D   2464
     100    2851       0       0       0            2463        01010000D   2465
     100       0       0       1       0                               0D   2466
     126    2852       0       0       0                        01010500D   2467
     126       0       0       2       0                               0D   2468
     110    2854       0       0       0                        01010000D   2469
     110       0       0       1       0                               0D   2470
     126    2855       0       0       0                        01010500D   2471
     126       0       0       2       0                               0D   2472
     100    2857       0       0       0                        01010000D   2473
     100       0       0       1       0                               0D   2474
     126    2858       0       0       0                        01010500D   2475
     126       0       0       2       0                               0D   2476
     110    2860       0       0       0                        01010000D   2477
     110       0       0       1       0                               0D   2478
     102    2861       0       0       0                        01010500D   2479
     102       0       0       1       0                               0D   2480
     102    2862       0       0       0                        01010000D   2481
     102       0       0       1       0                               0D   2482
     142    2863       0       0       0                        00010500D   2483
     142       0       0       1       0                               0D   2484
     144    2864       0       0       1                        00010000D   2485
     144       0      -1       1       0                               0D   2486
     110    2865       0       0       0                        01010000D   2487
     110       0       0       1       0                               0D   2488
     110    2866       0       0       0                        01010000D   2489
     110       0       0       1       0                               0D   2490
     120    2867       0       0       0                        01010000D   2491
     120       0       0       1       0                               0D   2492
     126    2868       0       0       0                        01010500D   2493
     126       0       0       2       0                               0D   2494
     124    2870       0       0       0                        00000000D   2495
     124       0       0       4       0                               0D   2496
     100    2874       0       0       0            2495        01010000D   2497
     100       0       0       1       0                               0D   2498
     126    2875       0       0       0                        01010500D   2499
     126       0       0       2       0                               0D   2500
     110    2877       0       0       0                        01010000D   2501
     110       0       0       1       0                               0D   2502
     126    2878       0       0       0                        01010500D   2503
     126       0       0       2       0                               0D   2504
     100    2880       0       0       0                        01010000D   2505
     100       0       0       1       0                               0D   2506
     126    2881       0       0       0                        01010500D   2507
     126       0       0       2       0                               0D   2508
     110    2883       0       0       0                        01010000D   2509
     110       0       0       1       0                               0D   2510
     102    2884       0       0       0                        01010500D   2511
     102       0       0       1       0                               0D   2512
     102    2885       0       0       0                        01010000D   2513
     102       0       0       1       0                               0D   2514
     142    2886       0       0       0                        00010500D   2515
     142       0       0       1       0                               0D   2516
     144    2887       0       0       1                        00010000D   2517
     144       0      -1       1       0                               0D   2518
     110    2888       0       0       0                        01010000D   2519
     110       0       0       1       0                               0D   2520
     110    2889       0       0       0                        01010000D   2521
     110       0       0       1       0                               0D   2522
     120    2890       0       0       0                        01010000D   2523
     120       0       0       1       0                               0D   2524
     126    2891       0       0       0                        01010500D   2525
     126       0       0       2       0                               0D   2526
     124    2893       0       0       0                        00000000D   2527
     124       0       0       4       0                               0D   2528
     100    2897       0       0       0            2527        01010000D   2529
     100       0       0       1       0                               0D   2530
     126    2898       0       0       0                        01010500D   2531
     126       0       0       2       0                               0D   2532
     110    2900       0       0       0                        01010000D   2533
     110       0       0       1       0                               0D   2534
     126    2901       0       0       0                        01010500D   2535
     126       0       0       2       0                               0D   2536
     100    2903       0       0       0                        01010000D   2537
     100       0       0       1       0                               0D   2538
     126    2904       0       0       0                        01010500D   2539
     126       0       0       2       0                               0D   2540
     110    2906       0       0       0                        01010000D   2541
     110       0       0       1       0                               0D   2542
     102    2907       0       0       0                        01010500D   2543
     102       0       0       1       0                               0D   2544
     102    2908       0       0       0                        01010000D   2545
     102       0       0       1       0                               0D   2546
     142    2909       0       0       0                        00010500D   2547
     142       0       0       1       0                               0D   2548
     144    2910       0       0       1                        00010000D   2549
     144       0      -1       1       0                               0D   2550
     110    2911       0       0       0                        01010000D   2551
     110       0       0       1       0                               0D   2552
     110    2912       0       0       0                        01010000D   2553
     110       0       0       1       0                               0D   2554
     120    2913       0       0       0                        01010000D   2555
     120       0       0       1       0                               0D   2556
     126    2914       0       0       0                        01010500D   2557
     126       0       0       2       0                               0D   2558
     124    2916       0       0       0                        00000000D   2559
     124       0       0       4       0                               0D   2560
     100    2920       0       0       0            2559        01010000D   2561
     100       0       0       1       0                               0D   2562
     126    2921       0       0       0                        01010500D   2563
     126       0       0       2       0                               0D   2564
     110    2923       0       0       0                        01010000D   2565
     110       0       0       1       0                               0D   2566
     126    2924       0       0       0                        01010500D   2567
     126       0       0       2       0                               0D   2568
     100    2926       0       0       0                        01010000D   2569
     100       0       0       1       0                               0D   2570
     126    2927       0       0       0                        01010500D   2571
     126       0       0       2       0                               0D   2572
     110    2929       0       0       0                        01010000D   2573
     110       0       0       1       0                               0D   2574
     102    2930       0       0       0                        01010500D   2575
     102       0       0       1       0                               0D   2576
     102    2931       0       0       0                        01010000D   2577
     102       0       0       1       0                               0D   2578
     142    2932       0       0       0                        00010500D   2579
     142       0       0       1       0                               0D   2580
     144    2933       0       0       1                        00010000D   2581
     144       0      -1       1       0                               0D   2582
     110    2934       0       0       0                        01010000D   2583
     110       0       0       1       0                               0D   2584
     110    2935       0       0       0                        01010000D   2585
     110       0       0       1       0                               0D   2586
     120    2936       0       0       0                        01010000D   2587
     120       0       0       1       0                               0D   2588
     126    2937       0       0       0                        01010500D   2589
     126       0       0       2       0                               0D   2590
     124    2939       0       0       0                        00000000D   2591
     124       0       0       4       0                               0D   2592
     100    2943       0       0       0            2591        01010000D   2593
     100       0       0       1       0                               0D   2594
     126    2944       0       0       0                        01010500D   2595
     126       0       0       2       0                               0D   2596
     110    2946       0       0       0                        01010000D   2597
     110       0       0       1       0                               0D   2598
     126    2947       0       0       0                        01010500D   2599
     126       0       0       2       0                               0D   2600
     100    2949       0       0       0                        01010000D   2601
     100       0       0       1       0                               0D   2602
     126    2950       0       0       0                        01010500D   2603
     126       0       0       2       0                               0D   2604
     110    2952       0       0       0                        01010000D   2605
     110       0       0       1       0                               0D   2606
     102    2953       0       0       0                        01010500D   2607
     102       0       0       1       0                               0D   2608
     102    2954       0       0       0                        01010000D   2609
     102       0       0       1       0                               0D   2610
     142    2955       0       0       0                        00010500D   2611
     142       0       0       1       0                               0D   2612
     144    2956       0       0       1                        00010000D   2613
     144       0      -1       1       0                               0D   2614
     110    2957       0       0       0                        01010000D   2615
     110       0       0       1       0                               0D   2616
     110    2958       0       0       0                        01010000D   2617
     110       0       0       1       0                               0D   2618
     120    2959       0       0       0                        01010000D   2619
     120       0       0       1       0                               0D   2620
     126    2960       0       0       0                        01010500D   2621
     126       0       0       2       0                               0D   2622
     124    2962       0       0       0                        00000000D   2623
     124       0       0       4       0                               0D   2624
     100    2966       0       0       0            2623        01010000D   2625
     100       0       0       1       0                               0D   2626
     126    2967       0       0       0                        01010500D   2627
     126       0       0       2       0                               0D   2628
     110    2969       0       0       0                        01010000D   2629
     110       0       0       1       0                               0D   2630
     126    2970       0       0       0                        01010500D   2631
     126       0       0       2       0                               0D   2632
     100    2972       0       0       0                        01010000D   2633
     100       0       0       1       0                               0D   2634
     126    2973       0       0       0                        01010500D   2635
     126       0       0       2       0                               0D   2636
     110    2975       0       0       0                        01010000D   2637
     110       0       0       1       0                               0D   2638
     102    2976       0       0       0                        01010500D   2639
     102       0       0       1       0                               0D   2640
     102    2977       0       0       0                        01010000D   2641
     102       0       0       1       0                               0D   2642
     142    2978       0       0       0                        00010500D   2643
     142       0       0       1       0                               0D   2644
     144    2979       0       0       1                        00010000D   2645
     144       0      -1       1       0                               0D   2646
     110    2980       0       0       0                        01010000D   2647
     110       0       0       1       0                               0D   2648
     110    2981       0       0       0                        01010000D   2649
     110       0       0       1       0                               0D   2650
     120    2982       0       0       0                        01010000D   2651
     120       0       0       1       0                               0D   2652
     126    2983       0       0       0                        01010500D   2653
     126       0       0       2       0                               0D   2654
     124    2985       0       0       0                        00000000D   2655
     124       0       0       3       0                               0D   2656
     100    2988       0       0       0            2655        01010000D   2657
     100       0       0       1       0                               0D   2658
     126    2989       0       0       0                        01010500D   2659
     126       0       0       2       0                               0D   2660
     110    2991       0       0       0                        01010000D   2661
     110       0       0       1       0                               0D   2662
     126    2992       0       0       0                        01010500D   2663
     126       0       0       2       0                               0D   2664
     100    2994       0       0       0                        01010000D   2665
     100       0       0       1       0                               0D   2666
     126    2995       0       0       0                        01010500D   2667
     126       0       0       2       0                               0D   2668
     110    2997       0       0       0                        01010000D   2669
     110       0       0       1       0                               0D   2670
     102    2998       0       0       0                        01010500D   2671
     102       0       0       1       0                               0D   2672
     102    2999       0       0       0                        01010000D   2673
     102       0       0       1       0                               0D   2674
     142    3000       0       0       0                        00010500D   2675
     142       0       0       1       0                               0D   2676
     144    3001       0       0       1                        00010000D   2677
     144       0      -1       1       0                               0D   2678
     110    3002       0       0       0                        01010000D   2679
     110       0       0       1       0                               0D   2680
     110    3003       0       0       0                        01010000D   2681
     110       0       0       1       0                               0D   2682
     120    3004       0       0       0                        01010000D   2683
     120       0       0       1       0                               0D   2684
     126    3005       0       0       0                        01010500D   2685
     126       0       0       2       0                               0D   2686
     124    3007       0       0       0                        00000000D   2687
     124       0       0       3       0                               0D   2688
     100    3010       0       0       0            2687        01010000D   2689
     100       0       0       1       0                               0D   2690
     126    3011       0       0       0                        01010500D   2691
     126       0       0       2       0                               0D   2692
     110    3013       0       0       0                        01010000D   2693
     110       0       0       1       0                               0D   2694
     126    3014       0       0       0                        01010500D   2695
     126       0       0       2       0                               0D   2696
     100    3016       0       0       0                        01010000D   2697
     100       0       0       1       0                               0D   2698
     126    3017       0       0       0                        01010500D   2699
     126       0       0       2       0                               0D   2700
     110    3019       0       0       0                        01010000D   2701
     110       0       0       1       0                               0D   2702
     102    3020       0       0       0                        01010500D   2703
     102       0       0       1       0                               0D   2704
     102    3021       0       0       0                        01010000D   2705
     102       0       0       1       0                               0D   2706
     142    3022       0       0       0                        00010500D   2707
     142       0       0       1       0                               0D   2708
     144    3023       0       0       1                        00010000D   2709
     144       0      -1       1       0                               0D   2710
     110    3024       0       0       0                        01010000D   2711
     110       0       0       1       0                               0D   2712
     110    3025       0       0       0                        01010000D   2713
     110       0       0       1       0                               0D   2714
     120    3026       0       0       0                        01010000D   2715
     120       0       0       1       0                               0D   2716
     126    3027       0       0       0                        01010500D   2717
     126       0       0       2       0                               0D   2718
     124    3029       0       0       0                        00000000D   2719
     124       0       0       4       0                               0D   2720
     100    3033       0       0       0            2719        01010000D   2721
     100       0       0       1       0                               0D   2722
     126    3034       0       0       0                        01010500D   2723
     126       0       0       2       0                               0D   2724
     110    3036       0       0       0                        01010000D   2725
     110       0       0       1       0                               0D   2726
     126    3037       0       0       0                        01010500D   2727
     126       0       0       2       0                               0D   2728
     100    3039       0       0       0                        01010000D   2729
     100       0       0       1       0                               0D   2730
     126    3040       0       0       0                        01010500D   2731
     126       0       0       2       0                               0D   2732
     110    3042       0       0       0                        01010000D   2733
     110       0       0       1       0                               0D   2734
     102    3043       0       0       0                        01010500D   2735
     102       0       0       1       0                               0D   2736
     102    3044       0       0       0                        01010000D   2737
     102       0       0       1       0                               0D   2738
     142    3045       0       0       0                        00010500D   2739
     142       0       0       1       0                               0D   2740
     144    3046       0       0       1                        00010000D   2741
     144       0      -1       1       0                               0D   2742
     110    3047       0       0       0                        01010000D   2743
     110       0       0       1       0                               0D   2744
     110    3048       0       0       0                        01010000D   2745
     110       0       0       1       0                               0D   2746
     120    3049       0       0       0                        01010000D   2747
     120       0       0       1       0                               0D   2748
     126    3050       0       0       0                        01010500D   2749
     126       0       0       2       0                               0D   2750
     124    3052       0       0       0                        00000000D   2751
     124       0       0       3       0                               0D   2752
     100    3055       0       0       0            2751        01010000D   2753
     100       0       0       1       0                               0D   2754
     126    3056       0       0       0                        01010500D   2755
     126       0       0       2       0                               0D   2756
     110    3058       0       0       0                        01010000D   2757
     110       0       0       1       0                               0D   2758
     126    3059       0       0       0                        01010500D   2759
     126       0       0       2       0                               0D   2760
     100    3061       0       0       0                        01010000D   2761
     100       0       0       1       0                               0D   2762
     126    3062       0       0       0                        01010500D   2763
     126       0       0       2       0                               0D   2764
     110    3064       0       0       0                        01010000D   2765
     110       0       0       1       0                               0D   2766
     102    3065       0       0       0                        01010500D   2767
     102       0       0       1       0                               0D   2768
     102    3066       0       0       0                        01010000D   2769
     102       0       0       1       0                               0D   2770
     142    3067       0       0       0                        00010500D   2771
     142       0       0       1       0                               0D   2772
     144    3068       0       0       1                        00010000D   2773
     144       0      -1       1       0                               0D   2774
     110    3069       0       0       0                        01010000D   2775
     110       0       0       1       0                               0D   2776
     110    3070       0       0       0                        01010000D   2777
     110       0       0       1       0                               0D   2778
     120    3071       0       0       0                        01010000D   2779
     120       0       0       1       0                               0D   2780
     126    3072       0       0       0                        01010500D   2781
     126       0       0       2       0                               0D   2782
     124    3074       0       0       0                        00000000D   2783
     124       0       0       4       0                               0D   2784
     100    3078       0       0       0            2783        01010000D   2785
     100       0       0       1       0                               0D   2786
     126    3079       0       0       0                        01010500D   2787
     126       0       0       2       0                               0D   2788
     110    3081       0       0       0                        01010000D   2789
     110       0       0       1       0                               0D   2790
     126    3082       0       0       0                        01010500D   2791
     126       0       0       2       0                               0D   2792
     100    3084       0       0       0                        01010000D   2793
     100       0       0       1       0                               0D   2794
     126    3085       0       0       0                        01010500D   2795
     126       0       0       2       0                               0D   2796
     110    3087       0       0       0                        01010000D   2797
     110       0       0       1       0                               0D   2798
     102    3088       0       0       0                        01010500D   2799
     102       0       0       1       0                               0D   2800
     102    3089       0       0       0                        01010000D   2801
     102       0       0       1       0                               0D   2802
     142    3090       0       0       0                        00010500D   2803
     142       0       0       1       0                               0D   2804
     144    3091       0       0       1                        00010000D   2805
     144       0      -1       1       0                               0D   2806
     110    3092       0       0       0                        01010000D   2807
     110       0       0       1       0                               0D   2808
     110    3093       0       0       0                        01010000D   2809
     110       0       0       1       0                               0D   2810
     120    3094       0       0       0                        01010000D   2811
     120       0       0       1       0                               0D   2812
     126    3095       0       0       0                        01010500D   2813
     126       0       0       2       0                               0D   2814
     124    3097       0       0       0                        00000000D   2815
     124       0       0       4       0                               0D   2816
     100    3101       0       0       0            2815        01010000D   2817
     100       0       0       1       0                               0D   2818
     126    3102       0       0       0                        01010500D   2819
     126       0       0       2       0                               0D   2820
     110    3104       0       0       0                        01010000D   2821
     110       0       0       1       0                               0D   2822
     126    3105       0       0       0                        01010500D   2823
     126       0       0       2       0                               0D   2824
     100    3107       0       0       0                        01010000D   2825
     100       0       0       1       0                               0D   2826
     126    3108       0       0       0                        01010500D   2827
     126       0       0       2       0                               0D   2828
     110    3110       0       0       0                        01010000D   2829
     110       0       0       1       0                               0D   2830
     102    3111       0       0       0                        01010500D   2831
     102       0       0       1       0                               0D   2832
     102    3112       0       0       0                        01010000D   2833
     102       0       0       1       0                               0D   2834
     142    3113       0       0       0                        00010500D   2835
     142       0       0       1       0                               0D   2836
     144    3114       0       0       1                        00010000D   2837
     144       0      -1       1       0                               0D   2838
     110    3115       0       0       0                        01010000D   2839
     110       0       0       1       0                               0D   2840
     110    3116       0       0       0                        01010000D   2841
     110       0       0       1       0                               0D   2842
     120    3117       0       0       0                        01010000D   2843
     120       0       0       1       0                               0D   2844
     126    3118       0       0       0                        01010500D   2845
     126       0       0       2       0                               0D   2846
     124    3120       0       0       0                        00000000D   2847
     124       0       0       4       0                               0D   2848
     100    3124       0       0       0            2847        01010000D   2849
     100       0       0       1       0                               0D   2850
     126    3125       0       0       0                        01010500D   2851
     126       0       0       2       0                               0D   2852
     110    3127       0       0       0                        01010000D   2853
     110       0       0       1       0                               0D   2854
     126    3128       0       0       0                        01010500D   2855
     126       0       0       2       0                               0D   2856
     100    3130       0       0       0                        01010000D   2857
     100       0       0       1       0                               0D   2858
     126    3131       0       0       0                        01010500D   2859
     126       0       0       2       0                               0D   2860
     110    3133       0       0       0                        01010000D   2861
     110       0       0       1       0                               0D   2862
     102    3134       0       0       0                        01010500D   2863
     102       0       0       1       0                               0D   2864
     102    3135       0       0       0                        01010000D   2865
     102       0       0       1       0                               0D   2866
     142    3136       0       0       0                        00010500D   2867
     142       0       0       1       0                               0D   2868
     144    3137       0       0       1                        00010000D   2869
     144       0      -1       1       0                               0D   2870
     110    3138       0       0       0                        01010000D   2871
     110       0       0       1       0                               0D   2872
     110    3139       0       0       0                        01010000D   2873
     110       0       0       1       0                               0D   2874
     120    3140       0       0       0                        01010000D   2875
     120       0       0       1       0                               0D   2876
     126    3141       0       0       0                        01010500D   2877
     126       0       0       2       0                               0D   2878
     124    3143       0       0       0                        00000000D   2879
     124       0       0       4       0                               0D   2880
     100    3147       0       0       0            2879        01010000D   2881
     100       0       0       1       0                               0D   2882
     126    3148       0       0       0                        01010500D   2883
     126       0       0       2       0                               0D   2884
     110    3150       0       0       0                        01010000D   2885
     110       0       0       1       0                               0D   2886
     126    3151       0       0       0                        01010500D   2887
     126       0       0       2       0                               0D   2888
     100    3153       0       0       0                        01010000D   2889
     100       0       0       1       0                               0D   2890
     126    3154       0       0       0                        01010500D   2891
     126       0       0       2       0                               0D   2892
     110    3156       0       0       0                        01010000D   2893
     110       0       0       1       0                               0D   2894
     102    3157       0       0       0                        01010500D   2895
     102       0       0       1       0                               0D   2896
     102    3158       0       0       0                        01010000D   2897
     102       0       0       1       0                               0D   2898
     142    3159       0       0       0                        00010500D   2899
     142       0       0       1       0                               0D   2900
     144    3160       0       0       1                        00010000D   2901
     144       0      -1       1       0                               0D   2902
     110    3161       0       0       0                        01010000D   2903
     110       0       0       1       0                               0D   2904
     110    3162       0       0       0                        01010000D   2905
     110       0       0       1       0                               0D   2906
     120    3163       0       0       0                        01010000D   2907
     120       0       0       1       0                               0D   2908
     126    3164       0       0       0                        01010500D   2909
     126       0       0       2       0                               0D   2910
     124    3166       0       0       0                        00000000D   2911
     124       0       0       4       0                               0D   2912
     100    3170       0       0       0            2911        01010000D   2913
     100       0       0       1       0                               0D   2914
     126    3171       0       0       0                        01010500D   2915
     126       0       0       2       0                               0D   2916
     110    3173       0       0       0                        01010000D   2917
     110       0       0       1       0                               0D   2918
     126    3174       0       0       0                        01010500D   2919
     126       0       0       2       0                               0D   2920
     100    3176       0       0       0                        01010000D   2921
     100       0       0       1       0                               0D   2922
     126    3177       0       0       0                        01010500D   2923
     126       0       0       2       0                               0D   2924
     110    3179       0       0       0                        01010000D   2925
     110       0       0       1       0                               0D   2926
     102    3180       0       0       0                        01010500D   2927
     102       0       0       1       0                               0D   2928
     102    3181       0       0       0                        01010000D   2929
     102       0       0       1       0                               0D   2930
     142    3182       0       0       0                        00010500D   2931
     142       0       0       1       0                               0D   2932
     144    3183       0       0       1                        00010000D   2933
     144       0      -1       1       0                               0D   2934
     110    3184       0       0       0                        01010000D   2935
     110       0       0       1       0                               0D   2936
     110    3185       0       0       0                        01010000D   2937
     110       0       0       1       0                               0D   2938
     120    3186       0       0       0                        01010000D   2939
     120       0       0       1       0                               0D   2940
     126    3187       0       0       0                        01010500D   2941
     126       0       0       2       0                               0D   2942
     124    3189       0       0       0                        00000000D   2943
     124       0       0       4       0                               0D   2944
     100    3193       0       0       0            2943        01010000D   2945
     100       0       0       1       0                               0D   2946
     126    3194       0       0       0                        01010500D   2947
     126       0       0       2       0                               0D   2948
     110    3196       0       0       0                        01010000D   2949
     110       0       0       1       0                               0D   2950
     126    3197       0       0       0                        01010500D   2951
     126       0       0       2       0                               0D   2952
     100    3199       0       0       0                        01010000D   2953
     100       0       0       1       0                               0D   2954
     126    3200       0       0       0                        01010500D   2955
     126       0       0       2       0                               0D   2956
     110    3202       0       0       0                        01010000D   2957
     110       0       0       1       0                               0D   2958
     102    3203       0       0       0                        01010500D   2959
     102       0       0       1       0                               0D   2960
     102    3204       0       0       0                        01010000D   2961
     102       0       0       1       0                               0D   2962
     142    3205       0       0       0                        00010500D   2963
     142       0       0       1       0                               0D   2964
     144    3206       0       0       1                        00010000D   2965
     144       0      -1       1       0                               0D   2966
     110    3207       0       0       0                        01010000D   2967
     110       0       0       1       0                               0D   2968
     110    3208       0       0       0                        01010000D   2969
     110       0       0       1       0                               0D   2970
     120    3209       0       0       0                        01010000D   2971
     120       0       0       1       0                               0D   2972
     126    3210       0       0       0                        01010500D   2973
     126       0       0       2       0                               0D   2974
     124    3212       0       0       0                        00000000D   2975
     124       0       0       4       0                               0D   2976
     100    3216       0       0       0            2975        01010000D   2977
     100       0       0       1       0                               0D   2978
     126    3217       0       0       0                        01010500D   2979
     126       0       0       2       0                               0D   2980
     110    3219       0       0       0                        01010000D   2981
     110       0       0       1       0                               0D   2982
     126    3220       0       0       0                        01010500D   2983
     126       0       0       2       0                               0D   2984
     100    3222       0       0       0                        01010000D   2985
     100       0       0       1       0                               0D   2986
     126    3223       0       0       0                        01010500D   2987
     126       0       0       2       0                               0D   2988
     110    3225       0       0       0                        01010000D   2989
     110       0       0       1       0                               0D   2990
     102    3226       0       0       0                        01010500D   2991
     102       0       0       1       0                               0D   2992
     102    3227       0       0       0                        01010000D   2993
     102       0       0       1       0                               0D   2994
     142    3228       0       0       0                        00010500D   2995
     142       0       0       1       0                               0D   2996
     144    3229       0       0       1                        00010000D   2997
     144       0      -1       1       0                               0D   2998
     110    3230       0       0       0                        01010000D   2999
     110       0       0       1       0                               0D   3000
     110    3231       0       0       0                        01010000D   3001
     110       0       0       1       0                               0D   3002
     120    3232       0       0       0                        01010000D   3003
     120       0       0       1       0                               0D   3004
     126    3233       0       0       0                        01010500D   3005
     126       0       0       2       0                               0D   3006
     124    3235       0       0       0                        00000000D   3007
     124       0       0       4       0                               0D   3008
     100    3239       0       0       0            3007        01010000D   3009
     100       0       0       1       0                               0D   3010
     126    3240       0       0       0                        01010500D   3011
     126       0       0       2       0                               0D   3012
     110    3242       0       0       0                        01010000D   3013
     110       0       0       1       0                               0D   3014
     126    3243       0       0       0                        01010500D   3015
     126       0       0       2       0                               0D   3016
     100    3245       0       0       0                        01010000D   3017
     100       0       0       1       0                               0D   3018
     126    3246       0       0       0                        01010500D   3019
     126       0       0       2       0                               0D   3020
     110    3248       0       0       0                        01010000D   3021
     110       0       0       1       0                               0D   3022
     102    3249       0       0       0                        01010500D   3023
     102       0       0       1       0                               0D   3024
     102    3250       0       0       0                        01010000D   3025
     102       0       0       1       0                               0D   3026
     142    3251       0       0       0                        00010500D   3027
     142       0       0       1       0                               0D   3028
     144    3252       0       0       1                        00010000D   3029
     144       0      -1       1       0                               0D   3030
     110    3253       0       0       0                        01010000D   3031
     110       0       0       1       0                               0D   3032
     110    3254       0       0       0                        01010000D   3033
     110       0       0       1       0                               0D   3034
     120    3255       0       0       0                        01010000D   3035
     120       0       0       1       0                               0D   3036
     126    3256       0       0       0                        01010500D   3037
     126       0       0       2       0                               0D   3038
     124    3258       0       0       0                        00000000D   3039
     124       0       0       3       0                               0D   3040
     100    3261       0       0       0            3039        01010000D   3041
     100       0       0       1       0                               0D   3042
     126    3262       0       0       0                        01010500D   3043
     126       0       0       2       0                               0D   3044
     110    3264       0       0       0                        01010000D   3045
     110       0       0       1       0                               0D   3046
     126    3265       0       0       0                        01010500D   3047
     126       0       0       2       0                               0D   3048
     100    3267       0       0       0                        01010000D   3049
     100       0       0       1       0                               0D   3050
     126    3268       0       0       0                        01010500D   3051
     126       0       0       2       0                               0D   3052
     110    3270       0       0       0                        01010000D   3053
     110       0       0       1       0                               0D   3054
     102    3271       0       0       0                        01010500D   3055
     102       0       0       1       0                               0D   3056
     102    3272       0       0       0                        01010000D   3057
     102       0       0       1       0                               0D   3058
     142    3273       0       0       0                        00010500D   3059
     142       0       0       1       0                               0D   3060
     144    3274       0       0       1                        00010000D   3061
     144       0      -1       1       0                               0D   3062
     110    3275       0       0       0                        01010000D   3063
     110       0       0       1       0                               0D   3064
     110    3276       0       0       0                        01010000D   3065
     110       0       0       1       0                               0D   3066
     120    3277       0       0       0                        01010000D   3067
     120       0       0       1       0                               0D   3068
     126    3278       0       0       0                        01010500D   3069
     126       0       0       2       0                               0D   3070
     124    3280       0       0       0                        00000000D   3071
     124       0       0       4       0                               0D   3072
     100    3284       0       0       0            3071        01010000D   3073
     100       0       0       1       0                               0D   3074
     126    3285       0       0       0                        01010500D   3075
     126       0       0       2       0                               0D   3076
     110    3287       0       0       0                        01010000D   3077
     110       0       0       1       0                               0D   3078
     126    3288       0       0       0                        01010500D   3079
     126       0       0       2       0                               0D   3080
     100    3290       0       0       0                        01010000D   3081
     100       0       0       1       0                               0D   3082
     126    3291       0       0       0                        01010500D   3083
     126       0       0       2       0                               0D   3084
     110    3293       0       0       0                        01010000D   3085
     110       0       0       1       0                               0D   3086
     102    3294       0       0       0                        01010500D   3087
     102       0       0       1       0                               0D   3088
     102    3295       0       0       0                        01010000D   3089
     102       0       0       1       0                               0D   3090
     142    3296       0       0       0                        00010500D   3091
     142       0       0       1       0                               0D   3092
     144    3297       0       0       1                        00010000D   3093
     144       0      -1       1       0                               0D   3094
     110    3298       0       0       0                        01010000D   3095
     110       0       0       1       0                               0D   3096
     110    3299       0       0       0                        01010000D   3097
     110       0       0       1       0                               0D   3098
     120    3300       0       0       0                        01010000D   3099
     120       0       0       1       0                               0D   3100
     126    3301       0       0       0                        01010500D   3101
     126       0       0       2       0                               0D   3102
     124    3303       0       0       0                        00000000D   3103
     124       0       0       4       0                               0D   3104
     100    3307       0       0       0            3103        01010000D   3105
     100       0       0       1       0                               0D   3106
     126    3308       0       0       0                        01010500D   3107
     126       0       0       2       0                               0D   3108
     110    3310       0       0       0                        01010000D   3109
     110       0       0       1       0                               0D   3110
     126    3311       0       0       0                        01010500D   3111
     126       0       0       2       0                               0D   3112
     100    3313       0       0       0                        01010000D   3113
     100       0       0       1       0                               0D   3114
     126    3314       0       0       0                        01010500D   3115
     126       0       0       2       0                               0D   3116
     110    3316       0       0       0                        01010000D   3117
     110       0       0       1       0                               0D   3118
     102    3317       0       0       0                        01010500D   3119
     102       0       0       1       0                               0D   3120
     102    3318       0       0       0                        01010000D   3121
     102       0       0       1       0                               0D   3122
     142    3319       0       0       0                        00010500D   3123
     142       0       0       1       0                               0D   3124
     144    3320       0       0       1                        00010000D   3125
     144       0      -1       1       0                               0D   3126
     110    3321       0       0       0                        01010000D   3127
     110       0       0       1       0                               0D   3128
     110    3322       0       0       0                        01010000D   3129
     110       0       0       1       0                               0D   3130
     120    3323       0       0       0                        01010000D   3131
     120       0       0       1       0                               0D   3132
     126    3324       0       0       0                        01010500D   3133
     126       0       0       2       0                               0D   3134
     124    3326       0       0       0                        00000000D   3135
     124       0       0       4       0                               0D   3136
     100    3330       0       0       0            3135        01010000D   3137
     100       0       0       1       0                               0D   3138
     126    3331       0       0       0                        01010500D   3139
     126       0       0       2       0                               0D   3140
     110    3333       0       0       0                        01010000D   3141
     110       0       0       1       0                               0D   3142
     126    3334       0       0       0                        01010500D   3143
     126       0       0       2       0                               0D   3144
     100    3336       0       0       0                        01010000D   3145
     100       0       0       1       0                               0D   3146
     126    3337       0       0       0                        01010500D   3147
     126       0       0       2       0                               0D   3148
     110    3339       0       0       0                        01010000D   3149
     110       0       0       1       0                               0D   3150
     102    3340       0       0       0                        01010500D   3151
     102       0       0       1       0                               0D   3152
     102    3341       0       0       0                        01010000D   3153
     102       0       0       1       0                               0D   3154
     142    3342       0       0       0                        00010500D   3155
     142       0       0       1       0                               0D   3156
     144    3343       0       0       1                        00010000D   3157
     144       0      -1       1       0                               0D   3158
     110    3344       0       0       0                        01010000D   3159
     110       0       0       1       0                               0D   3160
     110    3345       0       0       0                        01010000D   3161
     110       0       0       1       0                               0D   3162
     120    3346       0       0       0                        01010000D   3163
     120       0       0       1       0                               0D   3164
     126    3347       0       0       0                        01010500D   3165
     126       0       0       2       0                               0D   3166
     124    3349       0       0       0                        00000000D   3167
     124       0       0       3       0                               0D   3168
     100    3352       0       0       0            3167        01010000D   3169
     100       0       0       1       0                               0D   3170
     126    3353       0       0       0                        01010500D   3171
     126       0       0       2       0                               0D   3172
     110    3355       0       0       0                        01010000D   3173
     110       0       0       1       0                               0D   3174
     126    3356       0       0       0                        01010500D   3175
     126       0       0       2       0                               0D   3176
     100    3358       0       0       0                        01010000D   3177
     100       0       0       1       0                               0D   3178
     126    3359       0       0       0                        01010500D   3179
     126       0       0       2       0                               0D   3180
     110    3361       0       0       0                        01010000D   3181
     110       0       0       1       0                               0D   3182
     102    3362       0       0       0                        01010500D   3183
     102       0       0       1       0                               0D   3184
     102    3363       0       0       0                        01010000D   3185
     102       0       0       1       0                               0D   3186
     142    3364       0       0       0                        00010500D   3187
     142       0       0       1       0                               0D   3188
     144    3365       0       0       1                        00010000D   3189
     144       0      -1       1       0                               0D   3190
     110    3366       0       0       0                        01010000D   3191
     110       0       0       1       0                               0D   3192
     110    3367       0       0       0                        01010000D   3193
     110       0       0       1       0                               0D   3194
     120    3368       0       0       0                        01010000D   3195
     120       0       0       1       0                               0D   3196
     126    3369       0       0       0                        01010500D   3197
     126       0       0       2       0                               0D   3198
     124    3371       0       0       0                        00000000D   3199
     124       0       0       3       0                               0D   3200
     100    3374       0       0       0            3199        01010000D   3201
     100       0       0       1       0                               0D   3202
     126    3375       0       0       0                        01010500D   3203
     126       0       0       2       0                               0D   3204
     110    3377       0       0       0                        01010000D   3205
     110       0       0       1       0                               0D   3206
     126    3378       0       0       0                        01010500D   3207
     126       0       0       2       0                               0D   3208
     100    3380       0       0       0                        01010000D   3209
     100       0       0       1       0                               0D   3210
     126    3381       0       0       0                        01010500D   3211
     126       0       0       2       0                               0D   3212
     110    3383       0       0       0                        01010000D   3213
     110       0       0       1       0                               0D   3214
     102    3384       0       0       0                        01010500D   3215
     102       0       0       1       0                               0D   3216
     102    3385       0       0       0                        01010000D   3217
     102       0       0       1       0                               0D   3218
     142    3386       0       0       0                        00010500D   3219
     142       0       0       1       0                               0D   3220
     144    3387       0       0       1                        00010000D   3221
     144       0      -1       1       0                               0D   3222
     110    3388       0       0       0                        01010000D   3223
     110       0       0       1       0                               0D   3224
     110    3389       0       0       0                        01010000D   3225
     110       0       0       1       0                               0D   3226
     120    3390       0       0       0                        01010000D   3227
     120       0       0       1       0                               0D   3228
     126    3391       0       0       0                        01010500D   3229
     126       0       0       2       0                               0D   3230
     124    3393       0       0       0                        00000000D   3231
     124       0       0       4       0                               0D   3232
     100    3397       0       0       0            3231        01010000D   3233
     100       0       0       1       0                               0D   3234
     126    3398       0       0       0                        01010500D   3235
     126       0       0       2       0                               0D   3236
     110    3400       0       0       0                        01010000D   3237
     110       0       0       1       0                               0D   3238
     126    3401       0       0       0                        01010500D   3239
     126       0       0       2       0                               0D   3240
     100    3403       0       0       0                        01010000D   3241
     100       0       0       1       0                               0D   3242
     126    3404       0       0       0                        01010500D   3243
     126       0       0       2       0                               0D   3244
     110    3406       0       0       0                        01010000D   3245
     110       0       0       1       0                               0D   3246
     102    3407       0       0       0                        01010500D   3247
     102       0       0       1       0                               0D   3248
     102    3408       0       0       0                        01010000D   3249
     102       0       0       1       0                               0D   3250
     142    3409       0       0       0                        00010500D   3251
     142       0       0       1       0                               0D   3252
     144    3410       0       0       1                        00010000D   3253
     144       0      -1       1       0                               0D   3254
     110    3411       0       0       0                        01010000D   3255
     110       0       0       1       0                               0D   3256
     110    3412       0       0       0                        01010000D   3257
     110       0       0       1       0                               0D   3258
     120    3413       0       0       0                        01010000D   3259
     120       0       0       1       0                               0D   3260
     126    3414       0       0       0                        01010500D   3261
     126       0       0       2       0                               0D   3262
     124    3416       0       0       0                        00000000D   3263
     124       0       0       4       0                               0D   3264
     100    3420       0       0       0            3263        01010000D   3265
     100       0       0       1       0                               0D   3266
     126    3421       0       0       0                        01010500D   3267
     126       0       0       2       0                               0D   3268
     110    3423       0       0       0                        01010000D   3269
     110       0       0       1       0                               0D   3270
     126    3424       0       0       0                        01010500D   3271
     126       0       0       2       0                               0D   3272
     100    3426       0       0       0                        01010000D   3273
     100       0       0       1       0                               0D   3274
     126    3427       0       0       0                        01010500D   3275
     126       0       0       2       0                               0D   3276
     110    3429       0       0       0                        01010000D   3277
     110       0       0       1       0                               0D   3278
     102    3430       0       0       0                        01010500D   3279
     102       0       0       1       0                               0D   3280
     102    3431       0       0       0                        01010000D   3281
     102       0       0       1       0                               0D   3282
     142    3432       0       0       0                        00010500D   3283
     142       0       0       1       0                               0D   3284
     144    3433       0       0       1                        00010000D   3285
     144       0      -1       1       0                               0D   3286
     308    3434       0       0       1                        00010201D   3287
     308       0       0       6       0                               0D   3288
     124    3440       0       0       0                        00000000D   3289
     124       0       0       3       0                               0D   3290
     408    3443       0       0       2            3289        00000001D   3291
     408       0       0       1       0                               0D   3292
     128    3444       0       0       0                        01010000D   3293
     128       0       0       2       0                               0D   3294
     126    3446       0       0       0                        01010500D   3295
     126       0       0       2       0                               0D   3296
     110    3448       0       0       0                        01010000D   3297
     110       0       0       1       0                               0D   3298
     126    3449       0       0       0                        01010500D   3299
     126       0       0       2       0                               0D   3300
     110    3451       0       0       0                        01010000D   3301
     110       0       0       1       0                               0D   3302
     126    3452       0       0       0                        01010500D   3303
     126       0       0       2       0                               0D   3304
     110    3454       0       0       0                        01010000D   3305
     110       0       0       1       0                               0D   3306
     126    3455       0       0       0                        01010500D   3307
     126       0       0       2       0                               0D   3308
     110    3457       0       0       0                        01010000D   3309
     110       0       0       1       0                               0D   3310
     102    3458       0       0       0                        01010500D   3311
     102       0       0       1       0                               0D   3312
     102    3459       0       0       0                        01010000D   3313
     102       0       0       1       0                               0D   3314
     142    3460       0       0       0                        00010500D   3315
     142       0       0       1       0                               0D   3316
     144    3461       0       0       3                        00010000D   3317
     144       0      -1       1       0                               0D   3318
     128    3462       0       0       0                        01010000D   3319
     128       0       0       2       0                               0D   3320
     126    3464       0       0       0                        01010500D   3321
     126       0       0       2       0                               0D   3322
     110    3466       0       0       0                        01010000D   3323
     110       0       0       1       0                               0D   3324
     126    3467       0       0       0                        01010500D   3325
     126       0       0       2       0                               0D   3326
     110    3469       0       0       0                        01010000D   3327
     110       0       0       1       0                               0D   3328
     126    3470       0       0       0                        01010500D   3329
     126       0       0       2       0                               0D   3330
     110    3472       0       0       0                        01010000D   3331
     110       0       0       1       0                               0D   3332
     126    3473       0       0       0                        01010500D   3333
     126       0       0       2       0                               0D   3334
     110    3475       0       0       0                        01010000D   3335
     110       0       0       1       0                               0D   3336
     102    3476       0       0       0                        01010500D   3337
     102       0       0       1       0                               0D   3338
     102    3477       0       0       0                        01010000D   3339
     102       0       0       1       0                               0D   3340
     142    3478       0       0       0                        00010500D   3341
     142       0       0       1       0                               0D   3342
     144    3479       0       0       3                        00010000D   3343
     144       0      -1       1       0                               0D   3344
     128    3480       0       0       0                        01010000D   3345
     128       0       0       3       0                               0D   3346
     126    3483       0       0       0                        01010500D   3347
     126       0       0       2       0                               0D   3348
     110    3485       0       0       0                        01010000D   3349
     110       0       0       1       0                               0D   3350
     126    3486       0       0       0                        01010500D   3351
     126       0       0       2       0                               0D   3352
     110    3488       0       0       0                        01010000D   3353
     110       0       0       1       0                               0D   3354
     126    3489       0       0       0                        01010500D   3355
     126       0       0       2       0                               0D   3356
     110    3491       0       0       0                        01010000D   3357
     110       0       0       1       0                               0D   3358
     126    3492       0       0       0                        01010500D   3359
     126       0       0       2       0                               0D   3360
     110    3494       0       0       0                        01010000D   3361
     110       0       0       1       0                               0D   3362
     102    3495       0       0       0                        01010500D   3363
     102       0       0       1       0                               0D   3364
     102    3496       0       0       0                        01010000D   3365
     102       0       0       1       0                               0D   3366
     142    3497       0       0       0                        00010500D   3367
     142       0       0       1       0                               0D   3368
     144    3498       0       0       3                        00010000D   3369
     144       0      -1       1       0                               0D   3370
     128    3499       0       0       0                        01010000D   3371
     128       0       0       2       0                               0D   3372
     126    3501       0       0       0                        01010500D   3373
     126       0       0       2       0                               0D   3374
     110    3503       0       0       0                        01010000D   3375
     110       0       0       1       0                               0D   3376
     126    3504       0       0       0                        01010500D   3377
     126       0       0       2       0                               0D   3378
     110    3506       0       0       0                        01010000D   3379
     110       0       0       1       0                               0D   3380
     126    3507       0       0       0                        01010500D   3381
     126       0       0       2       0                               0D   3382
     110    3509       0       0       0                        01010000D   3383
     110       0       0       1       0                               0D   3384
     126    3510       0       0       0                        01010500D   3385
     126       0       0       2       0                               0D   3386
     110    3512       0       0       0                        01010000D   3387
     110       0       0       1       0                               0D   3388
     102    3513       0       0       0                        01010500D   3389
     102       0       0       1       0                               0D   3390
     102    3514       0       0       0                        01010000D   3391
     102       0       0       1       0                               0D   3392
     142    3515       0       0       0                        00010500D   3393
     142       0       0       1       0                               0D   3394
     144    3516       0       0       3                        00010000D   3395
     144       0      -1       1       0                               0D   3396
     128    3517       0       0       0                        01010000D   3397
     128       0       0       2       0                               0D   3398
     126    3519       0       0       0                        01010500D   3399
     126       0       0       2       0                               0D   3400
     110    3521       0       0       0                        01010000D   3401
     110       0       0       1       0                               0D   3402
     126    3522       0       0       0                        01010500D   3403
     126       0       0       2       0                               0D   3404
     110    3524       0       0       0                        01010000D   3405
     110       0       0       1       0                               0D   3406
     126    3525       0       0       0                        01010500D   3407
     126       0       0       2       0                               0D   3408
     110    3527       0       0       0                        01010000D   3409
     110       0       0       1       0                               0D   3410
     126    3528       0       0       0                        01010500D   3411
     126       0       0       2       0                               0D   3412
     110    3530       0       0       0                        01010000D   3413
     110       0       0       1       0                               0D   3414
     102    3531       0       0       0                        01010500D   3415
     102       0       0       1       0                               0D   3416
     102    3532       0       0       0                        01010000D   3417
     102       0       0       1       0                               0D   3418
     142    3533       0       0       0                        00010500D   3419
     142       0       0       1       0                               0D   3420
     144    3534       0       0       3                        00010000D   3421
     144       0      -1       1       0                               0D   3422
     128    3535       0       0       0                        01010000D   3423
     128       0       0       2       0                               0D   3424
     126    3537       0       0       0                        01010500D   3425
     126       0       0       2       0                               0D   3426
     110    3539       0       0       0                        01010000D   3427
     110       0       0       1       0                               0D   3428
     126    3540       0       0       0                        01010500D   3429
     126       0       0       2       0                               0D   3430
     110    3542       0       0       0                        01010000D   3431
     110       0       0       1       0                               0D   3432
     126    3543       0       0       0                        01010500D   3433
     126       0       0       2       0                               0D   3434
     110    3545       0       0       0                        01010000D   3435
     110       0       0       1       0                               0D   3436
     126    3546       0       0       0                        01010500D   3437
     126       0       0       2       0                               0D   3438
     110    3548       0       0       0                        01010000D   3439
     110       0       0       1       0                               0D   3440
     102    3549       0       0       0                        01010500D   3441
     102       0       0       1       0                               0D   3442
     102    3550       0       0       0                        01010000D   3443
     102       0       0       1       0                               0D   3444
     142    3551       0       0       0                        00010500D   3445
     142       0       0       1       0                               0D   3446
     144    3552       0       0       3                        00010000D   3447
     144       0      -1       1       0                               0D   3448
     308    3553       0       0       3                        00010201D   3449
     308       0       0       1       0                               0D   3450
     124    3554       0       0       0                        00000000D   3451
     124       0       0       3       0                               0D   3452
     408    3557       0       0       4            3451        00000001D   3453
     408       0       0       1       0                               0D   3454
     124    3558       0       0       0                        00000000D   3455
     124       0       0       3       0                               0D   3456
     408    3561       0       0       5            3455        00000001D   3457
     408       0       0       1       0                               0D   3458
     128    3562       0       0       0                        01010000D   3459
     128       0       0       2       0                               0D   3460
     126    3564       0       0       0                        01010500D   3461
     126       0       0       2       0                               0D   3462
     110    3566       0       0       0                        01010000D   3463
     110       0       0       1       0                               0D   3464
     126    3567       0       0       0                        01010500D   3465
     126       0       0       2       0                               0D   3466
     110    3569       0       0       0                        01010000D   3467
     110       0       0       1       0                               0D   3468
     126    3570       0       0       0                        01010500D   3469
     126       0       0       2       0                               0D   3470
     110    3572       0       0       0                        01010000D   3471
     110       0       0       1       0                               0D   3472
     126    3573       0       0       0                        01010500D   3473
     126       0       0       2       0                               0D   3474
     110    3575       0       0       0                        01010000D   3475
     110       0       0       1       0                               0D   3476
     102    3576       0       0       0                        01010500D   3477
     102       0       0       1       0                               0D   3478
     102    3577       0       0       0                        01010000D   3479
     102       0       0       1       0                               0D   3480
     142    3578       0       0       0                        00010500D   3481
     142       0       0       1       0                               0D   3482
     144    3579       0       0       6                        00010000D   3483
     144       0      -1       1       0                               0D   3484
     128    3580       0       0       0                        01010000D   3485
     128       0       0       2       0                               0D   3486
     126    3582       0       0       0                        01010500D   3487
     126       0       0       2       0                               0D   3488
     110    3584       0       0       0                        01010000D   3489
     110       0       0       1       0                               0D   3490
     126    3585       0       0       0                        01010500D   3491
     126       0       0       2       0                               0D   3492
     110    3587       0       0       0                        01010000D   3493
     110       0       0       1       0                               0D   3494
     126    3588       0       0       0                        01010500D   3495
     126       0       0       2       0                               0D   3496
     110    3590       0       0       0                        01010000D   3497
     110       0       0       1       0                               0D   3498
     126    3591       0       0       0                        01010500D   3499
     126       0       0       2       0                               0D   3500
     110    3593       0       0       0                        01010000D   3501
     110       0       0       1       0                               0D   3502
     102    3594       0       0       0                        01010500D   3503
     102       0       0       1       0                               0D   3504
     102    3595       0       0       0                        01010000D   3505
     102       0       0       1       0                               0D   3506
     142    3596       0       0       0                        00010500D   3507
     142       0       0       1       0                               0D   3508
     144    3597       0       0       6                        00010000D   3509
     144       0      -1       1       0                               0D   3510
     128    3598       0       0       0                        01010000D   3511
     128       0       0       3       0                               0D   3512
     126    3601       0       0       0                        01010500D   3513
     126       0       0       2       0                               0D   3514
     110    3603       0       0       0                        01010000D   3515
     110       0       0       1       0                               0D   3516
     126    3604       0       0       0                        01010500D   3517
     126       0       0       2       0                               0D   3518
     110    3606       0       0       0                        01010000D   3519
     110       0       0       1       0                               0D   3520
     126    3607       0       0       0                        01010500D   3521
     126       0       0       2       0                               0D   3522
     110    3609       0       0       0                        01010000D   3523
     110       0       0       1       0                               0D   3524
     126    3610       0       0       0                        01010500D   3525
     126       0       0       2       0                               0D   3526
     110    3612       0       0       0                        01010000D   3527
     110       0       0       1       0                               0D   3528
     102    3613       0       0       0                        01010500D   3529
     102       0       0       1       0                               0D   3530
     102    3614       0       0       0                        01010000D   3531
     102       0       0       1       0                               0D   3532
     142    3615       0       0       0                        00010500D   3533
     142       0       0       1       0                               0D   3534
     144    3616       0       0       6                        00010000D   3535
     144       0      -1       1       0                               0D   3536
     128    3617       0       0       0                        01010000D   3537
     128       0       0       2       0                               0D   3538
     126    3619       0       0       0                        01010500D   3539
     126       0       0       2       0                               0D   3540
     110    3621       0       0       0                        01010000D   3541
     110       0       0       1       0                               0D   3542
     126    3622       0       0       0                        01010500D   3543
     126       0       0       2       0                               0D   3544
     110    3624       0       0       0                        01010000D   3545
     110       0       0       1       0                               0D   3546
     126    3625       0       0       0                        01010500D   3547
     126       0       0       2       0                               0D   3548
     110    3627       0       0       0                        01010000D   3549
     110       0       0       1       0                               0D   3550
     126    3628       0       0       0                        01010500D   3551
     126       0       0       2       0                               0D   3552
     110    3630       0       0       0                        01010000D   3553
     110       0       0       1       0                               0D   3554
     102    3631       0       0       0                        01010500D   3555
     102       0       0       1       0                               0D   3556
     102    3632       0       0       0                        01010000D   3557
     102       0       0       1       0                               0D   3558
     142    3633       0       0       0                        00010500D   3559
     142       0       0       1       0                               0D   3560
     144    3634       0       0       6                        00010000D   3561
     144       0      -1       1       0                               0D   3562
     128    3635       0       0       0                        01010000D   3563
     128       0       0       2       0                               0D   3564
     126    3637       0       0       0                        01010500D   3565
     126       0       0       2       0                               0D   3566
     110    3639       0       0       0                        01010000D   3567
     110       0       0       1       0                               0D   3568
     126    3640       0       0       0                        01010500D   3569
     126       0       0       2       0                               0D   3570
     110    3642       0       0       0                        01010000D   3571
     110       0       0       1       0                               0D   3572
     126    3643       0       0       0                        01010500D   3573
     126       0       0       2       0                               0D   3574
     110    3645       0       0       0                        01010000D   3575
     110       0       0       1       0                               0D   3576
     126    3646       0       0       0                        01010500D   3577
     126       0       0       2       0                               0D   3578
     110    3648       0       0       0                        01010000D   3579
     110       0       0       1       0                               0D   3580
     102    3649       0       0       0                        01010500D   3581
     102       0       0       1       0                               0D   3582
     102    3650       0       0       0                        01010000D   3583
     102       0       0       1       0                               0D   3584
     142    3651       0       0       0                        00010500D   3585
     142       0       0       1       0                               0D   3586
     144    3652       0       0       6                        00010000D   3587
     144       0      -1       1       0                               0D   3588
     128    3653       0       0       0                        01010000D   3589
     128       0       0       2       0                               0D   3590
     126    3655       0       0       0                        01010500D   3591
     126       0       0       2       0                               0D   3592
     110    3657       0       0       0                        01010000D   3593
     110       0       0       1       0                               0D   3594
     126    3658       0       0       0                        01010500D   3595
     126       0       0       2       0                               0D   3596
     110    3660       0       0       0                        01010000D   3597
     110       0       0       1       0                               0D   3598
     126    3661       0       0       0                        01010500D   3599
     126       0       0       2       0                               0D   3600
     110    3663       0       0       0                        01010000D   3601
     110       0       0       1       0                               0D   3602
     126    3664       0       0       0                        01010500D   3603
     126       0       0       2       0                               0D   3604
     110    3666       0       0       0                        01010000D   3605
     110       0       0       1       0                               0D   3606
     102    3667       0       0       0                        01010500D   3607
     102       0       0       1       0                               0D   3608
     102    3668       0       0       0                        01010000D   3609
     102       0       0       1       0                               0D   3610
     142    3669       0       0       0                        00010500D   3611
     142       0       0       1       0                               0D   3612
     144    3670       0       0       6                        00010000D   3613
     144       0      -1       1       0                               0D   3614
     308    3671       0       0       6                        00010201D   3615
     308       0       0       1       0                               0D   3616
     124    3672       0       0       0                        00000000D   3617
     124       0       0       3       0                               0D   3618
     408    3675       0       0       7            3617        00000001D   3619
     408       0       0       1       0                               0D   3620
     124    3676       0       0       0                        00000000D   3621
     124       0       0       3       0                               0D   3622
     408    3679       0       0       8            3621        00000001D   3623
     408       0       0       1       0                               0D   3624
     128    3680       0       0       0                        01010000D   3625
     128       0       0       3       0                               0D   3626
     126    3683       0       0       0                        01010500D   3627
     126       0       0       2       0                               0D   3628
     110    3685       0       0       0                        01010000D   3629
     110       0       0       1       0                               0D   3630
     126    3686       0       0       0                        01010500D   3631
     126       0       0       2       0                               0D   3632
     110    3688       0       0       0                        01010000D   3633
     110       0       0       1       0                               0D   3634
     126    3689       0       0       0                        01010500D   3635
     126       0       0       2       0                               0D   3636
     110    3691       0       0       0                        01010000D   3637
     110       0       0       1       0                               0D   3638
     126    3692       0       0       0                        01010500D   3639
     126       0       0       2       0                               0D   3640
     110    3694       0       0       0                        01010000D   3641
     110       0       0       1       0                               0D   3642
     102    3695       0       0       0                        01010500D   3643
     102       0       0       1       0                               0D   3644
     102    3696       0       0       0                        01010000D   3645
     102       0       0       1       0                               0D   3646
     142    3697       0       0       0                        00010500D   3647
     142       0       0       1       0                               0D   3648
     144    3698       0       0       9                        00010000D   3649
     144       0      -1       1       0                               0D   3650
     128    3699       0       0       0                        01010000D   3651
     128       0       0       2       0                               0D   3652
     126    3701       0       0       0                        01010500D   3653
     126       0       0       2       0                               0D   3654
     110    3703       0       0       0                        01010000D   3655
     110       0       0       1       0                               0D   3656
     126    3704       0       0       0                        01010500D   3657
     126       0       0       2       0                               0D   3658
     110    3706       0       0       0                        01010000D   3659
     110       0       0       1       0                               0D   3660
     126    3707       0       0       0                        01010500D   3661
     126       0       0       2       0                               0D   3662
     110    3709       0       0       0                        01010000D   3663
     110       0       0       1       0                               0D   3664
     126    3710       0       0       0                        01010500D   3665
     126       0       0       2       0                               0D   3666
     110    3712       0       0       0                        01010000D   3667
     110       0       0       1       0                               0D   3668
     102    3713       0       0       0                        01010500D   3669
     102       0       0       1       0                               0D   3670
     102    3714       0       0       0                        01010000D   3671
     102       0       0       1       0                               0D   3672
     142    3715       0       0       0                        00010500D   3673
     142       0       0       1       0                               0D   3674
     144    3716       0       0       9                        00010000D   3675
     144       0      -1       1       0                               0D   3676
     128    3717       0       0       0                        01010000D   3677
     128       0       0       3       0                               0D   3678
     126    3720       0       0       0                        01010500D   3679
     126       0       0       2       0                               0D   3680
     110    3722       0       0       0                        01010000D   3681
     110       0       0       1       0                               0D   3682
     126    3723       0       0       0                        01010500D   3683
     126       0       0       2       0                               0D   3684
     110    3725       0       0       0                        01010000D   3685
     110       0       0       1       0                               0D   3686
     126    3726       0       0       0                        01010500D   3687
     126       0       0       2       0                               0D   3688
     110    3728       0       0       0                        01010000D   3689
     110       0       0       1       0                               0D   3690
     126    3729       0       0       0                        01010500D   3691
     126       0       0       2       0                               0D   3692
     110    3731       0       0       0                        01010000D   3693
     110       0       0       1       0                               0D   3694
     102    3732       0       0       0                        01010500D   3695
     102       0       0       1       0                               0D   3696
     102    3733       0       0       0                        01010000D   3697
     102       0       0       1       0                               0D   3698
     142    3734       0       0       0                        00010500D   3699
     142       0       0       1       0                               0D   3700
     144    3735       0       0       9                        00010000D   3701
     144       0      -1       1       0                               0D   3702
     128    3736       0       0       0                        01010000D   3703
     128       0       0       2       0                               0D   3704
     126    3738       0       0       0                        01010500D   3705
     126       0       0       2       0                               0D   3706
     110    3740       0       0       0                        01010000D   3707
     110       0       0       1       0                               0D   3708
     126    3741       0       0       0                        01010500D   3709
     126       0       0       2       0                               0D   3710
     110    3743       0       0       0                        01010000D   3711
     110       0       0       1       0                               0D   3712
     126    3744       0       0       0                        01010500D   3713
     126       0       0       2       0                               0D   3714
     110    3746       0       0       0                        01010000D   3715
     110       0       0       1       0                               0D   3716
     126    3747       0       0       0                        01010500D   3717
     126       0       0       2       0                               0D   3718
     110    3749       0       0       0                        01010000D   3719
     110       0       0       1       0                               0D   3720
     102    3750       0       0       0                        01010500D   3721
     102       0       0       1       0                               0D   3722
     102    3751       0       0       0                        01010000D   3723
     102       0       0       1       0                               0D   3724
     142    3752       0       0       0                        00010500D   3725
     142       0       0       1       0                               0D   3726
     144    3753       0       0       9                        00010000D   3727
     144       0      -1       1       0                               0D   3728
     128    3754       0       0       0                        01010000D   3729
     128       0       0       2       0                               0D   3730
     126    3756       0       0       0                        01010500D   3731
     126       0       0       2       0                               0D   3732
     110    3758       0       0       0                        01010000D   3733
     110       0       0       1       0                               0D   3734
     126    3759       0       0       0                        01010500D   3735
     126       0       0       2       0                               0D   3736
     110    3761       0       0       0                        01010000D   3737
     110       0       0       1       0                               0D   3738
     126    3762       0       0       0                        01010500D   3739
     126       0       0       2       0                               0D   3740
     110    3764       0       0       0                        01010000D   3741
     110       0       0       1       0                               0D   3742
     126    3765       0       0       0                        01010500D   3743
     126       0       0       2       0                               0D   3744
     110    3767       0       0       0                        01010000D   3745
     110       0       0       1       0                               0D   3746
     102    3768       0       0       0                        01010500D   3747
     102       0       0       1       0                               0D   3748
     102    3769       0       0       0                        01010000D   3749
     102       0       0       1       0                               0D   3750
     142    3770       0       0       0                        00010500D   3751
     142       0       0       1       0                               0D   3752
     126    3771       0       0       0                        01010500D   3753
     126       0       0       2       0                               0D   3754
     110    3773       0       0       0                        01010000D   3755
     110       0       0       1       0                               0D   3756
     126    3774       0       0       0                        01010500D   3757
     126       0       0       2       0                               0D   3758
     110    3776       0       0       0                        01010000D   3759
     110       0       0       1       0                               0D   3760
     126    3777       0       0       0                        01010500D   3761
     126       0       0       2       0                               0D   3762
     110    3779       0       0       0                        01010000D   3763
     110       0       0       1       0                               0D   3764
     126    3780       0       0       0                        01010500D   3765
     126       0       0       2       0                               0D   3766
     110    3782       0       0       0                        01010000D   3767
     110       0       0       1       0                               0D   3768
     102    3783       0       0       0                        01010500D   3769
     102       0       0       1       0                               0D   3770
     102    3784       0       0       0                        01010000D   3771
     102       0       0       1       0                               0D   3772
     142    3785       0       0       0                        00010500D   3773
     142       0       0       1       0                               0D   3774
     144    3786       0       0       9                        00010000D   3775
     144       0      -1       1       0                               0D   3776
     128    3787       0       0       0                        01010000D   3777
     128       0       0       2       0                               0D   3778
     126    3789       0       0       0                        01010500D   3779
     126       0       0       2       0                               0D   3780
     110    3791       0       0       0                        01010000D   3781
     110       0       0       1       0                               0D   3782
     126    3792       0       0       0                        01010500D   3783
     126       0       0       2       0                               0D   3784
     110    3794       0       0       0                        01010000D   3785
     110       0       0       1       0                               0D   3786
     126    3795       0       0       0                        01010500D   3787
     126       0       0       2       0                               0D   3788
     110    3797       0       0       0                        01010000D   3789
     110       0       0       1       0                               0D   3790
     126    3798       0       0       0                        01010500D   3791
     126       0       0       2       0                               0D   3792
     110    3800       0       0       0                        01010000D   3793
     110       0       0       1       0                               0D   3794
     102    3801       0       0       0                        01010500D   3795
     102       0       0       1       0                               0D   3796
     102    3802       0       0       0                        01010000D   3797
     102       0       0       1       0                               0D   3798
     142    3803       0       0       0                        00010500D   3799
     142       0       0       1       0                               0D   3800
     126    3804       0       0       0                        01010500D   3801
     126       0       0       2       0                               0D   3802
     110    3806       0       0       0                        01010000D   3803
     110       0       0       1       0                               0D   3804
     126    3807       0       0       0                        01010500D   3805
     126       0       0       2       0                               0D   3806
     110    3809       0       0       0                        01010000D   3807
     110       0       0       1       0                               0D   3808
     126    3810       0       0       0                        01010500D   3809
     126       0       0       2       0                               0D   3810
     110    3812       0       0       0                        01010000D   3811
     110       0       0       1       0                               0D   3812
     126    3813       0       0       0                        01010500D   3813
     126       0       0       2       0                               0D   3814
     110    3815       0       0       0                        01010000D   3815
     110       0       0       1       0                               0D   3816
     102    3816       0       0       0                        01010500D   3817
     102       0       0       1       0                               0D   3818
     102    3817       0       0       0                        01010000D   3819
     102       0       0       1       0                               0D   3820
     142    3818       0       0       0                        00010500D   3821
     142       0       0       1       0                               0D   3822
     144    3819       0       0       9                        00010000D   3823
     144       0      -1       1       0                               0D   3824
     128    3820       0       0       0                        01010000D   3825
     128       0       0       2       0                               0D   3826
     126    3822       0       0       0                        01010500D   3827
     126       0       0       2       0                               0D   3828
     110    3824       0       0       0                        01010000D   3829
     110       0       0       1       0                               0D   3830
     126    3825       0       0       0                        01010500D   3831
     126       0       0       2       0                               0D   3832
     110    3827       0       0       0                        01010000D   3833
     110       0       0       1       0                               0D   3834
     126    3828       0       0       0                        01010500D   3835
     126       0       0       2       0                               0D   3836
     110    3830       0       0       0                        01010000D   3837
     110       0       0       1       0                               0D   3838
     126    3831       0       0       0                        01010500D   3839
     126       0       0       2       0                               0D   3840
     110    3833       0       0       0                        01010000D   3841
     110       0       0       1       0                               0D   3842
     102    3834       0       0       0                        01010500D   3843
     102       0       0       1       0                               0D   3844
     102    3835       0       0       0                        01010000D   3845
     102       0       0       1       0                               0D   3846
     142    3836       0       0       0                        00010500D   3847
     142       0       0       1       0                               0D   3848
     144    3837       0       0       9                        00010000D   3849
     144       0      -1       1       0                               0D   3850
     128    3838       0       0       0                        01010000D   3851
     128       0       0       2       0                               0D   3852
     126    3840       0       0       0                        01010500D   3853
     126       0       0       2       0                               0D   3854
     110    3842       0       0       0                        01010000D   3855
     110       0       0       1       0                               0D   3856
     126    3843       0       0       0                        01010500D   3857
     126       0       0       2       0                               0D   3858
     110    3845       0       0       0                        01010000D   3859
     110       0       0       1       0                               0D   3860
     126    3846       0       0       0                        01010500D   3861
     126       0       0       2       0                               0D   3862
     110    3848       0       0       0                        01010000D   3863
     110       0       0       1       0                               0D   3864
     126    3849       0       0       0                        01010500D   3865
     126       0       0       2       0                               0D   3866
     110    3851       0       0       0                        01010000D   3867
     110       0       0       1       0                               0D   3868
     102    3852       0       0       0                        01010500D   3869
     102       0       0       1       0                               0D   3870
     102    3853       0       0       0                        01010000D   3871
     102       0       0       1       0                               0D   3872
     142    3854       0       0       0                        00010500D   3873
     142       0       0       1       0                               0D   3874
     144    3855       0       0       9                        00010000D   3875
     144       0      -1       1       0                               0D   3876
     128    3856       0       0       0                        01010000D   3877
     128       0       0       2       0                               0D   3878
     126    3858       0       0       0                        01010500D   3879
     126       0       0       2       0                               0D   3880
     110    3860       0       0       0                        01010000D   3881
     110       0       0       1       0                               0D   3882
     126    3861       0       0       0                        01010500D   3883
     126       0       0       2       0                               0D   3884
     110    3863       0       0       0                        01010000D   3885
     110       0       0       1       0                               0D   3886
     126    3864       0       0       0                        01010500D   3887
     126       0       0       2       0                               0D   3888
     110    3866       0       0       0                        01010000D   3889
     110       0       0       1       0                               0D   3890
     126    3867       0       0       0                        01010500D   3891
     126       0       0       2       0                               0D   3892
     110    3869       0       0       0                        01010000D   3893
     110       0       0       1       0                               0D   3894
     102    3870       0       0       0                        01010500D   3895
     102       0       0       1       0                               0D   3896
     102    3871       0       0       0                        01010000D   3897
     102       0       0       1       0                               0D   3898
     142    3872       0       0       0                        00010500D   3899
     142       0       0       1       0                               0D   3900
     144    3873       0       0       9                        00010000D   3901
     144       0      -1       1       0                               0D   3902
     128    3874       0       0       0                        01010000D   3903
     128       0       0       2       0                               0D   3904
     126    3876       0       0       0                        01010500D   3905
     126       0       0       2       0                               0D   3906
     110    3878       0       0       0                        01010000D   3907
     110       0       0       1       0                               0D   3908
     126    3879       0       0       0                        01010500D   3909
     126       0       0       2       0                               0D   3910
     110    3881       0       0       0                        01010000D   3911
     110       0       0       1       0                               0D   3912
     126    3882       0       0       0                        01010500D   3913
     126       0       0       2       0                               0D   3914
     110    3884       0       0       0                        01010000D   3915
     110       0       0       1       0                               0D   3916
     126    3885       0       0       0                        01010500D   3917
     126       0       0       2       0                               0D   3918
     110    3887       0       0       0                        01010000D   3919
     110       0       0       1       0                               0D   3920
     102    3888       0       0       0                        01010500D   3921
     102       0       0       1       0                               0D   3922
     102    3889       0       0       0                        01010000D   3923
     102       0       0       1       0                               0D   3924
     142    3890       0       0       0                        00010500D   3925
     142       0       0       1       0                               0D   3926
     144    3891       0       0       9                        00010000D   3927
     144       0      -1       1       0                               0D   3928
     308    3892       0       0       9                        00010201D   3929
     308       0       0       2       0                               0D   3930
     124    3894       0       0       0                        00000000D   3931
     124       0       0       3       0                               0D   3932
     408    3897       0       0      10            3931        00000001D   3933
     408       0       0       1       0                               0D   3934
     124    3898       0       0       0                        00000000D   3935
     124       0       0       3       0                               0D   3936
     408    3901       0       0      11            3935        00000001D   3937
     408       0       0       1       0                               0D   3938
     128    3902       0       0       0                        01010000D   3939
     128       0       0       3       0                               0D   3940
     126    3905       0       0       0                        01010500D   3941
     126       0       0       2       0                               0D   3942
     110    3907       0       0       0                        01010000D   3943
     110       0       0       1       0                               0D   3944
     126    3908       0       0       0                        01010500D   3945
     126       0       0       2       0                               0D   3946
     110    3910       0       0       0                        01010000D   3947
     110       0       0       1       0                               0D   3948
     126    3911       0       0       0                        01010500D   3949
     126       0       0       2       0                               0D   3950
     110    3913       0       0       0                        01010000D   3951
     110       0       0       1       0                               0D   3952
     126    3914       0       0       0                        01010500D   3953
     126       0       0       2       0                               0D   3954
     110    3916       0       0       0                        01010000D   3955
     110       0       0       1       0                               0D   3956
     102    3917       0       0       0                        01010500D   3957
     102       0       0       1       0                               0D   3958
     102    3918       0       0       0                        01010000D   3959
     102       0       0       1       0                               0D   3960
     142    3919       0       0       0                        00010500D   3961
     142       0       0       1       0                               0D   3962
     144    3920       0       0      12                        00010000D   3963
     144       0      -1       1       0                               0D   3964
     128    3921       0       0       0                        01010000D   3965
     128       0       0       2       0                               0D   3966
     126    3923       0       0       0                        01010500D   3967
     126       0       0       2       0                               0D   3968
     110    3925       0       0       0                        01010000D   3969
     110       0       0       1       0                               0D   3970
     126    3926       0       0       0                        01010500D   3971
     126       0       0       2       0                               0D   3972
     110    3928       0       0       0                        01010000D   3973
     110       0       0       1       0                               0D   3974
     126    3929       0       0       0                        01010500D   3975
     126       0       0       2       0                               0D   3976
     110    3931       0       0       0                        01010000D   3977
     110       0       0       1       0                               0D   3978
     126    3932       0       0       0                        01010500D   3979
     126       0       0       2       0                               0D   3980
     110    3934       0       0       0                        01010000D   3981
     110       0       0       1       0                               0D   3982
     102    3935       0       0       0                        01010500D   3983
     102       0       0       1       0                               0D   3984
     102    3936       0       0       0                        01010000D   3985
     102       0       0       1       0                               0D   3986
     142    3937       0       0       0                        00010500D   3987
     142       0       0       1       0                               0D   3988
     144    3938       0       0      12                        00010000D   3989
     144       0      -1       1       0                               0D   3990
     128    3939       0       0       0                        01010000D   3991
     128       0       0       3       0                               0D   3992
     126    3942       0       0       0                        01010500D   3993
     126       0       0       2       0                               0D   3994
     110    3944       0       0       0                        01010000D   3995
     110       0       0       1       0                               0D   3996
     126    3945       0       0       0                        01010500D   3997
     126       0       0       2       0                               0D   3998
     110    3947       0       0       0                        01010000D   3999
     110       0       0       1       0                               0D   4000
     126    3948       0       0       0                        01010500D   4001
     126       0       0       2       0                               0D   4002
     110    3950       0       0       0                        01010000D   4003
     110       0       0       1       0                               0D   4004
     126    3951       0       0       0                        01010500D   4005
     126       0       0       2       0                               0D   4006
     110    3953       0       0       0                        01010000D   4007
     110       0       0       1       0                               0D   4008
     102    3954       0       0       0                        01010500D   4009
     102       0       0       1       0                               0D   4010
     102    3955       0       0       0                        01010000D   4011
     102       0       0       1       0                               0D   4012
     142    3956       0       0       0                        00010500D   4013
     142       0       0       1       0                               0D   4014
     144    3957       0       0      12                        00010000D   4015
     144       0      -1       1       0                               0D   4016
     128    3958       0       0       0                        01010000D   4017
     128       0       0       2       0                               0D   4018
     126    3960       0       0       0                        01010500D   4019
     126       0       0       2       0                               0D   4020
     110    3962       0       0       0                        01010000D   4021
     110       0       0       1       0                               0D   4022
     126    3963       0       0       0                        01010500D   4023
     126       0       0       2       0                               0D   4024
     110    3965       0       0       0                        01010000D   4025
     110       0       0       1       0                               0D   4026
     126    3966       0       0       0                        01010500D   4027
     126       0       0       2       0                               0D   4028
     110    3968       0       0       0                        01010000D   4029
     110       0       0       1       0                               0D   4030
     126    3969       0       0       0                        01010500D   4031
     126       0       0       2       0                               0D   4032
     110    3971       0       0       0                        01010000D   4033
     110       0       0       1       0                               0D   4034
     102    3972       0       0       0                        01010500D   4035
     102       0       0       1       0                               0D   4036
     102    3973       0       0       0                        01010000D   4037
     102       0       0       1       0                               0D   4038
     142    3974       0       0       0                        00010500D   4039
     142       0       0       1       0                               0D   4040
     144    3975       0       0      12                        00010000D   4041
     144       0      -1       1       0                               0D   4042
     128    3976       0       0       0                        01010000D   4043
     128       0       0       2       0                               0D   4044
     126    3978       0       0       0                        01010500D   4045
     126       0       0       2       0                               0D   4046
     110    3980       0       0       0                        01010000D   4047
     110       0       0       1       0                               0D   4048
     126    3981       0       0       0                        01010500D   4049
     126       0       0       2       0                               0D   4050
     110    3983       0       0       0                        01010000D   4051
     110       0       0       1       0                               0D   4052
     126    3984       0       0       0                        01010500D   4053
     126       0       0       2       0                               0D   4054
     110    3986       0       0       0                        01010000D   4055
     110       0       0       1       0                               0D   4056
     126    3987       0       0       0                        01010500D   4057
     126       0       0       2       0                               0D   4058
     110    3989       0       0       0                        01010000D   4059
     110       0       0       1       0                               0D   4060
     102    3990       0       0       0                        01010500D   4061
     102       0       0       1       0                               0D   4062
     102    3991       0       0       0                        01010000D   4063
     102       0       0       1       0                               0D   4064
     142    3992       0       0       0                        00010500D   4065
     142       0       0       1       0                               0D   4066
     126    3993       0       0       0                        01010500D   4067
     126       0       0       2       0                               0D   4068
     110    3995       0       0       0                        01010000D   4069
     110       0       0       1       0                               0D   4070
     126    3996       0       0       0                        01010500D   4071
     126       0       0       2       0                               0D   4072
     110    3998       0       0       0                        01010000D   4073
     110       0       0       1       0                               0D   4074
     126    3999       0       0       0                        01010500D   4075
     126       0       0       2       0                               0D   4076
     110    4001       0       0       0                        01010000D   4077
     110       0       0       1       0                               0D   4078
     126    4002       0       0       0                        01010500D   4079
     126       0       0       2       0                               0D   4080
     110    4004       0       0       0                        01010000D   4081
     110       0       0       1       0                               0D   4082
     102    4005       0       0       0                        01010500D   4083
     102       0       0       1       0                               0D   4084
     102    4006       0       0       0                        01010000D   4085
     102       0       0       1       0                               0D   4086
     142    4007       0       0       0                        00010500D   4087
     142       0       0       1       0                               0D   4088
     144    4008       0       0      12                        00010000D   4089
     144       0      -1       1       0                               0D   4090
     128    4009       0       0       0                        01010000D   4091
     128       0       0       2       0                               0D   4092
     126    4011       0       0       0                        01010500D   4093
     126       0       0       2       0                               0D   4094
     110    4013       0       0       0                        01010000D   4095
     110       0       0       1       0                               0D   4096
     126    4014       0       0       0                        01010500D   4097
     126       0       0       2       0                               0D   4098
     110    4016       0       0       0                        01010000D   4099
     110       0       0       1       0                               0D   4100
     126    4017       0       0       0                        01010500D   4101
     126       0       0       2       0                               0D   4102
     110    4019       0       0       0                        01010000D   4103
     110       0       0       1       0                               0D   4104
     126    4020       0       0       0                        01010500D   4105
     126       0       0       2       0                               0D   4106
     110    4022       0       0       0                        01010000D   4107
     110       0       0       1       0                               0D   4108
     102    4023       0       0       0                        01010500D   4109
     102       0       0       1       0                               0D   4110
     102    4024       0       0       0                        01010000D   4111
     102       0       0       1       0                               0D   4112
     142    4025       0       0       0                        00010500D   4113
     142       0       0       1       0                               0D   4114
     126    4026       0       0       0                        01010500D   4115
     126       0       0       2       0                               0D   4116
     110    4028       0       0       0                        01010000D   4117
     110       0       0       1       0                               0D   4118
     126    4029       0       0       0                        01010500D   4119
     126       0       0       2       0                               0D   4120
     110    4031       0       0       0                        01010000D   4121
     110       0       0       1       0                               0D   4122
     126    4032       0       0       0                        01010500D   4123
     126       0       0       2       0                               0D   4124
     110    4034       0       0       0                        01010000D   4125
     110       0       0       1       0                               0D   4126
     126    4035       0       0       0                        01010500D   4127
     126       0       0       2       0                               0D   4128
     110    4037       0       0       0                        01010000D   4129
     110       0       0       1       0                               0D   4130
     102    4038       0       0       0                        01010500D   4131
     102       0       0       1       0                               0D   4132
     102    4039       0       0       0                        01010000D   4133
     102       0       0       1       0                               0D   4134
     142    4040       0       0       0                        00010500D   4135
     142       0       0       1       0                               0D   4136
     144    4041       0       0      12                        00010000D   4137
     144       0      -1       1       0                               0D   4138
     128    4042       0       0       0                        01010000D   4139
     128       0       0       2       0                               0D   4140
     126    4044       0       0       0                        01010500D   4141
     126       0       0       2       0                               0D   4142
     110    4046       0       0       0                        01010000D   4143
     110       0       0       1       0                               0D   4144
     126    4047       0       0       0                        01010500D   4145
     126       0       0       2       0                               0D   4146
     110    4049       0       0       0                        01010000D   4147
     110       0       0       1       0                               0D   4148
     126    4050       0       0       0                        01010500D   4149
     126       0       0       2       0                               0D   4150
     110    4052       0       0       0                        01010000D   4151
     110       0       0       1       0                               0D   4152
     126    4053       0       0       0                        01010500D   4153
     126       0       0       2       0                               0D   4154
     110    4055       0       0       0                        01010000D   4155
     110       0       0       1       0                               0D   4156
     102    4056       0       0       0                        01010500D   4157
     102       0       0       1       0                               0D   4158
     102    4057       0       0       0                        01010000D   4159
     102       0       0       1       0                               0D   4160
     142    4058       0       0       0                        00010500D   4161
     142       0       0       1       0                               0D   4162
     144    4059       0       0      12                        00010000D   4163
     144       0      -1       1       0                               0D   4164
     128    4060       0       0       0                        01010000D   4165
     128       0       0       2       0                               0D   4166
     126    4062       0       0       0                        01010500D   4167
     126       0       0       2       0                               0D   4168
     110    4064       0       0       0                        01010000D   4169
     110       0       0       1       0                               0D   4170
     126    4065       0       0       0                        01010500D   4171
     126       0       0       2       0                               0D   4172
     110    4067       0       0       0                        01010000D   4173
     110       0       0       1       0                               0D   4174
     126    4068       0       0       0                        01010500D   4175
     126       0       0       2       0                               0D   4176
     110    4070       0       0       0                        01010000D   4177
     110       0       0       1       0                               0D   4178
     126    4071       0       0       0                        01010500D   4179
     126       0       0       2       0                               0D   4180
     110    4073       0       0       0                        01010000D   4181
     110       0       0       1       0                               0D   4182
     102    4074       0       0       0                        01010500D   4183
     102       0       0       1       0                               0D   4184
     102    4075       0       0       0                        01010000D   4185
     102       0       0       1       0                               0D   4186
     142    4076       0       0       0                        00010500D   4187
     142       0       0       1       0                               0D   4188
     144    4077       0       0      12                        00010000D   4189
     144       0      -1       1       0                               0D   4190
     128    4078       0       0       0                        01010000D   4191
     128       0       0       2       0                               0D   4192
     126    4080       0       0       0                        01010500D   4193
     126       0       0       2       0                               0D   4194
     110    4082       0       0       0                        01010000D   4195
     110       0       0       1       0                               0D   4196
     126    4083       0       0       0                        01010500D   4197
     126       0       0       2       0                               0D   4198
     110    4085       0       0       0                        01010000D   4199
     110       0       0       1       0                               0D   4200
     126    4086       0       0       0                        01010500D   4201
     126       0       0       2       0                               0D   4202
     110    4088       0       0       0                        01010000D   4203
     110       0       0       1       0                               0D   4204
     126    4089       0       0       0                        01010500D   4205
     126       0       0       2       0                               0D   4206
     110    4091       0       0       0                        01010000D   4207
     110       0       0       1       0                               0D   4208
     102    4092       0       0       0                        01010500D   4209
     102       0       0       1       0                               0D   4210
     102    4093       0       0       0                        01010000D   4211
     102       0       0       1       0                               0D   4212
     142    4094       0       0       0                        00010500D   4213
     142       0       0       1       0                               0D   4214
     144    4095       0       0      12                        00010000D   4215
     144       0      -1       1       0                               0D   4216
     128    4096       0       0       0                        01010000D   4217
     128       0       0       2       0                               0D   4218
     126    4098       0       0       0                        01010500D   4219
     126       0       0       2       0                               0D   4220
     110    4100       0       0       0                        01010000D   4221
     110       0       0       1       0                               0D   4222
     126    4101       0       0       0                        01010500D   4223
     126       0       0       2       0                               0D   4224
     110    4103       0       0       0                        01010000D   4225
     110       0       0       1       0                               0D   4226
     126    4104       0       0       0                        01010500D   4227
     126       0       0       2       0                               0D   4228
     110    4106       0       0       0                        01010000D   4229
     110       0       0       1       0                               0D   4230
     126    4107       0       0       0                        01010500D   4231
     126       0       0       2       0                               0D   4232
     110    4109       0       0       0                        01010000D   4233
     110       0       0       1       0                               0D   4234
     102    4110       0       0       0                        01010500D   4235
     102       0       0       1       0                               0D   4236
     102    4111       0       0       0                        01010000D   4237
     102       0       0       1       0                               0D   4238
     142    4112       0       0       0                        00010500D   4239
     142       0       0       1       0                               0D   4240
     144    4113       0       0      12                        00010000D   4241
     144       0      -1       1       0                               0D   4242
     308    4114       0       0      12                        00010201D   4243
     308       0       0       2       0                               0D   4244
     124    4116       0       0       0                        00000000D   4245
     124       0       0       3       0                               0D   4246
     408    4119       0       0      13            4245        00000001D   4247
     408       0       0       1       0                               0D   4248
     124    4120       0       0       0                        00000000D   4249
     124       0       0       3       0                               0D   4250
     408    4123       0       0      14            4249        00000001D   4251
     408       0       0       1       0                               0D   4252
     128    4124       0       0       0                        01010000D   4253
     128       0       0       2       0                               0D   4254
     126    4126       0       0       0                        01010500D   4255
     126       0       0       2       0                               0D   4256
     110    4128       0       0       0                        01010000D   4257
     110       0       0       1       0                               0D   4258
     126    4129       0       0       0                        01010500D   4259
     126       0       0       2       0                               0D   4260
     110    4131       0       0       0                        01010000D   4261
     110       0       0       1       0                               0D   4262
     126    4132       0       0       0                        01010500D   4263
     126       0       0       2       0                               0D   4264
     110    4134       0       0       0                        01010000D   4265
     110       0       0       1       0                               0D   4266
     126    4135       0       0       0                        01010500D   4267
     126       0       0       2       0                               0D   4268
     110    4137       0       0       0                        01010000D   4269
     110       0       0       1       0                               0D   4270
     102    4138       0       0       0                        01010500D   4271
     102       0       0       1       0                               0D   4272
     102    4139       0       0       0                        01010000D   4273
     102       0       0       1       0                               0D   4274
     142    4140       0       0       0                        00010500D   4275
     142       0       0       1       0                               0D   4276
     144    4141       0       0      15                        00010000D   4277
     144       0      -1       1       0                               0D   4278
     128    4142       0       0       0                        01010000D   4279
     128       0       0       2       0                               0D   4280
     126    4144       0       0       0                        01010500D   4281
     126       0       0       2       0                               0D   4282
     110    4146       0       0       0                        01010000D   4283
     110       0       0       1       0                               0D   4284
     126    4147       0       0       0                        01010500D   4285
     126       0       0       2       0                               0D   4286
     110    4149       0       0       0                        01010000D   4287
     110       0       0       1       0                               0D   4288
     126    4150       0       0       0                        01010500D   4289
     126       0       0       2       0                               0D   4290
     110    4152       0       0       0                        01010000D   4291
     110       0       0       1       0                               0D   4292
     126    4153       0       0       0                        01010500D   4293
     126       0       0       2       0                               0D   4294
     110    4155       0       0       0                        01010000D   4295
     110       0       0       1       0                               0D   4296
     102    4156       0       0       0                        01010500D   4297
     102       0       0       1       0                               0D   4298
     102    4157       0       0       0                        01010000D   4299
     102       0       0       1       0                               0D   4300
     142    4158       0       0       0                        00010500D   4301
     142       0       0       1       0                               0D   4302
     144    4159       0       0      15                        00010000D   4303
     144       0      -1       1       0                               0D   4304
     128    4160       0       0       0                        01010000D   4305
     128       0       0       2       0                               0D   4306
     126    4162       0       0       0                        01010500D   4307
     126       0       0       2       0                               0D   4308
     110    4164       0       0       0                        01010000D   4309
     110       0       0       1       0                               0D   4310
     126    4165       0       0       0                        01010500D   4311
     126       0       0       2       0                               0D   4312
     110    4167       0       0       0                        01010000D   4313
     110       0       0       1       0                               0D   4314
     126    4168       0       0       0                        01010500D   4315
     126       0       0       2       0                               0D   4316
     110    4170       0       0       0                        01010000D   4317
     110       0       0       1       0                               0D   4318
     126    4171       0       0       0                        01010500D   4319
     126       0       0       2       0                               0D   4320
     110    4173       0       0       0                        01010000D   4321
     110       0       0       1       0                               0D   4322
     126    4174       0       0       0                        01010500D   4323
     126       0       0       2       0                               0D   4324
     110    4176       0       0       0                        01010000D   4325
     110       0       0       1       0                               0D   4326
     126    4177       0       0       0                        01010500D   4327
     126       0       0       2       0                               0D   4328
     110    4179       0       0       0                        01010000D   4329
     110       0       0       1       0                               0D   4330
     102    4180       0       0       0                        01010500D   4331
     102       0       0       1       0                               0D   4332
     102    4181       0       0       0                        01010000D   4333
     102       0       0       1       0                               0D   4334
     142    4182       0       0       0                        00010500D   4335
     142       0       0       1       0                               0D   4336
     144    4183       0       0      15                        00010000D   4337
     144       0      -1       1       0                               0D   4338
     128    4184       0       0       0                        01010000D   4339
     128       0       0       2       0                               0D   4340
     126    4186       0       0       0                        01010500D   4341
     126       0       0       2       0                               0D   4342
     110    4188       0       0       0                        01010000D   4343
     110       0       0       1       0                               0D   4344
     126    4189       0       0       0                        01010500D   4345
     126       0       0       2       0                               0D   4346
     110    4191       0       0       0                        01010000D   4347
     110       0       0       1       0                               0D   4348
     126    4192       0       0       0                        01010500D   4349
     126       0       0       2       0                               0D   4350
     110    4194       0       0       0                        01010000D   4351
     110       0       0       1       0                               0D   4352
     126    4195       0       0       0                        01010500D   4353
     126       0       0       2       0                               0D   4354
     110    4197       0       0       0                        01010000D   4355
     110       0       0       1       0                               0D   4356
     126    4198       0       0       0                        01010500D   4357
     126       0       0       2       0                               0D   4358
     110    4200       0       0       0                        01010000D   4359
     110       0       0       1       0                               0D   4360
     126    4201       0       0       0                        01010500D   4361
     126       0       0       2       0                               0D   4362
     110    4203       0       0       0                        01010000D   4363
     110       0       0       1       0                               0D   4364
     102    4204       0       0       0                        01010500D   4365
     102       0       0       1       0                               0D   4366
     102    4205       0       0       0                        01010000D   4367
     102       0       0       1       0                               0D   4368
     142    4206       0       0       0                        00010500D   4369
     142       0       0       1       0                               0D   4370
     144    4207       0       0      15                        00010000D   4371
     144       0      -1       1       0                               0D   4372
     128    4208       0       0       0                        01010000D   4373
     128       0       0       2       0                               0D   4374
     126    4210       0       0       0                        01010500D   4375
     126       0       0       2       0                               0D   4376
     110    4212       0       0       0                        01010000D   4377
     110       0       0       1       0                               0D   4378
     126    4213       0       0       0                        01010500D   4379
     126       0       0       2       0                               0D   4380
     110    4215       0       0       0                        01010000D   4381
     110       0       0       1       0                               0D   4382
     126    4216       0       0       0                        01010500D   4383
     126       0       0       2       0                               0D   4384
     110    4218       0       0       0                        01010000D   4385
     110       0       0       1       0                               0D   4386
     126    4219       0       0       0                        01010500D   4387
     126       0       0       2       0                               0D   4388
     110    4221       0       0       0                        01010000D   4389
     110       0       0       1       0                               0D   4390
     126    4222       0       0       0                        01010500D   4391
     126       0       0       2       0                               0D   4392
     110    4224       0       0       0                        01010000D   4393
     110       0       0       1       0                               0D   4394
     126    4225       0       0       0                        01010500D   4395
     126       0       0       2       0                               0D   4396
     110    4227       0       0       0                        01010000D   4397
     110       0       0       1       0                               0D   4398
     102    4228       0       0       0                        01010500D   4399
     102       0       0       1       0                               0D   4400
     102    4229       0       0       0                        01010000D   4401
     102       0       0       1       0                               0D   4402
     142    4230       0       0       0                        00010500D   4403
     142       0       0       1       0                               0D   4404
     144    4231       0       0      15                        00010000D   4405
     144       0      -1       1       0                               0D   4406
     128    4232       0       0       0                        01010000D   4407
     128       0       0       3       0                               0D   4408
     126    4235       0       0       0                        01010500D   4409
     126       0       0       2       0                               0D   4410
     110    4237       0       0       0                        01010000D   4411
     110       0       0       1       0                               0D   4412
     126    4238       0       0       0                        01010500D   4413
     126       0       0       2       0                               0D   4414
     110    4240       0       0       0                        01010000D   4415
     110       0       0       1       0                               0D   4416
     126    4241       0       0       0                        01010500D   4417
     126       0       0       2       0                               0D   4418
     110    4243       0       0       0                        01010000D   4419
     110       0       0       1       0                               0D   4420
     126    4244       0       0       0                        01010500D   4421
     126       0       0       2       0                               0D   4422
     110    4246       0       0       0                        01010000D   4423
     110       0       0       1       0                               0D   4424
     102    4247       0       0       0                        01010500D   4425
     102       0       0       1       0                               0D   4426
     102    4248       0       0       0                        01010000D   4427
     102       0       0       1       0                               0D   4428
     142    4249       0       0       0                        00010500D   4429
     142       0       0       1       0                               0D   4430
     144    4250       0       0      15                        00010000D   4431
     144       0      -1       1       0                               0D   4432
     128    4251       0       0       0                        01010000D   4433
     128       0       0       2       0                               0D   4434
     126    4253       0       0       0                        01010500D   4435
     126       0       0       2       0                               0D   4436
     110    4255       0       0       0                        01010000D   4437
     110       0       0       1       0                               0D   4438
     126    4256       0       0       0                        01010500D   4439
     126       0       0       2       0                               0D   4440
     110    4258       0       0       0                        01010000D   4441
     110       0       0       1       0                               0D   4442
     126    4259       0       0       0                        01010500D   4443
     126       0       0       2       0                               0D   4444
     110    4261       0       0       0                        01010000D   4445
     110       0       0       1       0                               0D   4446
     126    4262       0       0       0                        01010500D   4447
     126       0       0       2       0                               0D   4448
     110    4264       0       0       0                        01010000D   4449
     110       0       0       1       0                               0D   4450
     126    4265       0       0       0                        01010500D   4451
     126       0       0       2       0                               0D   4452
     110    4267       0       0       0                        01010000D   4453
     110       0       0       1       0                               0D   4454
     126    4268       0       0       0                        01010500D   4455
     126       0       0       2       0                               0D   4456
     110    4270       0       0       0                        01010000D   4457
     110       0       0       1       0                               0D   4458
     102    4271       0       0       0                        01010500D   4459
     102       0       0       1       0                               0D   4460
     102    4272       0       0       0                        01010000D   4461
     102       0       0       1       0                               0D   4462
     142    4273       0       0       0                        00010500D   4463
     142       0       0       1       0                               0D   4464
     144    4274       0       0      15                        00010000D   4465
     144       0      -1       1       0                               0D   4466
     128    4275       0       0       0                        01010000D   4467
     128       0       0       3       0                               0D   4468
     126    4278       0       0       0                        01010500D   4469
     126       0       0       2       0                               0D   4470
     110    4280       0       0       0                        01010000D   4471
     110       0       0       1       0                               0D   4472
     126    4281       0       0       0                        01010500D   4473
     126       0       0       2       0                               0D   4474
     110    4283       0       0       0                        01010000D   4475
     110       0       0       1       0                               0D   4476
     126    4284       0       0       0                        01010500D   4477
     126       0       0       2       0                               0D   4478
     110    4286       0       0       0                        01010000D   4479
     110       0       0       1       0                               0D   4480
     126    4287       0       0       0                        01010500D   4481
     126       0       0       2       0                               0D   4482
     110    4289       0       0       0                        01010000D   4483
     110       0       0       1       0                               0D   4484
     102    4290       0       0       0                        01010500D   4485
     102       0       0       1       0                               0D   4486
     102    4291       0       0       0                        01010000D   4487
     102       0       0       1       0                               0D   4488
     142    4292       0       0       0                        00010500D   4489
     142       0       0       1       0                               0D   4490
     144    4293       0       0      15                        00010000D   4491
     144       0      -1       1       0                               0D   4492
     128    4294       0       0       0                        01010000D   4493
     128       0       0       3       0                               0D   4494
     126    4297       0       0       0                        01010500D   4495
     126       0       0       2       0                               0D   4496
     110    4299       0       0       0                        01010000D   4497
     110       0       0       1       0                               0D   4498
     126    4300       0       0       0                        01010500D   4499
     126       0       0       2       0                               0D   4500
     110    4302       0       0       0                        01010000D   4501
     110       0       0       1       0                               0D   4502
     126    4303       0       0       0                        01010500D   4503
     126       0       0       2       0                               0D   4504
     110    4305       0       0       0                        01010000D   4505
     110       0       0       1       0                               0D   4506
     126    4306       0       0       0                        01010500D   4507
     126       0       0       2       0                               0D   4508
     110    4308       0       0       0                        01010000D   4509
     110       0       0       1       0                               0D   4510
     126    4309       0       0       0                        01010500D   4511
     126       0       0       2       0                               0D   4512
     110    4311       0       0       0                        01010000D   4513
     110       0       0       1       0                               0D   4514
     126    4312       0       0       0                        01010500D   4515
     126       0       0       2       0                               0D   4516
     110    4314       0       0       0                        01010000D   4517
     110       0       0       1       0                               0D   4518
     126    4315       0       0       0                        01010500D   4519
     126       0       0       2       0                               0D   4520
     110    4317       0       0       0                        01010000D   4521
     110       0       0       1       0                               0D   4522
     126    4318       0       0       0                        01010500D   4523
     126       0       0       2       0                               0D   4524
     110    4320       0       0       0                        01010000D   4525
     110       0       0       1       0                               0D   4526
     102    4321       0       0       0                        01010500D   4527
     102       0       0       1       0                               0D   4528
     102    4322       0       0       0                        01010000D   4529
     102       0       0       1       0                               0D   4530
     142    4323       0       0       0                        00010500D   4531
     142       0       0       1       0                               0D   4532
     144    4324       0       0      15                        00010000D   4533
     144       0      -1       1       0                               0D   4534
     128    4325       0       0       0                        01010000D   4535
     128       0       0       3       0                               0D   4536
     126    4328       0       0       0                        01010500D   4537
     126       0       0       2       0                               0D   4538
     110    4330       0       0       0                        01010000D   4539
     110       0       0       1       0                               0D   4540
     126    4331       0       0       0                        01010500D   4541
     126       0       0       2       0                               0D   4542
     110    4333       0       0       0                        01010000D   4543
     110       0       0       1       0                               0D   4544
     126    4334       0       0       0                        01010500D   4545
     126       0       0       2       0                               0D   4546
     110    4336       0       0       0                        01010000D   4547
     110       0       0       1       0                               0D   4548
     126    4337       0       0       0                        01010500D   4549
     126       0       0       2       0                               0D   4550
     110    4339       0       0       0                        01010000D   4551
     110       0       0       1       0                               0D   4552
     126    4340       0       0       0                        01010500D   4553
     126       0       0       2       0                               0D   4554
     110    4342       0       0       0                        01010000D   4555
     110       0       0       1       0                               0D   4556
     126    4343       0       0       0                        01010500D   4557
     126       0       0       2       0                               0D   4558
     110    4345       0       0       0                        01010000D   4559
     110       0       0       1       0                               0D   4560
     126    4346       0       0       0                        01010500D   4561
     126       0       0       2       0                               0D   4562
     110    4348       0       0       0                        01010000D   4563
     110       0       0       1       0                               0D   4564
     126    4349       0       0       0                        01010500D   4565
     126       0       0       2       0                               0D   4566
     110    4351       0       0       0                        01010000D   4567
     110       0       0       1       0                               0D   4568
     102    4352       0       0       0                        01010500D   4569
     102       0       0       1       0                               0D   4570
     102    4353       0       0       0                        01010000D   4571
     102       0       0       1       0                               0D   4572
     142    4354       0       0       0                        00010500D   4573
     142       0       0       1       0                               0D   4574
     144    4355       0       0      15                        00010000D   4575
     144       0      -1       1       0                               0D   4576
     128    4356       0       0       0                        01010000D   4577
     128       0       0       2       0                               0D   4578
     126    4358       0       0       0                        01010500D   4579
     126       0       0       2       0                               0D   4580
     110    4360       0       0       0                        01010000D   4581
     110       0       0       1       0                               0D   4582
     126    4361       0       0       0                        01010500D   4583
     126       0       0       2       0                               0D   4584
     110    4363       0       0       0                        01010000D   4585
     110       0       0       1       0                               0D   4586
     126    4364       0       0       0                        01010500D   4587
     126       0       0       2       0                               0D   4588
     110    4366       0       0       0                        01010000D   4589
     110       0       0       1       0                               0D   4590
     126    4367       0       0       0                        01010500D   4591
     126       0       0       2       0                               0D   4592
     110    4369       0       0       0                        01010000D   4593
     110       0       0       1       0                               0D   4594
     126    4370       0       0       0                        01010500D   4595
     126       0       0       2       0                               0D   4596
     110    4372       0       0       0                        01010000D   4597
     110       0       0       1       0                               0D   4598
     126    4373       0       0       0                        01010500D   4599
     126       0       0       2       0                               0D   4600
     110    4375       0       0       0                        01010000D   4601
     110       0       0       1       0                               0D   4602
     126    4376       0       0       0                        01010500D   4603
     126       0       0       2       0                               0D   4604
     110    4378       0       0       0                        01010000D   4605
     110       0       0       1       0                               0D   4606
     126    4379       0       0       0                        01010500D   4607
     126       0       0       2       0                               0D   4608
     110    4381       0       0       0                        01010000D   4609
     110       0       0       1       0                               0D   4610
     102    4382       0       0       0                        01010500D   4611
     102       0       0       1       0                               0D   4612
     102    4383       0       0       0                        01010000D   4613
     102       0       0       1       0                               0D   4614
     142    4384       0       0       0                        00010500D   4615
     142       0       0       1       0                               0D   4616
     144    4385       0       0      15                        00010000D   4617
     144       0      -1       1       0                               0D   4618
     128    4386       0       0       0                        01010000D   4619
     128       0       0       2       0                               0D   4620
     126    4388       0       0       0                        01010500D   4621
     126       0       0       2       0                               0D   4622
     110    4390       0       0       0                        01010000D   4623
     110       0       0       1       0                               0D   4624
     126    4391       0       0       0                        01010500D   4625
     126       0       0       2       0                               0D   4626
     110    4393       0       0       0                        01010000D   4627
     110       0       0       1       0                               0D   4628
     126    4394       0       0       0                        01010500D   4629
     126       0       0       2       0                               0D   4630
     110    4396       0       0       0                        01010000D   4631
     110       0       0       1       0                               0D   4632
     126    4397       0       0       0                        01010500D   4633
     126       0       0       2       0                               0D   4634
     110    4399       0       0       0                        01010000D   4635
     110       0       0       1       0                               0D   4636
     126    4400       0       0       0                        01010500D   4637
     126       0       0       2       0                               0D   4638
     110    4402       0       0       0                        01010000D   4639
     110       0       0       1       0                               0D   4640
     126    4403       0       0       0                        01010500D   4641
     126       0       0       2       0                               0D   4642
     110    4405       0       0       0                        01010000D   4643
     110       0       0       1       0                               0D   4644
     126    4406       0       0       0                        01010500D   4645
     126       0       0       2       0                               0D   4646
     110    4408       0       0       0                        01010000D   4647
     110       0       0       1       0                               0D   4648
     126    4409       0       0       0                        01010500D   4649
     126       0       0       2       0                               0D   4650
     110    4411       0       0       0                        01010000D   4651
     110       0       0       1       0                               0D   4652
     102    4412       0       0       0                        01010500D   4653
     102       0       0       1       0                               0D   4654
     102    4413       0       0       0                        01010000D   4655
     102       0       0       1       0                               0D   4656
     142    4414       0       0       0                        00010500D   4657
     142       0       0       1       0                               0D   4658
     144    4415       0       0      15                        00010000D   4659
     144       0      -1       1       0                               0D   4660
     308    4416       0       0      15                        00010201D   4661
     308       0       0       2       0                               0D   4662
     124    4418       0       0       0                        00000000D   4663
     124       0       0       3       0                               0D   4664
     408    4421       0       0      16            4663        00000001D   4665
     408       0       0       1       0                               0D   4666
     128    4422       0       0       0                        01010000D   4667
     128       0       0       2       0                               0D   4668
     126    4424       0       0       0                        01010500D   4669
     126       0       0       2       0                               0D   4670
     110    4426       0       0       0                        01010000D   4671
     110       0       0       1       0                               0D   4672
     126    4427       0       0       0                        01010500D   4673
     126       0       0       2       0                               0D   4674
     110    4429       0       0       0                        01010000D   4675
     110       0       0       1       0                               0D   4676
     126    4430       0       0       0                        01010500D   4677
     126       0       0       2       0                               0D   4678
     110    4432       0       0       0                        01010000D   4679
     110       0       0       1       0                               0D   4680
     126    4433       0       0       0                        01010500D   4681
     126       0       0       2       0                               0D   4682
     110    4435       0       0       0                        01010000D   4683
     110       0       0       1       0                               0D   4684
     102    4436       0       0       0                        01010500D   4685
     102       0       0       1       0                               0D   4686
     102    4437       0       0       0                        01010000D   4687
     102       0       0       1       0                               0D   4688
     142    4438       0       0       0                        00010500D   4689
     142       0       0       1       0                               0D   4690
     144    4439       0       0      17                        00010000D   4691
     144       0      -1       1       0                               0D   4692
     128    4440       0       0       0                        01010000D   4693
     128       0       0       2       0                               0D   4694
     126    4442       0       0       0                        01010500D   4695
     126       0       0       2       0                               0D   4696
     110    4444       0       0       0                        01010000D   4697
     110       0       0       1       0                               0D   4698
     126    4445       0       0       0                        01010500D   4699
     126       0       0       2       0                               0D   4700
     110    4447       0       0       0                        01010000D   4701
     110       0       0       1       0                               0D   4702
     126    4448       0       0       0                        01010500D   4703
     126       0       0       2       0                               0D   4704
     110    4450       0       0       0                        01010000D   4705
     110       0       0       1       0                               0D   4706
     126    4451       0       0       0                        01010500D   4707
     126       0       0       2       0                               0D   4708
     110    4453       0       0       0                        01010000D   4709
     110       0       0       1       0                               0D   4710
     102    4454       0       0       0                        01010500D   4711
     102       0       0       1       0                               0D   4712
     102    4455       0       0       0                        01010000D   4713
     102       0       0       1       0                               0D   4714
     142    4456       0       0       0                        00010500D   4715
     142       0       0       1       0                               0D   4716
     144    4457       0       0      17                        00010000D   4717
     144       0      -1       1       0                               0D   4718
     128    4458       0       0       0                        01010000D   4719
     128       0       0       2       0                               0D   4720
     126    4460       0       0       0                        01010500D   4721
     126       0       0       2       0                               0D   4722
     110    4462       0       0       0                        01010000D   4723
     110       0       0       1       0                               0D   4724
     126    4463       0       0       0                        01010500D   4725
     126       0       0       2       0                               0D   4726
     110    4465       0       0       0                        01010000D   4727
     110       0       0       1       0                               0D   4728
     126    4466       0       0       0                        01010500D   4729
     126       0       0       2       0                               0D   4730
     110    4468       0       0       0                        01010000D   4731
     110       0       0       1       0                               0D   4732
     126    4469       0       0       0                        01010500D   4733
     126       0       0       2       0                               0D   4734
     110    4471       0       0       0                        01010000D   4735
     110       0       0       1       0                               0D   4736
     126    4472       0       0       0                        01010500D   4737
     126       0       0       2       0                               0D   4738
     110    4474       0       0       0                        01010000D   4739
     110       0       0       1       0                               0D   4740
     102    4475       0       0       0                        01010500D   4741
     102       0       0       1       0                               0D   4742
     102    4476       0       0       0                        01010000D   4743
     102       0       0       1       0                               0D   4744
     142    4477       0       0       0                        00010500D   4745
     142       0       0       1       0                               0D   4746
     144    4478       0       0      17                        00010000D   4747
     144       0      -1       1       0                               0D   4748
     128    4479       0       0       0                        01010000D   4749
     128       0       0       2       0                               0D   4750
     126    4481       0       0       0                        01010500D   4751
     126       0       0       2       0                               0D   4752
     110    4483       0       0       0                        01010000D   4753
     110       0       0       1       0                               0D   4754
     126    4484       0       0       0                        01010500D   4755
     126       0       0       2       0                               0D   4756
     110    4486       0       0       0                        01010000D   4757
     110       0       0       1       0                               0D   4758
     126    4487       0       0       0                        01010500D   4759
     126       0       0       2       0                               0D   4760
     110    4489       0       0       0                        01010000D   4761
     110       0       0       1       0                               0D   4762
     126    4490       0       0       0                        01010500D   4763
     126       0       0       2       0                               0D   4764
     110    4492       0       0       0                        01010000D   4765
     110       0       0       1       0                               0D   4766
     126    4493       0       0       0                        01010500D   4767
     126       0       0       2       0                               0D   4768
     110    4495       0       0       0                        01010000D   4769
     110       0       0       1       0                               0D   4770
     102    4496       0       0       0                        01010500D   4771
     102       0       0       1       0                               0D   4772
     102    4497       0       0       0                        01010000D   4773
     102       0       0       1       0                               0D   4774
     142    4498       0       0       0                        00010500D   4775
     142       0       0       1       0                               0D   4776
     144    4499       0       0      17                        00010000D   4777
     144       0      -1       1       0                               0D   4778
     128    4500       0       0       0                        01010000D   4779
     128       0       0       3       0                               0D   4780
     126    4503       0       0       0                        01010500D   4781
     126       0       0       2       0                               0D   4782
     110    4505       0       0       0                        01010000D   4783
     110       0       0       1       0                               0D   4784
     126    4506       0       0       0                        01010500D   4785
     126       0       0       2       0                               0D   4786
     110    4508       0       0       0                        01010000D   4787
     110       0       0       1       0                               0D   4788
     126    4509       0       0       0                        01010500D   4789
     126       0       0       2       0                               0D   4790
     110    4511       0       0       0                        01010000D   4791
     110       0       0       1       0                               0D   4792
     126    4512       0       0       0                        01010500D   4793
     126       0       0       2       0                               0D   4794
     110    4514       0       0       0                        01010000D   4795
     110       0       0       1       0                               0D   4796
     126    4515       0       0       0                        01010500D   4797
     126       0       0       2       0                               0D   4798
     110    4517       0       0       0                        01010000D   4799
     110       0       0       1       0                               0D   4800
     102    4518       0       0       0                        01010500D   4801
     102       0       0       1       0                               0D   4802
     102    4519       0       0       0                        01010000D   4803
     102       0       0       1       0                               0D   4804
     142    4520       0       0       0                        00010500D   4805
     142       0       0       1       0                               0D   4806
     144    4521       0       0      17                        00010000D   4807
     144       0      -1       1       0                               0D   4808
     128    4522       0       0       0                        01010000D   4809
     128       0       0       3       0                               0D   4810
     126    4525       0       0       0                        01010500D   4811
     126       0       0       2       0                               0D   4812
     110    4527       0       0       0                        01010000D   4813
     110       0       0       1       0                               0D   4814
     126    4528       0       0       0                        01010500D   4815
     126       0       0       2       0                               0D   4816
     110    4530       0       0       0                        01010000D   4817
     110       0       0       1       0                               0D   4818
     126    4531       0       0       0                        01010500D   4819
     126       0       0       2       0                               0D   4820
     110    4533       0       0       0                        01010000D   4821
     110       0       0       1       0                               0D   4822
     126    4534       0       0       0                        01010500D   4823
     126       0       0       2       0                               0D   4824
     110    4536       0       0       0                        01010000D   4825
     110       0       0       1       0                               0D   4826
     102    4537       0       0       0                        01010500D   4827
     102       0       0       1       0                               0D   4828
     102    4538       0       0       0                        01010000D   4829
     102       0       0       1       0                               0D   4830
     142    4539       0       0       0                        00010500D   4831
     142       0       0       1       0                               0D   4832
     144    4540       0       0      17                        00010000D   4833
     144       0      -1       1       0                               0D   4834
     128    4541       0       0       0                        01010000D   4835
     128       0       0       2       0                               0D   4836
     126    4543       0       0       0                        01010500D   4837
     126       0       0       2       0                               0D   4838
     110    4545       0       0       0                        01010000D   4839
     110       0       0       1       0                               0D   4840
     126    4546       0       0       0                        01010500D   4841
     126       0       0       2       0                               0D   4842
     110    4548       0       0       0                        01010000D   4843
     110       0       0       1       0                               0D   4844
     126    4549       0       0       0                        01010500D   4845
     126       0       0       2       0                               0D   4846
     110    4551       0       0       0                        01010000D   4847
     110       0       0       1       0                               0D   4848
     126    4552       0       0       0                        01010500D   4849
     126       0       0       2       0                               0D   4850
     110    4554       0       0       0                        01010000D   4851
     110       0       0       1       0                               0D   4852
     126    4555       0       0       0                        01010500D   4853
     126       0       0       2       0                               0D   4854
     110    4557       0       0       0                        01010000D   4855
     110       0       0       1       0                               0D   4856
     102    4558       0       0       0                        01010500D   4857
     102       0       0       1       0                               0D   4858
     102    4559       0       0       0                        01010000D   4859
     102       0       0       1       0                               0D   4860
     142    4560       0       0       0                        00010500D   4861
     142       0       0       1       0                               0D   4862
     144    4561       0       0      17                        00010000D   4863
     144       0      -1       1       0                               0D   4864
     128    4562       0       0       0                        01010000D   4865
     128       0       0       3       0                               0D   4866
     126    4565       0       0       0                        01010500D   4867
     126       0       0       2       0                               0D   4868
     110    4567       0       0       0                        01010000D   4869
     110       0       0       1       0                               0D   4870
     126    4568       0       0       0                        01010500D   4871
     126       0       0       2       0                               0D   4872
     110    4570       0       0       0                        01010000D   4873
     110       0       0       1       0                               0D   4874
     126    4571       0       0       0                        01010500D   4875
     126       0       0       2       0                               0D   4876
     110    4573       0       0       0                        01010000D   4877
     110       0       0       1       0                               0D   4878
     126    4574       0       0       0                        01010500D   4879
     126       0       0       2       0                               0D   4880
     110    4576       0       0       0                        01010000D   4881
     110       0       0       1       0                               0D   4882
     102    4577       0       0       0                        01010500D   4883
     102       0       0       1       0                               0D   4884
     102    4578       0       0       0                        01010000D   4885
     102       0       0       1       0                               0D   4886
     142    4579       0       0       0                        00010500D   4887
     142       0       0       1       0                               0D   4888
     144    4580       0       0      17                        00010000D   4889
     144       0      -1       1       0                               0D   4890
     128    4581       0       0       0                        01010000D   4891
     128       0       0       3       0                               0D   4892
     126    4584       0       0       0                        01010500D   4893
     126       0       0       2       0                               0D   4894
     110    4586       0       0       0                        01010000D   4895
     110       0       0       1       0                               0D   4896
     126    4587       0       0       0                        01010500D   4897
     126       0       0       2       0                               0D   4898
     110    4589       0       0       0                        01010000D   4899
     110       0       0       1       0                               0D   4900
     126    4590       0       0       0                        01010500D   4901
     126       0       0       2       0                               0D   4902
     110    4592       0       0       0                        01010000D   4903
     110       0       0       1       0                               0D   4904
     126    4593       0       0       0                        01010500D   4905
     126       0       0       2       0                               0D   4906
     110    4595       0       0       0                        01010000D   4907
     110       0       0       1       0                               0D   4908
     126    4596       0       0       0                        01010500D   4909
     126       0       0       2       0                               0D   4910
     110    4598       0       0       0                        01010000D   4911
     110       0       0       1       0                               0D   4912
     126    4599       0       0       0                        01010500D   4913
     126       0       0       2       0                               0D   4914
     110    4601       0       0       0                        01010000D   4915
     110       0       0       1       0                               0D   4916
     126    4602       0       0       0                        01010500D   4917
     126       0       0       2       0                               0D   4918
     110    4604       0       0       0                        01010000D   4919
     110       0       0       1       0                               0D   4920
     126    4605       0       0       0                        01010500D   4921
     126       0       0       2       0                               0D   4922
     110    4607       0       0       0                        01010000D   4923
     110       0       0       1       0                               0D   4924
     102    4608       0       0       0                        01010500D   4925
     102       0       0       1       0                               0D   4926
     102    4609       0       0       0                        01010000D   4927
     102       0       0       1       0                               0D   4928
     142    4610       0       0       0                        00010500D   4929
     142       0       0       1       0                               0D   4930
     144    4611       0       0      17                        00010000D   4931
     144       0      -1       1       0                               0D   4932
     128    4612       0       0       0                        01010000D   4933
     128       0       0       3       0                               0D   4934
     126    4615       0       0       0                        01010500D   4935
     126       0       0       2       0                               0D   4936
     110    4617       0       0       0                        01010000D   4937
     110       0       0       1       0                               0D   4938
     126    4618       0       0       0                        01010500D   4939
     126       0       0       2       0                               0D   4940
     110    4620       0       0       0                        01010000D   4941
     110       0       0       1       0                               0D   4942
     126    4621       0       0       0                        01010500D   4943
     126       0       0       2       0                               0D   4944
     110    4623       0       0       0                        01010000D   4945
     110       0       0       1       0                               0D   4946
     126    4624       0       0       0                        01010500D   4947
     126       0       0       2       0                               0D   4948
     110    4626       0       0       0                        01010000D   4949
     110       0       0       1       0                               0D   4950
     126    4627       0       0       0                        01010500D   4951
     126       0       0       2       0                               0D   4952
     110    4629       0       0       0                        01010000D   4953
     110       0       0       1       0                               0D   4954
     126    4630       0       0       0                        01010500D   4955
     126       0       0       2       0                               0D   4956
     110    4632       0       0       0                        01010000D   4957
     110       0       0       1       0                               0D   4958
     126    4633       0       0       0                        01010500D   4959
     126       0       0       2       0                               0D   4960
     110    4635       0       0       0                        01010000D   4961
     110       0       0       1       0                               0D   4962
     126    4636       0       0       0                        01010500D   4963
     126       0       0       2       0                               0D   4964
     110    4638       0       0       0                        01010000D   4965
     110       0       0       1       0                               0D   4966
     102    4639       0       0       0                        01010500D   4967
     102       0       0       1       0                               0D   4968
     102    4640       0       0       0                        01010000D   4969
     102       0       0       1       0                               0D   4970
     142    4641       0       0       0                        00010500D   4971
     142       0       0       1       0                               0D   4972
     144    4642       0       0      17                        00010000D   4973
     144       0      -1       1       0                               0D   4974
     128    4643       0       0       0                        01010000D   4975
     128       0       0       2       0                               0D   4976
     126    4645       0       0       0                        01010500D   4977
     126       0       0       2       0                               0D   4978
     110    4647       0       0       0                        01010000D   4979
     110       0       0       1       0                               0D   4980
     126    4648       0       0       0                        01010500D   4981
     126       0       0       2       0                               0D   4982
     110    4650       0       0       0                        01010000D   4983
     110       0       0       1       0                               0D   4984
     126    4651       0       0       0                        01010500D   4985
     126       0       0       2       0                               0D   4986
     110    4653       0       0       0                        01010000D   4987
     110       0       0       1       0                               0D   4988
     126    4654       0       0       0                        01010500D   4989
     126       0       0       2       0                               0D   4990
     110    4656       0       0       0                        01010000D   4991
     110       0       0       1       0                               0D   4992
     102    4657       0       0       0                        01010500D   4993
     102       0       0       1       0                               0D   4994
     102    4658       0       0       0                        01010000D   4995
     102       0       0       1       0                               0D   4996
     142    4659       0       0       0                        00010500D   4997
     142       0       0       1       0                               0D   4998
     126    4660       0       0       0                        01010500D   4999
     126       0       0       2       0                               0D   5000
     110    4662       0       0       0                        01010000D   5001
     110       0       0       1       0                               0D   5002
     126    4663       0       0       0                        01010500D   5003
     126       0       0       2       0                               0D   5004
     110    4665       0       0       0                        01010000D   5005
     110       0       0       1       0                               0D   5006
     126    4666       0       0       0                        01010500D   5007
     126       0       0       2       0                               0D   5008
     110    4668       0       0       0                        01010000D   5009
     110       0       0       1       0                               0D   5010
     126    4669       0       0       0                        01010500D   5011
     126       0       0       2       0                               0D   5012
     110    4671       0       0       0                        01010000D   5013
     110       0       0       1       0                               0D   5014
     102    4672       0       0       0                        01010500D   5015
     102       0       0       1       0                               0D   5016
     102    4673       0       0       0                        01010000D   5017
     102       0       0       1       0                               0D   5018
     142    4674       0       0       0                        00010500D   5019
     142       0       0       1       0                               0D   5020
     144    4675       0       0      17                        00010000D   5021
     144       0      -1       1       0                               0D   5022
     308    4676       0       0      17                        00010201D   5023
     308       0       0       2       0                               0D   5024
     124    4678       0       0       0                        00000000D   5025
     124       0       0       3       0                               0D   5026
     408    4681       0       0      18            5025        00000001D   5027
     408       0       0       1       0                               0D   5028
     124    4682       0       0       0                        00000000D   5029
     124       0       0       3       0                               0D   5030
     408    4685       0       0      19            5029        00000001D   5031
     408       0       0       1       0                               0D   5032
314,79.2156862745098,81.9607843137255,93.3333333333333,;               1P      1
110,5.,1050.,0.,5.,1050.,1000.;                                        3P      2
110,6.,1050.,0.,6.,1050.,5.;                                           5P      3
120,3,5,0.,6.28318530717959;                                           7P      4
126,1,1,1,0,1,0,0.,0.,1.,1.,1.,1.,0.,6.283185307,0.,1.,                9P      5
6.283185307,0.,0.,1.,0.,0.,1.;                                         9P      6
110,6.,1050.,0.,6.,1050.,5.;                                          11P      7
126,1,1,1,0,1,0,0.,0.,1.,1.,1.,1.,1.,6.283185307,0.,1.,               13P      8
3.141592654,0.,0.,1.,0.,0.,1.;                                        13P      9
124,1.,0.,0.,0.,0.,-1.,6.98296267768627E-15,2100.,0.,                 15P     10
-6.98296267768627E-15,-1.,10.0000000000073;                           15P     11
100,5.,5.,1050.,6.,1050.,4.,1050.;                                    17P     12
126,1,1,1,0,1,0,0.,0.,1.,1.,1.,1.,1.,3.141592654,0.,0.,               19P     13
3.141592654,0.,0.,1.,0.,0.,1.;                                        19P     14
110,4.,1050.,5.,4.,1050.,0.;                                          21P     15
126,1,1,1,0,1,0,0.,0.,1.,1.,1.,1.,0.,3.141592654,0.,0.,               23P     16
6.283185307,0.,0.,1.,0.,0.,1.;                                        23P     17
100,0.,5.,1050.,4.,1050.,6.,1050.;                                    25P     18
102,4,9,13,19,23;                                                     27P     19
102,4,11,17,21,25;                                                    29P     20
142,1,7,27,29,1;                                                      31P     21
144,7,1,0,31;                                                         33P     22
110,600.,1495.,0.,600.,1495.,1000.;                                   35P     23
110,601.,1495.,0.,601.,1495.,5.;                                      37P     24
120,35,37,0.,6.28318530717959;                                        39P     25
126,1,1,1,0,1,0,0.,0.,1.,1.,1.,1.,0.,6.283185307,0.,1.,               41P     26
6.283185307,0.,0.,1.,0.,0.,1.;                                        41P     27
110,601.,1495.,0.,601.,1495.,5.;                                      43P     28
126,1,1,1,0,1,0,0.,0.,1.,1.,1.,1.,1.,6.283185307,0.,1.,               45P     29
3.141592654,0.,0.,1.,0.,0.,1.;                                        45P     30
124,1.,0.,0.,0.,0.,-1.,6.98296267768627E-15,2990.,0.,                 47P     31
-6.98296267768627E-15,-1.,10.0000000000104;                           47P     32
100,5.,600.,1495.,601.,1495.,599.,1495.;                              49P     33
126,1,1,1,0,1,0,0.,0.,1.,1.,1.,1.,1.,3.141592654,0.,0.,               51P     34
3.141592654,0.,0.,1.,0.,0.,1.;                                        51P     35
110,599.,1495.,5.,599.,1495.,0.;                                      53P     36
126,1,1,1,0,1,0,0.,0.,1.,1.,1.,1.,0.,3.141592654,0.,0.,               55P     37
6.283185307,0.,0.,1.,0.,0.,1.;                                        55P     38
100,0.,600.,1495.,599.,1495.,601.,1495.;                              57P     39
102,4,41,45,51,55;                                                    59P     40
102,4,43,49,53,57;                                                    61P     41
142,1,39,59,61,1;                                                     63P     42
144,39,1,0,63;                                                        65P     43
110,600.,5.,0.,600.,5.,1000.;                                         67P     44
110,601.,5.,0.,601.,5.,5.;                                            69P     45
120,67,69,0.,6.28318530717959;                                        71P     46
126,1,1,1,0,1,0,0.,0.,1.,1.,1.,1.,0.,6.283185307,0.,1.,               73P     47
6.283185307,0.,0.,1.,0.,0.,1.;                                        73P     48
110,601.,5.,0.,601.,5.,5.;                                            75P     49
126,1,1,1,0,1,0,0.,0.,1.,1.,1.,1.,1.,6.283185307,0.,1.,               77P     50
3.141592654,0.,0.,1.,0.,0.,1.;                                        77P     51
124,1.,-7.105427357601E-15,0.,7.10542735760406E-14,                   79P     52
-7.105427357601E-15,-1.,6.98296267768627E-15,10.0000000000042,        79P     53
-4.96169340471387E-29,-6.98296267768627E-15,-1.,10.;                  79P     54
100,5.,600.,5.,601.,5.,599.,5.;                                       81P     55
126,1,1,1,0,1,0,0.,0.,1.,1.,1.,1.,1.,3.141592654,0.,0.,               83P     56
3.141592654,0.,0.,1.,0.,0.,1.;                                        83P     57
110,599.,5.,5.,599.,5.,0.;                                            85P     58
126,1,1,1,0,1,0,0.,0.,1.,1.,1.,1.,0.,3.141592654,0.,0.,               87P     59
6.283185307,0.,0.,1.,0.,0.,1.;                                        87P     60
100,0.,600.,5.,599.,5.,601.,5.;                                       89P     61
102,4,73,77,83,87;                                                    91P     62
102,4,75,81,85,89;                                                    93P     63
142,1,71,91,93,1;                                                     95P     64
144,71,1,0,95;                                                        97P     65
110,15.,5.,0.,15.,5.,1000.;                                           99P     66
110,16.,5.,0.,16.,5.,5.;                                             101P     67
120,99,101,0.,6.28318530717959;                                      103P     68
126,1,1,1,0,1,0,0.,0.,1.,1.,1.,1.,0.,6.283185307,0.,1.,              105P     69
6.283185307,0.,0.,1.,0.,0.,1.;                                       105P     70
110,16.,5.,0.,16.,5.,5.;                                             107P     71
126,1,1,1,0,1,0,0.,0.,1.,1.,1.,1.,1.,6.283185307,0.,1.,              109P     72
3.141592654,0.,0.,1.,0.,0.,1.;                                       109P     73
124,1.,-7.105427357601E-15,0.,3.63598040564734E-14,                  111P     74
-7.105427357601E-15,-1.,6.98296267768627E-15,9.99999999999986,       111P     75
-4.96169340471387E-29,-6.98296267768627E-15,-1.,10.;                 111P     76
100,5.,15.,5.,16.,5.,14.,5.;                                         113P     77
126,1,1,1,0,1,0,0.,0.,1.,1.,1.,1.,1.,3.141592654,0.,0.,              115P     78
3.141592654,0.,0.,1.,0.,0.,1.;                                       115P     79
110,14.,5.,5.,14.,5.,0.;                                             117P     80
126,1,1,1,0,1,0,0.,0.,1.,1.,1.,1.,0.,3.141592654,0.,0.,              119P     81
6.283185307,0.,0.,1.,0.,0.,1.;                                       119P     82
100,0.,15.,5.,14.,5.,16.,5.;                                         121P     83
102,4,105,109,115,119;                                               123P     84
102,4,107,113,117,121;                                               125P     85
142,1,103,123,125,1;                                                 127P     86
144,103,1,0,127;                                                     129P     87
110,995.,1350.,0.,995.,1350.,1000.;                                  131P     88
110,996.,1350.,0.,996.,1350.,5.;                                     133P     89
120,131,133,0.,6.28318530717959;                                     135P     90
126,1,1,1,0,1,0,0.,0.,1.,1.,1.,1.,0.,6.283185307,0.,1.,              137P     91
6.283185307,0.,0.,1.,0.,0.,1.;                                       137P     92
110,996.,1350.,0.,996.,1350.,5.;                                     139P     93
126,1,1,1,0,1,0,0.,0.,1.,1.,1.,1.,1.,6.283185307,0.,1.,              141P     94
3.141592654,0.,0.,1.,0.,0.,1.;                                       141P     95
124,1.,0.,0.,0.,0.,-1.,6.98296267768627E-15,2700.,0.,                143P     96
-6.98296267768627E-15,-1.,10.0000000000094;                          143P     97
100,5.,995.,1350.,996.,1350.,994.,1350.;                             145P     98
126,1,1,1,0,1,0,0.,0.,1.,1.,1.,1.,1.,3.141592654,0.,0.,              147P     99
3.141592654,0.,0.,1.,0.,0.,1.;                                       147P    100
110,994.,1350.,5.,994.,1350.,0.;                                     149P    101
126,1,1,1,0,1,0,0.,0.,1.,1.,1.,1.,0.,3.141592654,0.,0.,              151P    102
6.283185307,0.,0.,1.,0.,0.,1.;                                       151P    103
100,0.,995.,1350.,994.,1350.,996.,1350.;                             153P    104
102,4,137,141,147,151;                                               155P    105
102,4,139,145,149,153;                                               157P    106
142,1,135,155,157,1;                                                 159P    107
144,135,1,0,159;                                                     161P    108
110,5.,1485.,0.,5.,1485.,1000.;                                      163P    109
110,6.,1485.,0.,6.,1485.,5.;                                         165P    110
120,163,165,0.,6.28318530717959;                                     167P    111
126,1,1,1,0,1,0,0.,0.,1.,1.,1.,1.,0.,6.283185307,0.,1.,              169P    112
6.283185307,0.,0.,1.,0.,0.,1.;                                       169P    113
110,6.,1485.,0.,6.,1485.,5.;                                         171P    114
126,1,1,1,0,1,0,0.,0.,1.,1.,1.,1.,1.,6.283185307,0.,1.,              173P    115
3.141592654,0.,0.,1.,0.,0.,1.;                                       173P    116
124,1.,0.,0.,0.,0.,-1.,6.98296267768627E-15,2970.,0.,                175P    117
-6.98296267768627E-15,-1.,10.0000000000104;                          175P    118
100,5.,5.,1485.,6.,1485.,4.,1485.;                                   177P    119
126,1,1,1,0,1,0,0.,0.,1.,1.,1.,1.,1.,3.141592654,0.,0.,              179P    120
3.141592654,0.,0.,1.,0.,0.,1.;                                       179P    121
110,4.,1485.,5.,4.,1485.,0.;                                         181P    122
126,1,1,1,0,1,0,0.,0.,1.,1.,1.,1.,0.,3.141592654,0.,0.,              183P    123
6.283185307,0.,0.,1.,0.,0.,1.;                                       183P    124
100,0.,5.,1485.,4.,1485.,6.,1485.;                                   185P    125
102,4,169,173,179,183;                                               187P    126
102,4,171,177,181,185;                                               189P    127
142,1,167,187,189,1;                                                 191P    128
144,167,1,0,191;                                                     193P    129
110,995.,1485.,0.,995.,1485.,1000.;                                  195P    130
110,996.,1485.,0.,996.,1485.,5.;                                     197P    131
120,195,197,0.,6.28318530717959;                                     199P    132
126,1,1,1,0,1,0,0.,0.,1.,1.,1.,1.,0.,6.283185307,0.,1.,              201P    133
6.283185307,0.,0.,1.,0.,0.,1.;                                       201P    134
110,996.,1485.,0.,996.,1485.,5.;                                     203P    135
126,1,1,1,0,1,0,0.,0.,1.,1.,1.,1.,1.,6.283185307,0.,1.,              205P    136
3.141592654,0.,0.,1.,0.,0.,1.;                                       205P    137
124,1.,0.,0.,0.,0.,-1.,6.98296267768627E-15,2970.,0.,                207P    138
-6.98296267768627E-15,-1.,10.0000000000104;                          207P    139
100,5.,995.,1485.,996.,1485.,994.,1485.;                             209P    140
126,1,1,1,0,1,0,0.,0.,1.,1.,1.,1.,1.,3.141592654,0.,0.,              211P    141
3.141592654,0.,0.,1.,0.,0.,1.;                                       211P    142
110,994.,1485.,5.,994.,1485.,0.;                                     213P    143
126,1,1,1,0,1,0,0.,0.,1.,1.,1.,1.,0.,3.141592654,0.,0.,              215P    144
6.283185307,0.,0.,1.,0.,0.,1.;                                       215P    145
100,0.,995.,1485.,994.,1485.,996.,1485.;                             217P    146
102,4,201,205,211,215;                                               219P    147
102,4,203,209,213,217;                                               221P    148
142,1,199,219,221,1;                                                 223P    149
144,199,1,0,223;                                                     225P    150
110,985.,5.,0.,985.,5.,1000.;                                        227P    151
110,986.,5.,0.,986.,5.,5.;                                           229P    152
120,227,229,0.,6.28318530717959;                                     231P    153
126,1,1,1,0,1,0,0.,0.,1.,1.,1.,1.,0.,6.283185307,0.,1.,              233P    154
6.283185307,0.,0.,1.,0.,0.,1.;                                       233P    155
110,986.,5.,0.,986.,5.,5.;                                           235P    156
126,1,1,1,0,1,0,0.,0.,1.,1.,1.,1.,1.,6.283185307,0.,1.,              237P    157
3.141592654,0.,0.,1.,0.,0.,1.;                                       237P    158
124,1.,-7.105427357601E-15,0.,7.105427357606E-14,                    239P    159
-7.105427357601E-15,-1.,6.98296267768627E-15,10.000000000007,        239P    160
-4.96169340471387E-29,-6.98296267768627E-15,-1.,10.;                 239P    161
100,5.,985.,5.,986.,5.,984.,5.;                                      241P    162
126,1,1,1,0,1,0,0.,0.,1.,1.,1.,1.,1.,3.141592654,0.,0.,              243P    163
3.141592654,0.,0.,1.,0.,0.,1.;                                       243P    164
110,984.,5.,5.,984.,5.,0.;                                           245P    165
126,1,1,1,0,1,0,0.,0.,1.,1.,1.,1.,0.,3.141592654,0.,0.,              247P    166
6.283185307,0.,0.,1.,0.,0.,1.;                                       247P    167
100,0.,985.,5.,984.,5.,986.,5.;                                      249P    168
102,4,233,237,243,247;                                               251P    169
102,4,235,241,245,249;                                               253P    170
142,1,231,251,253,1;                                                 255P    171
144,231,1,0,255;                                                     257P    172
110,5.,750.,0.,5.,750.,1000.;                                        259P    173
110,6.,750.,0.,6.,750.,5.;                                           261P    174
120,259,261,0.,6.28318530717959;                                     263P    175
126,1,1,1,0,1,0,0.,0.,1.,1.,1.,1.,0.,6.283185307,0.,1.,              265P    176
6.283185307,0.,0.,1.,0.,0.,1.;                                       265P    177
110,6.,750.,0.,6.,750.,5.;                                           267P    178
126,1,1,1,0,1,0,0.,0.,1.,1.,1.,1.,1.,6.283185307,0.,1.,              269P    179
3.141592654,0.,0.,1.,0.,0.,1.;                                       269P    180
124,1.,0.,0.,0.,0.,-1.,6.98296267768627E-15,1500.,0.,                271P    181
-6.98296267768627E-15,-1.,10.0000000000052;                          271P    182
100,5.,5.,750.,6.,750.,4.,750.;                                      273P    183
126,1,1,1,0,1,0,0.,0.,1.,1.,1.,1.,1.,3.141592654,0.,0.,              275P    184
3.141592654,0.,0.,1.,0.,0.,1.;                                       275P    185
110,4.,750.,5.,4.,750.,0.;                                           277P    186
126,1,1,1,0,1,0,0.,0.,1.,1.,1.,1.,0.,3.141592654,0.,0.,              279P    187
6.283185307,0.,0.,1.,0.,0.,1.;                                       279P    188
100,0.,5.,750.,4.,750.,6.,750.;                                      281P    189
102,4,265,269,275,279;                                               283P    190
102,4,267,273,277,281;                                               285P    191
142,1,263,283,285,1;                                                 287P    192
144,263,1,0,287;                                                     289P    193
110,5.,450.,0.,5.,450.,1000.;                                        291P    194
110,6.,450.,0.,6.,450.,5.;                                           293P    195
120,291,293,0.,6.28318530717959;                                     295P    196
126,1,1,1,0,1,0,0.,0.,1.,1.,1.,1.,0.,6.283185307,0.,1.,              297P    197
6.283185307,0.,0.,1.,0.,0.,1.;                                       297P    198
110,6.,450.,0.,6.,450.,5.;                                           299P    199
126,1,1,1,0,1,0,0.,0.,1.,1.,1.,1.,1.,6.283185307,0.,1.,              301P    200
3.141592654,0.,0.,1.,0.,0.,1.;                                       301P    201
124,1.,0.,0.,0.,0.,-1.,6.98296267768627E-15,900.,0.,                 303P    202
-6.98296267768627E-15,-1.,10.0000000000031;                          303P    203
100,5.,5.,450.,6.,450.,4.,450.;                                      305P    204
126,1,1,1,0,1,0,0.,0.,1.,1.,1.,1.,1.,3.141592654,0.,0.,              307P    205
3.141592654,0.,0.,1.,0.,0.,1.;                                       307P    206
110,4.,450.,5.,4.,450.,0.;                                           309P    207
126,1,1,1,0,1,0,0.,0.,1.,1.,1.,1.,0.,3.141592654,0.,0.,              311P    208
6.283185307,0.,0.,1.,0.,0.,1.;                                       311P    209
100,0.,5.,450.,4.,450.,6.,450.;                                      313P    210
102,4,297,301,307,311;                                               315P    211
102,4,299,305,309,313;                                               317P    212
142,1,295,315,317,1;                                                 319P    213
144,295,1,0,319;                                                     321P    214
110,5.,600.,0.,5.,600.,1000.;                                        323P    215
110,6.,600.,0.,6.,600.,5.;                                           325P    216
120,323,325,0.,6.28318530717959;                                     327P    217
126,1,1,1,0,1,0,0.,0.,1.,1.,1.,1.,0.,6.283185307,0.,1.,              329P    218
6.283185307,0.,0.,1.,0.,0.,1.;                                       329P    219
110,6.,600.,0.,6.,600.,5.;                                           331P    220
126,1,1,1,0,1,0,0.,0.,1.,1.,1.,1.,1.,6.283185307,0.,1.,              333P    221
3.141592654,0.,0.,1.,0.,0.,1.;                                       333P    222
124,1.,0.,0.,0.,0.,-1.,6.98296267768627E-15,1200.,0.,                335P    223
-6.98296267768627E-15,-1.,10.0000000000042;                          335P    224
100,5.,5.,600.,6.,600.,4.,600.;                                      337P    225
126,1,1,1,0,1,0,0.,0.,1.,1.,1.,1.,1.,3.141592654,0.,0.,              339P    226
3.141592654,0.,0.,1.,0.,0.,1.;                                       339P    227
110,4.,600.,5.,4.,600.,0.;                                           341P    228
126,1,1,1,0,1,0,0.,0.,1.,1.,1.,1.,0.,3.141592654,0.,0.,              343P    229
6.283185307,0.,0.,1.,0.,0.,1.;                                       343P    230
100,0.,5.,600.,4.,600.,6.,600.;                                      345P    231
102,4,329,333,339,343;                                               347P    232
102,4,331,337,341,345;                                               349P    233
142,1,327,347,349,1;                                                 351P    234
144,327,1,0,351;                                                     353P    235
110,5.,900.,0.,5.,900.,1000.;                                        355P    236
110,6.,900.,0.,6.,900.,5.;                                           357P    237
120,355,357,0.,6.28318530717959;                                     359P    238
126,1,1,1,0,1,0,0.,0.,1.,1.,1.,1.,0.,6.283185307,0.,1.,              361P    239
6.283185307,0.,0.,1.,0.,0.,1.;                                       361P    240
110,6.,900.,0.,6.,900.,5.;                                           363P    241
126,1,1,1,0,1,0,0.,0.,1.,1.,1.,1.,1.,6.283185307,0.,1.,              365P    242
3.141592654,0.,0.,1.,0.,0.,1.;                                       365P    243
124,1.,0.,0.,0.,0.,-1.,6.98296267768627E-15,1800.,0.,                367P    244
-6.98296267768627E-15,-1.,10.0000000000063;                          367P    245
100,5.,5.,900.,6.,900.,4.,900.;                                      369P    246
126,1,1,1,0,1,0,0.,0.,1.,1.,1.,1.,1.,3.141592654,0.,0.,              371P    247
3.141592654,0.,0.,1.,0.,0.,1.;                                       371P    248
110,4.,900.,5.,4.,900.,0.;                                           373P    249
126,1,1,1,0,1,0,0.,0.,1.,1.,1.,1.,0.,3.141592654,0.,0.,              375P    250
6.283185307,0.,0.,1.,0.,0.,1.;                                       375P    251
100,0.,5.,900.,4.,900.,6.,900.;                                      377P    252
102,4,361,365,371,375;                                               379P    253
102,4,363,369,373,377;                                               381P    254
142,1,359,379,381,1;                                                 383P    255
144,359,1,0,383;                                                     385P    256
110,995.,1050.,0.,995.,1050.,1000.;                                  387P    257
110,996.,1050.,0.,996.,1050.,5.;                                     389P    258
120,387,389,0.,6.28318530717959;                                     391P    259
126,1,1,1,0,1,0,0.,0.,1.,1.,1.,1.,0.,6.283185307,0.,1.,              393P    260
6.283185307,0.,0.,1.,0.,0.,1.;                                       393P    261
110,996.,1050.,0.,996.,1050.,5.;                                     395P    262
126,1,1,1,0,1,0,0.,0.,1.,1.,1.,1.,1.,6.283185307,0.,1.,              397P    263
3.141592654,0.,0.,1.,0.,0.,1.;                                       397P    264
124,1.,0.,0.,0.,0.,-1.,6.98296267768627E-15,2100.,0.,                399P    265
-6.98296267768627E-15,-1.,10.0000000000073;                          399P    266
100,5.,995.,1050.,996.,1050.,994.,1050.;                             401P    267
126,1,1,1,0,1,0,0.,0.,1.,1.,1.,1.,1.,3.141592654,0.,0.,              403P    268
3.141592654,0.,0.,1.,0.,0.,1.;                                       403P    269
110,994.,1050.,5.,994.,1050.,0.;                                     405P    270
126,1,1,1,0,1,0,0.,0.,1.,1.,1.,1.,0.,3.141592654,0.,0.,              407P    271
6.283185307,0.,0.,1.,0.,0.,1.;                                       407P    272
100,0.,995.,1050.,994.,1050.,996.,1050.;                             409P    273
102,4,393,397,403,407;                                               411P    274
102,4,395,401,405,409;                                               413P    275
142,1,391,411,413,1;                                                 415P    276
144,391,1,0,415;                                                     417P    277
110,995.,900.,0.,995.,900.,1000.;                                    419P    278
110,996.,900.,0.,996.,900.,5.;                                       421P    279
120,419,421,0.,6.28318530717959;                                     423P    280
126,1,1,1,0,1,0,0.,0.,1.,1.,1.,1.,0.,6.283185307,0.,1.,              425P    281
6.283185307,0.,0.,1.,0.,0.,1.;                                       425P    282
110,996.,900.,0.,996.,900.,5.;                                       427P    283
126,1,1,1,0,1,0,0.,0.,1.,1.,1.,1.,1.,6.283185307,0.,1.,              429P    284
3.141592654,0.,0.,1.,0.,0.,1.;                                       429P    285
124,1.,0.,0.,0.,0.,-1.,6.98296267768627E-15,1800.,0.,                431P    286
-6.98296267768627E-15,-1.,10.0000000000063;                          431P    287
100,5.,995.,900.,996.,900.,994.,900.;                                433P    288
126,1,1,1,0,1,0,0.,0.,1.,1.,1.,1.,1.,3.141592654,0.,0.,              435P    289
3.141592654,0.,0.,1.,0.,0.,1.;                                       435P    290
110,994.,900.,5.,994.,900.,0.;                                       437P    291
126,1,1,1,0,1,0,0.,0.,1.,1.,1.,1.,0.,3.141592654,0.,0.,              439P    292
6.283185307,0.,0.,1.,0.,0.,1.;                                       439P    293
100,0.,995.,900.,994.,900.,996.,900.;                                441P    294
102,4,425,429,435,439;                                               443P    295
102,4,427,433,437,441;                                               445P    296
142,1,423,443,445,1;                                                 447P    297
144,423,1,0,447;                                                     449P    298
110,995.,750.,0.,995.,750.,1000.;                                    451P    299
110,996.,750.,0.,996.,750.,5.;                                       453P    300
120,451,453,0.,6.28318530717959;                                     455P    301
126,1,1,1,0,1,0,0.,0.,1.,1.,1.,1.,0.,6.283185307,0.,1.,              457P    302
6.283185307,0.,0.,1.,0.,0.,1.;                                       457P    303
110,996.,750.,0.,996.,750.,5.;                                       459P    304
126,1,1,1,0,1,0,0.,0.,1.,1.,1.,1.,1.,6.283185307,0.,1.,              461P    305
3.141592654,0.,0.,1.,0.,0.,1.;                                       461P    306
124,1.,0.,0.,0.,0.,-1.,6.98296267768627E-15,1500.,0.,                463P    307
-6.98296267768627E-15,-1.,10.0000000000052;                          463P    308
100,5.,995.,750.,996.,750.,994.,750.;                                465P    309
126,1,1,1,0,1,0,0.,0.,1.,1.,1.,1.,1.,3.141592654,0.,0.,              467P    310
3.141592654,0.,0.,1.,0.,0.,1.;                                       467P    311
110,994.,750.,5.,994.,750.,0.;                                       469P    312
126,1,1,1,0,1,0,0.,0.,1.,1.,1.,1.,0.,3.141592654,0.,0.,              471P    313
6.283185307,0.,0.,1.,0.,0.,1.;                                       471P    314
100,0.,995.,750.,994.,750.,996.,750.;                                473P    315
102,4,457,461,467,471;                                               475P    316
102,4,459,465,469,473;                                               477P    317
142,1,455,475,477,1;                                                 479P    318
144,455,1,0,479;                                                     481P    319
110,995.,600.,0.,995.,600.,1000.;                                    483P    320
110,996.,600.,0.,996.,600.,5.;                                       485P    321
120,483,485,0.,6.28318530717959;                                     487P    322
126,1,1,1,0,1,0,0.,0.,1.,1.,1.,1.,0.,6.283185307,0.,1.,              489P    323
6.283185307,0.,0.,1.,0.,0.,1.;                                       489P    324
110,996.,600.,0.,996.,600.,5.;                                       491P    325
126,1,1,1,0,1,0,0.,0.,1.,1.,1.,1.,1.,6.283185307,0.,1.,              493P    326
3.141592654,0.,0.,1.,0.,0.,1.;                                       493P    327
124,1.,0.,0.,0.,0.,-1.,6.98296267768627E-15,1200.,0.,                495P    328
-6.98296267768627E-15,-1.,10.0000000000042;                          495P    329
100,5.,995.,600.,996.,600.,994.,600.;                                497P    330
126,1,1,1,0,1,0,0.,0.,1.,1.,1.,1.,1.,3.141592654,0.,0.,              499P    331
3.141592654,0.,0.,1.,0.,0.,1.;                                       499P    332
110,994.,600.,5.,994.,600.,0.;                                       501P    333
126,1,1,1,0,1,0,0.,0.,1.,1.,1.,1.,0.,3.141592654,0.,0.,              503P    334
6.283185307,0.,0.,1.,0.,0.,1.;                                       503P    335
100,0.,995.,600.,994.,600.,996.,600.;                                505P    336
102,4,489,493,499,503;                                               507P    337
102,4,491,497,501,505;                                               509P    338
142,1,487,507,509,1;                                                 511P    339
144,487,1,0,511;                                                     513P    340
110,400.,5.,0.,400.,5.,1000.;                                        515P    341
110,401.,5.,0.,401.,5.,5.;                                           517P    342
120,515,517,0.,6.28318530717959;                                     519P    343
126,1,1,1,0,1,0,0.,0.,1.,1.,1.,1.,0.,6.283185307,0.,1.,              521P    344
6.283185307,0.,0.,1.,0.,0.,1.;                                       521P    345
110,401.,5.,0.,401.,5.,5.;                                           523P    346
126,1,1,1,0,1,0,0.,0.,1.,1.,1.,1.,1.,6.283185307,0.,1.,              525P    347
3.141592654,0.,0.,1.,0.,0.,1.;                                       525P    348
124,1.,-7.105427357601E-15,0.,1.55431223447727E-14,                  527P    349
-7.105427357601E-15,-1.,6.98296267768627E-15,10.0000000000028,       527P    350
-4.96169340471387E-29,-6.98296267768627E-15,-1.,10.;                 527P    351
100,5.,400.,5.,401.,5.,399.,5.;                                      529P    352
126,1,1,1,0,1,0,0.,0.,1.,1.,1.,1.,1.,3.141592654,0.,0.,              531P    353
3.141592654,0.,0.,1.,0.,0.,1.;                                       531P    354
110,399.,5.,5.,399.,5.,0.;                                           533P    355
126,1,1,1,0,1,0,0.,0.,1.,1.,1.,1.,0.,3.141592654,0.,0.,              535P    356
6.283185307,0.,0.,1.,0.,0.,1.;                                       535P    357
100,0.,400.,5.,399.,5.,401.,5.;                                      537P    358
102,4,521,525,531,535;                                               539P    359
102,4,523,529,533,537;                                               541P    360
142,1,519,539,541,1;                                                 543P    361
144,519,1,0,543;                                                     545P    362
110,995.,15.,0.,995.,15.,1000.;                                      547P    363
110,996.,15.,0.,996.,15.,5.;                                         549P    364
120,547,549,0.,6.28318530717959;                                     551P    365
126,1,1,1,0,1,0,0.,0.,1.,1.,1.,1.,0.,6.283185307,0.,1.,              553P    366
6.283185307,0.,0.,1.,0.,0.,1.;                                       553P    367
110,996.,15.,0.,996.,15.,5.;                                         555P    368
126,1,1,1,0,1,0,0.,0.,1.,1.,1.,1.,1.,6.283185307,0.,1.,              557P    369
3.141592654,0.,0.,1.,0.,0.,1.;                                       557P    370
124,1.,-7.105427357601E-15,0.,1.02140518265565E-13,                  559P    371
-7.105427357601E-15,-1.,6.98296267768627E-15,30.000000000007,        559P    372
-4.96169340471387E-29,-6.98296267768627E-15,-1.,                     559P    373
10.0000000000001;                                                    559P    374
100,5.,995.,15.,996.,15.,994.,15.;                                   561P    375
126,1,1,1,0,1,0,0.,0.,1.,1.,1.,1.,1.,3.141592654,0.,0.,              563P    376
3.141592654,0.,0.,1.,0.,0.,1.;                                       563P    377
110,994.,15.,5.,994.,15.,0.;                                         565P    378
126,1,1,1,0,1,0,0.,0.,1.,1.,1.,1.,0.,3.141592654,0.,0.,              567P    379
6.283185307,0.,0.,1.,0.,0.,1.;                                       567P    380
100,0.,995.,15.,994.,15.,996.,15.;                                   569P    381
102,4,553,557,563,567;                                               571P    382
102,4,555,561,565,569;                                               573P    383
142,1,551,571,573,1;                                                 575P    384
144,551,1,0,575;                                                     577P    385
110,800.,5.,0.,800.,5.,1000.;                                        579P    386
110,801.,5.,0.,801.,5.,5.;                                           581P    387
120,579,581,0.,6.28318530717959;                                     583P    388
126,1,1,1,0,1,0,0.,0.,1.,1.,1.,1.,0.,6.283185307,0.,1.,              585P    389
6.283185307,0.,0.,1.,0.,0.,1.;                                       585P    390
110,801.,5.,0.,801.,5.,5.;                                           587P    391
126,1,1,1,0,1,0,0.,0.,1.,1.,1.,1.,1.,6.283185307,0.,1.,              589P    392
3.141592654,0.,0.,1.,0.,0.,1.;                                       589P    393
124,1.,-7.105427357601E-15,0.,7.10542735760507E-14,                  591P    394
-7.105427357601E-15,-1.,6.98296267768627E-15,10.0000000000057,       591P    395
-4.96169340471387E-29,-6.98296267768627E-15,-1.,10.;                 591P    396
100,5.,800.,5.,801.,5.,799.,5.;                                      593P    397
126,1,1,1,0,1,0,0.,0.,1.,1.,1.,1.,1.,3.141592654,0.,0.,              595P    398
3.141592654,0.,0.,1.,0.,0.,1.;                                       595P    399
110,799.,5.,5.,799.,5.,0.;                                           597P    400
126,1,1,1,0,1,0,0.,0.,1.,1.,1.,1.,0.,3.141592654,0.,0.,              599P    401
6.283185307,0.,0.,1.,0.,0.,1.;                                       599P    402
100,0.,800.,5.,799.,5.,801.,5.;                                      601P    403
102,4,585,589,595,599;                                               603P    404
102,4,587,593,597,601;                                               605P    405
142,1,583,603,605,1;                                                 607P    406
144,583,1,0,607;                                                     609P    407
110,200.,5.,0.,200.,5.,1000.;                                        611P    408
110,201.,5.,0.,201.,5.,5.;                                           613P    409
120,611,613,0.,6.28318530717959;                                     615P    410
126,1,1,1,0,1,0,0.,0.,1.,1.,1.,1.,0.,6.283185307,0.,1.,              617P    411
6.283185307,0.,0.,1.,0.,0.,1.;                                       617P    412
110,201.,5.,0.,201.,5.,5.;                                           619P    413
126,1,1,1,0,1,0,0.,0.,1.,1.,1.,1.,1.,6.283185307,0.,1.,              621P    414
3.141592654,0.,0.,1.,0.,0.,1.;                                       621P    415
124,1.,-7.105427357601E-15,0.,4.32986979603915E-14,                  623P    416
-7.105427357601E-15,-1.,6.98296267768627E-15,10.0000000000014,       623P    417
-4.96169340471387E-29,-6.98296267768627E-15,-1.,10.;                 623P    418
100,5.,200.,5.,201.,5.,199.,5.;                                      625P    419
126,1,1,1,0,1,0,0.,0.,1.,1.,1.,1.,1.,3.141592654,0.,0.,              627P    420
3.141592654,0.,0.,1.,0.,0.,1.;                                       627P    421
110,199.,5.,5.,199.,5.,0.;                                           629P    422
126,1,1,1,0,1,0,0.,0.,1.,1.,1.,1.,0.,3.141592654,0.,0.,              631P    423
6.283185307,0.,0.,1.,0.,0.,1.;                                       631P    424
100,0.,200.,5.,199.,5.,201.,5.;                                      633P    425
102,4,617,621,627,631;                                               635P    426
102,4,619,625,629,633;                                               637P    427
142,1,615,635,637,1;                                                 639P    428
144,615,1,0,639;                                                     641P    429
110,15.,1495.,0.,15.,1495.,1000.;                                    643P    430
110,16.,1495.,0.,16.,1495.,5.;                                       645P    431
120,643,645,0.,6.28318530717959;                                     647P    432
126,1,1,1,0,1,0,0.,0.,1.,1.,1.,1.,0.,6.283185307,0.,1.,              649P    433
6.283185307,0.,0.,1.,0.,0.,1.;                                       649P    434
110,16.,1495.,0.,16.,1495.,5.;                                       651P    435
126,1,1,1,0,1,0,0.,0.,1.,1.,1.,1.,1.,6.283185307,0.,1.,              653P    436
3.141592654,0.,0.,1.,0.,0.,1.;                                       653P    437
124,1.,-7.105427357601E-15,0.,1.0621781232345E-11,                   655P    438
-7.105427357601E-15,-1.,6.98296267768627E-15,2990.,                  655P    439
-4.96169340471387E-29,-6.98296267768627E-15,-1.,                     655P    440
10.0000000000104;                                                    655P    441
100,5.,15.,1495.,16.,1495.,14.,1495.;                                657P    442
126,1,1,1,0,1,0,0.,0.,1.,1.,1.,1.,1.,3.141592654,0.,0.,              659P    443
3.141592654,0.,0.,1.,0.,0.,1.;                                       659P    444
110,14.,1495.,5.,14.,1495.,0.;                                       661P    445
126,1,1,1,0,1,0,0.,0.,1.,1.,1.,1.,0.,3.141592654,0.,0.,              663P    446
6.283185307,0.,0.,1.,0.,0.,1.;                                       663P    447
100,0.,15.,1495.,14.,1495.,16.,1495.;                                665P    448
102,4,649,653,659,663;                                               667P    449
102,4,651,657,661,665;                                               669P    450
142,1,647,667,669,1;                                                 671P    451
144,647,1,0,671;                                                     673P    452
110,200.,1495.,0.,200.,1495.,1000.;                                  675P    453
110,201.,1495.,0.,201.,1495.,5.;                                     677P    454
120,675,677,0.,6.28318530717959;                                     679P    455
126,1,1,1,0,1,0,0.,0.,1.,1.,1.,1.,0.,6.283185307,0.,1.,              681P    456
6.283185307,0.,0.,1.,0.,0.,1.;                                       681P    457
110,201.,1495.,0.,201.,1495.,5.;                                     683P    458
126,1,1,1,0,1,0,0.,0.,1.,1.,1.,1.,1.,6.283185307,0.,1.,              685P    459
3.141592654,0.,0.,1.,0.,0.,1.;                                       685P    460
124,1.,0.,0.,0.,0.,-1.,6.98296267768627E-15,2990.,0.,                687P    461
-6.98296267768627E-15,-1.,10.0000000000104;                          687P    462
100,5.,200.,1495.,201.,1495.,199.,1495.;                             689P    463
126,1,1,1,0,1,0,0.,0.,1.,1.,1.,1.,1.,3.141592654,0.,0.,              691P    464
3.141592654,0.,0.,1.,0.,0.,1.;                                       691P    465
110,199.,1495.,5.,199.,1495.,0.;                                     693P    466
126,1,1,1,0,1,0,0.,0.,1.,1.,1.,1.,0.,3.141592654,0.,0.,              695P    467
6.283185307,0.,0.,1.,0.,0.,1.;                                       695P    468
100,0.,200.,1495.,199.,1495.,201.,1495.;                             697P    469
102,4,681,685,691,695;                                               699P    470
102,4,683,689,693,697;                                               701P    471
142,1,679,699,701,1;                                                 703P    472
144,679,1,0,703;                                                     705P    473
110,400.,1495.,0.,400.,1495.,1000.;                                  707P    474
110,401.,1495.,0.,401.,1495.,5.;                                     709P    475
120,707,709,0.,6.28318530717959;                                     711P    476
126,1,1,1,0,1,0,0.,0.,1.,1.,1.,1.,0.,6.283185307,0.,1.,              713P    477
6.283185307,0.,0.,1.,0.,0.,1.;                                       713P    478
110,401.,1495.,0.,401.,1495.,5.;                                     715P    479
126,1,1,1,0,1,0,0.,0.,1.,1.,1.,1.,1.,6.283185307,0.,1.,              717P    480
3.141592654,0.,0.,1.,0.,0.,1.;                                       717P    481
124,1.,0.,0.,0.,0.,-1.,6.98296267768627E-15,2990.,0.,                719P    482
-6.98296267768627E-15,-1.,10.0000000000104;                          719P    483
100,5.,400.,1495.,401.,1495.,399.,1495.;                             721P    484
126,1,1,1,0,1,0,0.,0.,1.,1.,1.,1.,1.,3.141592654,0.,0.,              723P    485
3.141592654,0.,0.,1.,0.,0.,1.;                                       723P    486
110,399.,1495.,5.,399.,1495.,0.;                                     725P    487
126,1,1,1,0,1,0,0.,0.,1.,1.,1.,1.,0.,3.141592654,0.,0.,              727P    488
6.283185307,0.,0.,1.,0.,0.,1.;                                       727P    489
100,0.,400.,1495.,399.,1495.,401.,1495.;                             729P    490
102,4,713,717,723,727;                                               731P    491
102,4,715,721,725,729;                                               733P    492
142,1,711,731,733,1;                                                 735P    493
144,711,1,0,735;                                                     737P    494
110,800.,1495.,0.,800.,1495.,1000.;                                  739P    495
110,801.,1495.,0.,801.,1495.,5.;                                     741P    496
120,739,741,0.,6.28318530717959;                                     743P    497
126,1,1,1,0,1,0,0.,0.,1.,1.,1.,1.,0.,6.283185307,0.,1.,              745P    498
6.283185307,0.,0.,1.,0.,0.,1.;                                       745P    499
110,801.,1495.,0.,801.,1495.,5.;                                     747P    500
126,1,1,1,0,1,0,0.,0.,1.,1.,1.,1.,1.,6.283185307,0.,1.,              749P    501
3.141592654,0.,0.,1.,0.,0.,1.;                                       749P    502
124,1.,0.,0.,0.,0.,-1.,6.98296267768627E-15,2990.,0.,                751P    503
-6.98296267768627E-15,-1.,10.0000000000104;                          751P    504
100,5.,800.,1495.,801.,1495.,799.,1495.;                             753P    505
126,1,1,1,0,1,0,0.,0.,1.,1.,1.,1.,1.,3.141592654,0.,0.,              755P    506
3.141592654,0.,0.,1.,0.,0.,1.;                                       755P    507
110,799.,1495.,5.,799.,1495.,0.;                                     757P    508
126,1,1,1,0,1,0,0.,0.,1.,1.,1.,1.,0.,3.141592654,0.,0.,              759P    509
6.283185307,0.,0.,1.,0.,0.,1.;                                       759P    510
100,0.,800.,1495.,799.,1495.,801.,1495.;                             761P    511
102,4,745,749,755,759;                                               763P    512
102,4,747,753,757,761;                                               765P    513
142,1,743,763,765,1;                                                 767P    514
144,743,1,0,767;                                                     769P    515
110,5.,1350.,0.,5.,1350.,1000.;                                      771P    516
110,6.,1350.,0.,6.,1350.,5.;                                         773P    517
120,771,773,0.,6.28318530717959;                                     775P    518
126,1,1,1,0,1,0,0.,0.,1.,1.,1.,1.,0.,6.283185307,0.,1.,              777P    519
6.283185307,0.,0.,1.,0.,0.,1.;                                       777P    520
110,6.,1350.,0.,6.,1350.,5.;                                         779P    521
126,1,1,1,0,1,0,0.,0.,1.,1.,1.,1.,1.,6.283185307,0.,1.,              781P    522
3.141592654,0.,0.,1.,0.,0.,1.;                                       781P    523
124,1.,0.,0.,0.,0.,-1.,6.98296267768627E-15,2700.,0.,                783P    524
-6.98296267768627E-15,-1.,10.0000000000094;                          783P    525
100,5.,5.,1350.,6.,1350.,4.,1350.;                                   785P    526
126,1,1,1,0,1,0,0.,0.,1.,1.,1.,1.,1.,3.141592654,0.,0.,              787P    527
3.141592654,0.,0.,1.,0.,0.,1.;                                       787P    528
110,4.,1350.,5.,4.,1350.,0.;                                         789P    529
126,1,1,1,0,1,0,0.,0.,1.,1.,1.,1.,0.,3.141592654,0.,0.,              791P    530
6.283185307,0.,0.,1.,0.,0.,1.;                                       791P    531
100,0.,5.,1350.,4.,1350.,6.,1350.;                                   793P    532
102,4,777,781,787,791;                                               795P    533
102,4,779,785,789,793;                                               797P    534
142,1,775,795,797,1;                                                 799P    535
144,775,1,0,799;                                                     801P    536
110,995.,150.,0.,995.,150.,1000.;                                    803P    537
110,996.,150.,0.,996.,150.,5.;                                       805P    538
120,803,805,0.,6.28318530717959;                                     807P    539
126,1,1,1,0,1,0,0.,0.,1.,1.,1.,1.,0.,6.283185307,0.,1.,              809P    540
6.283185307,0.,0.,1.,0.,0.,1.;                                       809P    541
110,996.,150.,0.,996.,150.,5.;                                       811P    542
126,1,1,1,0,1,0,0.,0.,1.,1.,1.,1.,1.,6.283185307,0.,1.,              813P    543
3.141592654,0.,0.,1.,0.,0.,1.;                                       813P    544
124,1.,-7.105427357601E-15,0.,1.02140518265519E-12,                  815P    545
-7.105427357601E-15,-1.,6.98296267768627E-15,300.000000000007,       815P    546
-4.96169340471387E-29,-6.98296267768627E-15,-1.,                     815P    547
10.000000000001;                                                     815P    548
100,5.,995.,150.,996.,150.,994.,150.;                                817P    549
126,1,1,1,0,1,0,0.,0.,1.,1.,1.,1.,1.,3.141592654,0.,0.,              819P    550
3.141592654,0.,0.,1.,0.,0.,1.;                                       819P    551
110,994.,150.,5.,994.,150.,0.;                                       821P    552
126,1,1,1,0,1,0,0.,0.,1.,1.,1.,1.,0.,3.141592654,0.,0.,              823P    553
6.283185307,0.,0.,1.,0.,0.,1.;                                       823P    554
100,0.,995.,150.,994.,150.,996.,150.;                                825P    555
102,4,809,813,819,823;                                               827P    556
102,4,811,817,821,825;                                               829P    557
142,1,807,827,829,1;                                                 831P    558
144,807,1,0,831;                                                     833P    559
110,995.,300.,0.,995.,300.,1000.;                                    835P    560
110,996.,300.,0.,996.,300.,5.;                                       837P    561
120,835,837,0.,6.28318530717959;                                     839P    562
126,1,1,1,0,1,0,0.,0.,1.,1.,1.,1.,0.,6.283185307,0.,1.,              841P    563
6.283185307,0.,0.,1.,0.,0.,1.;                                       841P    564
110,996.,300.,0.,996.,300.,5.;                                       843P    565
126,1,1,1,0,1,0,0.,0.,1.,1.,1.,1.,1.,6.283185307,0.,1.,              845P    566
3.141592654,0.,0.,1.,0.,0.,1.;                                       845P    567
124,1.,0.,0.,0.,0.,-1.,6.98296267768627E-15,600.,0.,                 847P    568
-6.98296267768627E-15,-1.,10.0000000000021;                          847P    569
100,5.,995.,300.,996.,300.,994.,300.;                                849P    570
126,1,1,1,0,1,0,0.,0.,1.,1.,1.,1.,1.,3.141592654,0.,0.,              851P    571
3.141592654,0.,0.,1.,0.,0.,1.;                                       851P    572
110,994.,300.,5.,994.,300.,0.;                                       853P    573
126,1,1,1,0,1,0,0.,0.,1.,1.,1.,1.,0.,3.141592654,0.,0.,              855P    574
6.283185307,0.,0.,1.,0.,0.,1.;                                       855P    575
100,0.,995.,300.,994.,300.,996.,300.;                                857P    576
102,4,841,845,851,855;                                               859P    577
102,4,843,849,853,857;                                               861P    578
142,1,839,859,861,1;                                                 863P    579
144,839,1,0,863;                                                     865P    580
110,995.,1200.,0.,995.,1200.,1000.;                                  867P    581
110,996.,1200.,0.,996.,1200.,5.;                                     869P    582
120,867,869,0.,6.28318530717959;                                     871P    583
126,1,1,1,0,1,0,0.,0.,1.,1.,1.,1.,0.,6.283185307,0.,1.,              873P    584
6.283185307,0.,0.,1.,0.,0.,1.;                                       873P    585
110,996.,1200.,0.,996.,1200.,5.;                                     875P    586
126,1,1,1,0,1,0,0.,0.,1.,1.,1.,1.,1.,6.283185307,0.,1.,              877P    587
3.141592654,0.,0.,1.,0.,0.,1.;                                       877P    588
124,1.,0.,0.,0.,0.,-1.,6.98296267768627E-15,2400.,0.,                879P    589
-6.98296267768627E-15,-1.,10.0000000000084;                          879P    590
100,5.,995.,1200.,996.,1200.,994.,1200.;                             881P    591
126,1,1,1,0,1,0,0.,0.,1.,1.,1.,1.,1.,3.141592654,0.,0.,              883P    592
3.141592654,0.,0.,1.,0.,0.,1.;                                       883P    593
110,994.,1200.,5.,994.,1200.,0.;                                     885P    594
126,1,1,1,0,1,0,0.,0.,1.,1.,1.,1.,0.,3.141592654,0.,0.,              887P    595
6.283185307,0.,0.,1.,0.,0.,1.;                                       887P    596
100,0.,995.,1200.,994.,1200.,996.,1200.;                             889P    597
102,4,873,877,883,887;                                               891P    598
102,4,875,881,885,889;                                               893P    599
142,1,871,891,893,1;                                                 895P    600
144,871,1,0,895;                                                     897P    601
110,985.,1495.,0.,985.,1495.,1000.;                                  899P    602
110,986.,1495.,0.,986.,1495.,5.;                                     901P    603
120,899,901,0.,6.28318530717959;                                     903P    604
126,1,1,1,0,1,0,0.,0.,1.,1.,1.,1.,0.,6.283185307,0.,1.,              905P    605
6.283185307,0.,0.,1.,0.,0.,1.;                                       905P    606
110,986.,1495.,0.,986.,1495.,5.;                                     907P    607
126,1,1,1,0,1,0,0.,0.,1.,1.,1.,1.,1.,6.283185307,0.,1.,              909P    608
3.141592654,0.,0.,1.,0.,0.,1.;                                       909P    609
124,1.,0.,0.,0.,0.,-1.,6.98296267768627E-15,2990.,0.,                911P    610
-6.98296267768627E-15,-1.,10.0000000000104;                          911P    611
100,5.,985.,1495.,986.,1495.,984.,1495.;                             913P    612
126,1,1,1,0,1,0,0.,0.,1.,1.,1.,1.,1.,3.141592654,0.,0.,              915P    613
3.141592654,0.,0.,1.,0.,0.,1.;                                       915P    614
110,984.,1495.,5.,984.,1495.,0.;                                     917P    615
126,1,1,1,0,1,0,0.,0.,1.,1.,1.,1.,0.,3.141592654,0.,0.,              919P    616
6.283185307,0.,0.,1.,0.,0.,1.;                                       919P    617
100,0.,985.,1495.,984.,1495.,986.,1495.;                             921P    618
102,4,905,909,915,919;                                               923P    619
102,4,907,913,917,921;                                               925P    620
142,1,903,923,925,1;                                                 927P    621
144,903,1,0,927;                                                     929P    622
110,5.,150.,0.,5.,150.,1000.;                                        931P    623
110,6.,150.,0.,6.,150.,5.;                                           933P    624
120,931,933,0.,6.28318530717959;                                     935P    625
126,1,1,1,0,1,0,0.,0.,1.,1.,1.,1.,0.,6.283185307,0.,1.,              937P    626
6.283185307,0.,0.,1.,0.,0.,1.;                                       937P    627
110,6.,150.,0.,6.,150.,5.;                                           939P    628
126,1,1,1,0,1,0,0.,0.,1.,1.,1.,1.,1.,6.283185307,0.,1.,              941P    629
3.141592654,0.,0.,1.,0.,0.,1.;                                       941P    630
124,1.,-7.105427357601E-15,0.,1.06564063129255E-12,                  943P    631
-7.105427357601E-15,-1.,6.98296267768627E-15,300.,                   943P    632
-4.96169340471387E-29,-6.98296267768627E-15,-1.,                     943P    633
10.000000000001;                                                     943P    634
100,5.,5.,150.,6.,150.,4.,150.;                                      945P    635
126,1,1,1,0,1,0,0.,0.,1.,1.,1.,1.,1.,3.141592654,0.,0.,              947P    636
3.141592654,0.,0.,1.,0.,0.,1.;                                       947P    637
110,4.,150.,5.,4.,150.,0.;                                           949P    638
126,1,1,1,0,1,0,0.,0.,1.,1.,1.,1.,0.,3.141592654,0.,0.,              951P    639
6.283185307,0.,0.,1.,0.,0.,1.;                                       951P    640
100,0.,5.,150.,4.,150.,6.,150.;                                      953P    641
102,4,937,941,947,951;                                               955P    642
102,4,939,945,949,953;                                               957P    643
142,1,935,955,957,1;                                                 959P    644
144,935,1,0,959;                                                     961P    645
110,5.,300.,0.,5.,300.,1000.;                                        963P    646
110,6.,300.,0.,6.,300.,5.;                                           965P    647
120,963,965,0.,6.28318530717959;                                     967P    648
126,1,1,1,0,1,0,0.,0.,1.,1.,1.,1.,0.,6.283185307,0.,1.,              969P    649
6.283185307,0.,0.,1.,0.,0.,1.;                                       969P    650
110,6.,300.,0.,6.,300.,5.;                                           971P    651
126,1,1,1,0,1,0,0.,0.,1.,1.,1.,1.,1.,6.283185307,0.,1.,              973P    652
3.141592654,0.,0.,1.,0.,0.,1.;                                       973P    653
124,1.,0.,0.,0.,0.,-1.,6.98296267768627E-15,600.,0.,                 975P    654
-6.98296267768627E-15,-1.,10.0000000000021;                          975P    655
100,5.,5.,300.,6.,300.,4.,300.;                                      977P    656
126,1,1,1,0,1,0,0.,0.,1.,1.,1.,1.,1.,3.141592654,0.,0.,              979P    657
3.141592654,0.,0.,1.,0.,0.,1.;                                       979P    658
110,4.,300.,5.,4.,300.,0.;                                           981P    659
126,1,1,1,0,1,0,0.,0.,1.,1.,1.,1.,0.,3.141592654,0.,0.,              983P    660
6.283185307,0.,0.,1.,0.,0.,1.;                                       983P    661
100,0.,5.,300.,4.,300.,6.,300.;                                      985P    662
102,4,969,973,979,983;                                               987P    663
102,4,971,977,981,985;                                               989P    664
142,1,967,987,989,1;                                                 991P    665
144,967,1,0,991;                                                     993P    666
110,5.,1200.,0.,5.,1200.,1000.;                                      995P    667
110,6.,1200.,0.,6.,1200.,5.;                                         997P    668
120,995,997,0.,6.28318530717959;                                     999P    669
126,1,1,1,0,1,0,0.,0.,1.,1.,1.,1.,0.,6.283185307,0.,1.,             1001P    670
6.283185307,0.,0.,1.,0.,0.,1.;                                      1001P    671
110,6.,1200.,0.,6.,1200.,5.;                                        1003P    672
126,1,1,1,0,1,0,0.,0.,1.,1.,1.,1.,1.,6.283185307,0.,1.,             1005P    673
3.141592654,0.,0.,1.,0.,0.,1.;                                      1005P    674
124,1.,0.,0.,0.,0.,-1.,6.98296267768627E-15,2400.,0.,               1007P    675
-6.98296267768627E-15,-1.,10.0000000000084;                         1007P    676
100,5.,5.,1200.,6.,1200.,4.,1200.;                                  1009P    677
126,1,1,1,0,1,0,0.,0.,1.,1.,1.,1.,1.,3.141592654,0.,0.,             1011P    678
3.141592654,0.,0.,1.,0.,0.,1.;                                      1011P    679
110,4.,1200.,5.,4.,1200.,0.;                                        1013P    680
126,1,1,1,0,1,0,0.,0.,1.,1.,1.,1.,0.,3.141592654,0.,0.,             1015P    681
6.283185307,0.,0.,1.,0.,0.,1.;                                      1015P    682
100,0.,5.,1200.,4.,1200.,6.,1200.;                                  1017P    683
102,4,1001,1005,1011,1015;                                          1019P    684
102,4,1003,1009,1013,1017;                                          1021P    685
142,1,999,1019,1021,1;                                              1023P    686
144,999,1,0,1023;                                                   1025P    687
110,995.,450.,0.,995.,450.,1000.;                                   1027P    688
110,996.,450.,0.,996.,450.,5.;                                      1029P    689
120,1027,1029,0.,6.28318530717959;                                  1031P    690
126,1,1,1,0,1,0,0.,0.,1.,1.,1.,1.,0.,6.283185307,0.,1.,             1033P    691
6.283185307,0.,0.,1.,0.,0.,1.;                                      1033P    692
110,996.,450.,0.,996.,450.,5.;                                      1035P    693
126,1,1,1,0,1,0,0.,0.,1.,1.,1.,1.,1.,6.283185307,0.,1.,             1037P    694
3.141592654,0.,0.,1.,0.,0.,1.;                                      1037P    695
124,1.,0.,0.,0.,0.,-1.,6.98296267768627E-15,900.,0.,                1039P    696
-6.98296267768627E-15,-1.,10.0000000000031;                         1039P    697
100,5.,995.,450.,996.,450.,994.,450.;                               1041P    698
126,1,1,1,0,1,0,0.,0.,1.,1.,1.,1.,1.,3.141592654,0.,0.,             1043P    699
3.141592654,0.,0.,1.,0.,0.,1.;                                      1043P    700
110,994.,450.,5.,994.,450.,0.;                                      1045P    701
126,1,1,1,0,1,0,0.,0.,1.,1.,1.,1.,0.,3.141592654,0.,0.,             1047P    702
6.283185307,0.,0.,1.,0.,0.,1.;                                      1047P    703
100,0.,995.,450.,994.,450.,996.,450.;                               1049P    704
102,4,1033,1037,1043,1047;                                          1051P    705
102,4,1035,1041,1045,1049;                                          1053P    706
142,1,1031,1051,1053,1;                                             1055P    707
144,1031,1,0,1055;                                                  1057P    708
110,5.,15.,0.,5.,15.,1000.;                                         1059P    709
110,6.,15.,0.,6.,15.,5.;                                            1061P    710
120,1059,1061,0.,6.28318530717959;                                  1063P    711
126,1,1,1,0,1,0,0.,0.,1.,1.,1.,1.,0.,6.283185307,0.,1.,             1065P    712
6.283185307,0.,0.,1.,0.,0.,1.;                                      1065P    713
110,6.,15.,0.,6.,15.,5.;                                            1067P    714
126,1,1,1,0,1,0,0.,0.,1.,1.,1.,1.,1.,6.283185307,0.,1.,             1069P    715
3.141592654,0.,0.,1.,0.,0.,1.;                                      1069P    716
124,1.,-7.105427357601E-15,0.,1.06477326955456E-13,                 1071P    717
-7.105427357601E-15,-1.,6.98296267768627E-15,29.9999999999998,      1071P    718
-4.96169340471387E-29,-6.98296267768627E-15,-1.,                    1071P    719
10.0000000000001;                                                   1071P    720
100,5.,5.,15.,6.,15.,4.,15.;                                        1073P    721
126,1,1,1,0,1,0,0.,0.,1.,1.,1.,1.,1.,3.141592654,0.,0.,             1075P    722
3.141592654,0.,0.,1.,0.,0.,1.;                                      1075P    723
110,4.,15.,5.,4.,15.,0.;                                            1077P    724
126,1,1,1,0,1,0,0.,0.,1.,1.,1.,1.,0.,3.141592654,0.,0.,             1079P    725
6.283185307,0.,0.,1.,0.,0.,1.;                                      1079P    726
100,0.,5.,15.,4.,15.,6.,15.;                                        1081P    727
102,4,1065,1069,1075,1079;                                          1083P    728
102,4,1067,1073,1077,1081;                                          1085P    729
142,1,1063,1083,1085,1;                                             1087P    730
144,1063,1,0,1087;                                                  1089P    731
128,1,1,1,1,0,0,1,0,0,0.,0.,1.,1.,0.,0.,1.,1.,1.,1.,1.,1.,0.,       1091P    732
0.,5.,0.,0.,0.,0.,1500.,5.,0.,1500.,0.,0.,1.,0.,1.;                 1091P    733
126,1,1,1,0,1,0,0.,0.,1.,1.,1.,1.,1.,1.,0.,0.,1.,0.,0.,1.,0.,       1093P    734
0.,1.;                                                              1093P    735
110,0.,1500.,0.,0.,1500.,5.;                                        1095P    736
126,1,1,1,0,1,0,0.,0.,1.,1.,1.,1.,0.,1.,0.,0.,0.,0.,0.,1.,0.,       1097P    737
0.,1.;                                                              1097P    738
110,0.,1500.,5.,0.,0.,5.;                                           1099P    739
126,1,1,1,0,1,0,0.,0.,1.,1.,1.,1.,0.,0.,0.,1.,0.,0.,0.,1.,0.,       1101P    740
0.,1.;                                                              1101P    741
110,0.,0.,5.,0.,0.,0.;                                              1103P    742
126,1,1,1,0,1,0,0.,0.,1.,1.,1.,1.,1.,0.,0.,1.,1.,0.,0.,1.,0.,       1105P    743
0.,1.;                                                              1105P    744
110,0.,0.,0.,0.,1500.,0.;                                           1107P    745
102,4,1093,1097,1101,1105;                                          1109P    746
102,4,1095,1099,1103,1107;                                          1111P    747
142,1,1091,1109,1111,1;                                             1113P    748
144,1091,1,0,1113;                                                  1115P    749
128,1,1,1,1,0,0,1,0,0,0.,0.,1.,1.,0.,0.,1.,1.,1.,1.,1.,1.,0.,       1117P    750
0.,0.,0.,0.,5.,1000.,0.,0.,1000.,0.,5.,0.,1.,0.,1.;                 1117P    751
126,1,1,1,0,1,0,0.,0.,1.,1.,1.,1.,0.,0.,0.,1.,0.,0.,0.,1.,0.,       1119P    752
0.,1.;                                                              1119P    753
110,0.,0.,0.,0.,0.,5.;                                              1121P    754
126,1,1,1,0,1,0,0.,0.,1.,1.,1.,1.,1.,0.,0.,1.,1.,0.,0.,1.,0.,       1123P    755
0.,1.;                                                              1123P    756
110,0.,0.,5.,1000.,0.,5.;                                           1125P    757
126,1,1,1,0,1,0,0.,0.,1.,1.,1.,1.,1.,1.,0.,0.,1.,0.,0.,1.,0.,       1127P    758
0.,1.;                                                              1127P    759
110,1000.,0.,5.,1000.,0.,0.;                                        1129P    760
126,1,1,1,0,1,0,0.,0.,1.,1.,1.,1.,0.,1.,0.,0.,0.,0.,0.,1.,0.,       1131P    761
0.,1.;                                                              1131P    762
110,1000.,0.,0.,0.,0.,0.;                                           1133P    763
102,4,1119,1123,1127,1131;                                          1135P    764
102,4,1121,1125,1129,1133;                                          1137P    765
142,1,1117,1135,1137,1;                                             1139P    766
144,1117,1,0,1139;                                                  1141P    767
128,1,1,1,1,0,0,1,0,0,0.,0.,1.,1.,0.,0.,1.,1.,1.,1.,1.,1.,          1143P    768
1000.,0.,0.,1000.,0.,5.,1000.,1500.,0.,1000.,1500.,5.,0.,1.,0.,     1143P    769
1.;                                                                 1143P    770
126,1,1,1,0,1,0,0.,0.,1.,1.,1.,1.,0.,0.,0.,1.,0.,0.,0.,1.,0.,       1145P    771
0.,1.;                                                              1145P    772
110,1000.,0.,0.,1000.,0.,5.;                                        1147P    773
126,1,1,1,0,1,0,0.,0.,1.,1.,1.,1.,1.,0.,0.,1.,1.,0.,0.,1.,0.,       1149P    774
0.,1.;                                                              1149P    775
110,1000.,0.,5.,1000.,1500.,5.;                                     1151P    776
126,1,1,1,0,1,0,0.,0.,1.,1.,1.,1.,1.,1.,0.,0.,1.,0.,0.,1.,0.,       1153P    777
0.,1.;                                                              1153P    778
110,1000.,1500.,5.,1000.,1500.,0.;                                  1155P    779
126,1,1,1,0,1,0,0.,0.,1.,1.,1.,1.,0.,1.,0.,0.,0.,0.,0.,1.,0.,       1157P    780
0.,1.;                                                              1157P    781
110,1000.,1500.,0.,1000.,0.,0.;                                     1159P    782
102,4,1145,1149,1153,1157;                                          1161P    783
102,4,1147,1151,1155,1159;                                          1163P    784
142,1,1143,1161,1163,1;                                             1165P    785
144,1143,1,0,1165;                                                  1167P    786
128,1,1,1,1,0,0,1,0,0,0.,0.,1.,1.,0.,0.,1.,1.,1.,1.,1.,1.,0.,       1169P    787
1500.,5.,0.,1500.,0.,1000.,1500.,5.,1000.,1500.,0.,0.,1.,0.,1.;     1169P    788
126,1,1,1,0,1,0,0.,0.,1.,1.,1.,1.,1.,1.,0.,0.,1.,0.,0.,1.,0.,       1171P    789
0.,1.;                                                              1171P    790
110,1000.,1500.,0.,1000.,1500.,5.;                                  1173P    791
126,1,1,1,0,1,0,0.,0.,1.,1.,1.,1.,0.,1.,0.,0.,0.,0.,0.,1.,0.,       1175P    792
0.,1.;                                                              1175P    793
110,1000.,1500.,5.,0.,1500.,5.;                                     1177P    794
126,1,1,1,0,1,0,0.,0.,1.,1.,1.,1.,0.,0.,0.,1.,0.,0.,0.,1.,0.,       1179P    795
0.,1.;                                                              1179P    796
110,0.,1500.,5.,0.,1500.,0.;                                        1181P    797
126,1,1,1,0,1,0,0.,0.,1.,1.,1.,1.,1.,0.,0.,1.,1.,0.,0.,1.,0.,       1183P    798
0.,1.;                                                              1183P    799
110,0.,1500.,0.,1000.,1500.,0.;                                     1185P    800
102,4,1171,1175,1179,1183;                                          1187P    801
102,4,1173,1177,1181,1185;                                          1189P    802
142,1,1169,1187,1189,1;                                             1191P    803
144,1169,1,0,1191;                                                  1193P    804
128,1,1,1,1,0,0,1,0,0,0.,0.,1.,1.,0.,0.,1.,1.,1.,1.,1.,1.,          1195P    805
1000.,0.,5.,0.,0.,5.,1000.,1500.,5.,0.,1500.,5.,0.,1.,0.,1.;        1195P    806
126,1,1,1,0,1,0,0.,0.,1.,1.,1.,1.,1.,1.,0.,0.,1.,0.,0.,1.,0.,       1197P    807
0.,1.;                                                              1197P    808
110,0.,1500.,5.,1000.,1500.,5.;                                     1199P    809
126,1,1,1,0,1,0,0.,0.,1.,1.,1.,1.,0.,1.,0.,0.,0.,0.,0.,1.,0.,       1201P    810
0.,1.;                                                              1201P    811
110,1000.,1500.,5.,1000.,0.,5.;                                     1203P    812
126,1,1,1,0,1,0,0.,0.,1.,1.,1.,1.,0.,0.,0.,1.,0.,0.,0.,1.,0.,       1205P    813
0.,1.;                                                              1205P    814
110,1000.,0.,5.,0.,0.,5.;                                           1207P    815
126,1,1,1,0,1,0,0.,0.,1.,1.,1.,1.,1.,0.,0.,1.,1.,0.,0.,1.,0.,       1209P    816
0.,1.;                                                              1209P    817
110,0.,0.,5.,0.,1500.,5.;                                           1211P    818
102,4,1197,1201,1205,1209;                                          1213P    819
102,4,1199,1203,1207,1211;                                          1215P    820
142,1,1195,1213,1215,1;                                             1217P    821
126,16,2,1,0,1,0,0.,0.,0.,0.125,0.125,0.25,0.25,0.375,0.375,        1219P    822
0.5,0.5,0.625,0.625,0.75,0.75,0.875,0.875,1.,1.,1.,1.,1.,1.,1.,     1219P    823
1.,1.,1.,1.,1.,1.,1.,1.,1.,1.,1.,1.,1.,0.996,0.7,0.,0.996,          1219P    824
0.699867392,0.,0.99592388,0.699744878,0.,0.995847759,               1219P    825
0.699622364,0.,0.995707107,0.699528595,0.,0.995566454,              1219P    826
0.699434827,0.,0.995382683,0.69938408,0.,0.995198912,               1219P    827
0.699333333,0.,0.995,0.699333333,0.,0.994801088,0.699333333,0.,     1219P    828
0.994617317,0.69938408,0.,0.994433546,0.699434827,0.,               1219P    829
0.994292893,0.699528595,0.,0.994152241,0.699622364,0.,              1219P    830
0.99407612,0.699744878,0.,0.994,0.699867392,0.,0.994,0.7,0.,0.,     1219P    831
1.,0.,0.,1.;                                                        1219P    832
100,5.,5.,1050.,4.,1050.,6.,1050.;                                  1221P    833
126,16,2,1,0,1,0,0.,0.,0.,0.125,0.125,0.25,0.25,0.375,0.375,        1223P    834
0.5,0.5,0.625,0.625,0.75,0.75,0.875,0.875,1.,1.,1.,1.,1.,1.,1.,     1223P    835
1.,1.,1.,1.,1.,1.,1.,1.,1.,1.,1.,1.,1.,0.994,0.7,0.,0.994,          1223P    836
0.700132608,0.,0.99407612,0.700255122,0.,0.994152241,               1223P    837
0.700377636,0.,0.994292893,0.700471405,0.,0.994433546,              1223P    838
0.700565173,0.,0.994617317,0.70061592,0.,0.994801088,               1223P    839
0.700666667,0.,0.995,0.700666667,0.,0.995198912,0.700666667,0.,     1223P    840
0.995382683,0.70061592,0.,0.995566454,0.700565173,0.,               1223P    841
0.995707107,0.700471405,0.,0.995847759,0.700377636,0.,              1223P    842
0.99592388,0.700255122,0.,0.996,0.700132608,0.,0.996,0.7,0.,0.,     1223P    843
1.,0.,0.,1.;                                                        1223P    844
100,5.,5.,1050.,6.,1050.,4.,1050.;                                  1225P    845
102,2,1219,1223;                                                    1227P    846
102,2,1221,1225;                                                    1229P    847
142,1,1195,1227,1229,1;                                             1231P    848
126,16,2,1,0,1,0,0.,0.,0.,0.125,0.125,0.25,0.25,0.375,0.375,        1233P    849
0.5,0.5,0.625,0.625,0.75,0.75,0.875,0.875,1.,1.,1.,1.,1.,1.,1.,     1233P    850
1.,1.,1.,1.,1.,1.,1.,1.,1.,1.,1.,1.,1.,0.401,0.996666667,0.,        1233P    851
0.401,0.996534058,0.,0.40092388,0.996411544,0.,0.400847759,         1233P    852
0.99628903,0.,0.400707107,0.996195262,0.,0.400566454,               1233P    853
0.996101494,0.,0.400382683,0.996050747,0.,0.400198912,0.996,0.,     1233P    854
0.4,0.996,0.,0.399801088,0.996,0.,0.399617317,0.996050747,0.,       1233P    855
0.399433546,0.996101494,0.,0.399292893,0.996195262,0.,              1233P    856
0.399152241,0.99628903,0.,0.39907612,0.996411544,0.,0.399,          1233P    857
0.996534058,0.,0.399,0.996666667,0.,0.,1.,0.,0.,1.;                 1233P    858
100,5.,600.,1495.,599.,1495.,601.,1495.;                            1235P    859
126,16,2,1,0,1,0,0.,0.,0.,0.125,0.125,0.25,0.25,0.375,0.375,        1237P    860
0.5,0.5,0.625,0.625,0.75,0.75,0.875,0.875,1.,1.,1.,1.,1.,1.,1.,     1237P    861
1.,1.,1.,1.,1.,1.,1.,1.,1.,1.,1.,1.,1.,0.399,0.996666667,0.,        1237P    862
0.399,0.996799275,0.,0.39907612,0.996921789,0.,0.399152241,         1237P    863
0.997044303,0.,0.399292893,0.997138071,0.,0.399433546,              1237P    864
0.997231839,0.,0.399617317,0.997282586,0.,0.399801088,              1237P    865
0.997333333,0.,0.4,0.997333333,0.,0.400198912,0.997333333,0.,       1237P    866
0.400382683,0.997282586,0.,0.400566454,0.997231839,0.,              1237P    867
0.400707107,0.997138071,0.,0.400847759,0.997044303,0.,              1237P    868
0.40092388,0.996921789,0.,0.401,0.996799275,0.,0.401,               1237P    869
0.996666667,0.,0.,1.,0.,0.,1.;                                      1237P    870
100,5.,600.,1495.,601.,1495.,599.,1495.;                            1239P    871
102,2,1233,1237;                                                    1241P    872
102,2,1235,1239;                                                    1243P    873
142,1,1195,1241,1243,1;                                             1245P    874
126,16,2,1,0,1,0,0.,0.,0.,0.125,0.125,0.25,0.25,0.375,0.375,        1247P    875
0.5,0.5,0.625,0.625,0.75,0.75,0.875,0.875,1.,1.,1.,1.,1.,1.,1.,     1247P    876
1.,1.,1.,1.,1.,1.,1.,1.,1.,1.,1.,1.,1.,0.401,0.003333333,0.,        1247P    877
0.401,0.003200725,0.,0.40092388,0.003078211,0.,0.400847759,         1247P    878
0.002955697,0.,0.400707107,0.002861929,0.,0.400566454,              1247P    879
0.002768161,0.,0.400382683,0.002717414,0.,0.400198912,              1247P    880
0.002666667,0.,0.4,0.002666667,0.,0.399801088,0.002666667,0.,       1247P    881
0.399617317,0.002717414,0.,0.399433546,0.002768161,0.,              1247P    882
0.399292893,0.002861929,0.,0.399152241,0.002955697,0.,              1247P    883
0.39907612,0.003078211,0.,0.399,0.003200725,0.,0.399,               1247P    884
0.003333333,0.,0.,1.,0.,0.,1.;                                      1247P    885
100,5.,600.,5.,599.,5.,601.,5.;                                     1249P    886
126,16,2,1,0,1,0,0.,0.,0.,0.125,0.125,0.25,0.25,0.375,0.375,        1251P    887
0.5,0.5,0.625,0.625,0.75,0.75,0.875,0.875,1.,1.,1.,1.,1.,1.,1.,     1251P    888
1.,1.,1.,1.,1.,1.,1.,1.,1.,1.,1.,1.,1.,0.399,0.003333333,0.,        1251P    889
0.399,0.003465942,0.,0.39907612,0.003588456,0.,0.399152241,         1251P    890
0.00371097,0.,0.399292893,0.003804738,0.,0.399433546,               1251P    891
0.003898506,0.,0.399617317,0.003949253,0.,0.399801088,0.004,0.,     1251P    892
0.4,0.004,0.,0.400198912,0.004,0.,0.400382683,0.003949253,0.,       1251P    893
0.400566454,0.003898506,0.,0.400707107,0.003804738,0.,              1251P    894
0.400847759,0.00371097,0.,0.40092388,0.003588456,0.,0.401,          1251P    895
0.003465942,0.,0.401,0.003333333,0.,0.,1.,0.,0.,1.;                 1251P    896
100,5.,600.,5.,601.,5.,599.,5.;                                     1253P    897
102,2,1247,1251;                                                    1255P    898
102,2,1249,1253;                                                    1257P    899
142,1,1195,1255,1257,1;                                             1259P    900
126,16,2,1,0,1,0,0.,0.,0.,0.125,0.125,0.25,0.25,0.375,0.375,        1261P    901
0.5,0.5,0.625,0.625,0.75,0.75,0.875,0.875,1.,1.,1.,1.,1.,1.,1.,     1261P    902
1.,1.,1.,1.,1.,1.,1.,1.,1.,1.,1.,1.,1.,0.986,0.003333333,0.,        1261P    903
0.986,0.003200725,0.,0.98592388,0.003078211,0.,0.985847759,         1261P    904
0.002955697,0.,0.985707107,0.002861929,0.,0.985566454,              1261P    905
0.002768161,0.,0.985382683,0.002717414,0.,0.985198912,              1261P    906
0.002666667,0.,0.985,0.002666667,0.,0.984801088,0.002666667,0.,     1261P    907
0.984617317,0.002717414,0.,0.984433546,0.002768161,0.,              1261P    908
0.984292893,0.002861929,0.,0.984152241,0.002955697,0.,              1261P    909
0.98407612,0.003078211,0.,0.984,0.003200725,0.,0.984,               1261P    910
0.003333333,0.,0.,1.,0.,0.,1.;                                      1261P    911
100,5.,15.,5.,14.,5.,16.,5.;                                        1263P    912
126,16,2,1,0,1,0,0.,0.,0.,0.125,0.125,0.25,0.25,0.375,0.375,        1265P    913
0.5,0.5,0.625,0.625,0.75,0.75,0.875,0.875,1.,1.,1.,1.,1.,1.,1.,     1265P    914
1.,1.,1.,1.,1.,1.,1.,1.,1.,1.,1.,1.,1.,0.984,0.003333333,0.,        1265P    915
0.984,0.003465942,0.,0.98407612,0.003588456,0.,0.984152241,         1265P    916
0.00371097,0.,0.984292893,0.003804738,0.,0.984433546,               1265P    917
0.003898506,0.,0.984617317,0.003949253,0.,0.984801088,0.004,0.,     1265P    918
0.985,0.004,0.,0.985198912,0.004,0.,0.985382683,0.003949253,0.,     1265P    919
0.985566454,0.003898506,0.,0.985707107,0.003804738,0.,              1265P    920
0.985847759,0.00371097,0.,0.98592388,0.003588456,0.,0.986,          1265P    921
0.003465942,0.,0.986,0.003333333,0.,0.,1.,0.,0.,1.;                 1265P    922
100,5.,15.,5.,16.,5.,14.,5.;                                        1267P    923
102,2,1261,1265;                                                    1269P    924
102,2,1263,1267;                                                    1271P    925
142,1,1195,1269,1271,1;                                             1273P    926
126,16,2,1,0,1,0,0.,0.,0.,0.125,0.125,0.25,0.25,0.375,0.375,        1275P    927
0.5,0.5,0.625,0.625,0.75,0.75,0.875,0.875,1.,1.,1.,1.,1.,1.,1.,     1275P    928
1.,1.,1.,1.,1.,1.,1.,1.,1.,1.,1.,1.,1.,0.006,0.9,0.,0.006,          1275P    929
0.899867392,0.,0.00592388,0.899744878,0.,0.005847759,               1275P    930
0.899622364,0.,0.005707107,0.899528595,0.,0.005566454,              1275P    931
0.899434827,0.,0.005382683,0.89938408,0.,0.005198912,               1275P    932
0.899333333,0.,0.005,0.899333333,0.,0.004801088,0.899333333,0.,     1275P    933
0.004617317,0.89938408,0.,0.004433546,0.899434827,0.,               1275P    934
0.004292893,0.899528595,0.,0.004152241,0.899622364,0.,              1275P    935
0.00407612,0.899744878,0.,0.004,0.899867392,0.,0.004,0.9,0.,0.,     1275P    936
1.,0.,0.,1.;                                                        1275P    937
100,5.,995.,1350.,994.,1350.,996.,1350.;                            1277P    938
126,16,2,1,0,1,0,0.,0.,0.,0.125,0.125,0.25,0.25,0.375,0.375,        1279P    939
0.5,0.5,0.625,0.625,0.75,0.75,0.875,0.875,1.,1.,1.,1.,1.,1.,1.,     1279P    940
1.,1.,1.,1.,1.,1.,1.,1.,1.,1.,1.,1.,1.,0.004,0.9,0.,0.004,          1279P    941
0.900132608,0.,0.00407612,0.900255122,0.,0.004152241,               1279P    942
0.900377636,0.,0.004292893,0.900471405,0.,0.004433546,              1279P    943
0.900565173,0.,0.004617317,0.90061592,0.,0.004801088,               1279P    944
0.900666667,0.,0.005,0.900666667,0.,0.005198912,0.900666667,0.,     1279P    945
0.005382683,0.90061592,0.,0.005566454,0.900565173,0.,               1279P    946
0.005707107,0.900471405,0.,0.005847759,0.900377636,0.,              1279P    947
0.00592388,0.900255122,0.,0.006,0.900132608,0.,0.006,0.9,0.,0.,     1279P    948
1.,0.,0.,1.;                                                        1279P    949
100,5.,995.,1350.,996.,1350.,994.,1350.;                            1281P    950
102,2,1275,1279;                                                    1283P    951
102,2,1277,1281;                                                    1285P    952
142,1,1195,1283,1285,1;                                             1287P    953
126,16,2,1,0,1,0,0.,0.,0.,0.125,0.125,0.25,0.25,0.375,0.375,        1289P    954
0.5,0.5,0.625,0.625,0.75,0.75,0.875,0.875,1.,1.,1.,1.,1.,1.,1.,     1289P    955
1.,1.,1.,1.,1.,1.,1.,1.,1.,1.,1.,1.,1.,0.996,0.99,0.,0.996,         1289P    956
0.989867392,0.,0.99592388,0.989744878,0.,0.995847759,               1289P    957
0.989622364,0.,0.995707107,0.989528595,0.,0.995566454,              1289P    958
0.989434827,0.,0.995382683,0.98938408,0.,0.995198912,               1289P    959
0.989333333,0.,0.995,0.989333333,0.,0.994801088,0.989333333,0.,     1289P    960
0.994617317,0.98938408,0.,0.994433546,0.989434827,0.,               1289P    961
0.994292893,0.989528595,0.,0.994152241,0.989622364,0.,              1289P    962
0.99407612,0.989744878,0.,0.994,0.989867392,0.,0.994,0.99,0.,       1289P    963
0.,1.,0.,0.,1.;                                                     1289P    964
100,5.,5.,1485.,4.,1485.,6.,1485.;                                  1291P    965
126,16,2,1,0,1,0,0.,0.,0.,0.125,0.125,0.25,0.25,0.375,0.375,        1293P    966
0.5,0.5,0.625,0.625,0.75,0.75,0.875,0.875,1.,1.,1.,1.,1.,1.,1.,     1293P    967
1.,1.,1.,1.,1.,1.,1.,1.,1.,1.,1.,1.,1.,0.994,0.99,0.,0.994,         1293P    968
0.990132608,0.,0.99407612,0.990255122,0.,0.994152241,               1293P    969
0.990377636,0.,0.994292893,0.990471405,0.,0.994433546,              1293P    970
0.990565173,0.,0.994617317,0.99061592,0.,0.994801088,               1293P    971
0.990666667,0.,0.995,0.990666667,0.,0.995198912,0.990666667,0.,     1293P    972
0.995382683,0.99061592,0.,0.995566454,0.990565173,0.,               1293P    973
0.995707107,0.990471405,0.,0.995847759,0.990377636,0.,              1293P    974
0.99592388,0.990255122,0.,0.996,0.990132608,0.,0.996,0.99,0.,       1293P    975
0.,1.,0.,0.,1.;                                                     1293P    976
100,5.,5.,1485.,6.,1485.,4.,1485.;                                  1295P    977
102,2,1289,1293;                                                    1297P    978
102,2,1291,1295;                                                    1299P    979
142,1,1195,1297,1299,1;                                             1301P    980
126,16,2,1,0,1,0,0.,0.,0.,0.125,0.125,0.25,0.25,0.375,0.375,        1303P    981
0.5,0.5,0.625,0.625,0.75,0.75,0.875,0.875,1.,1.,1.,1.,1.,1.,1.,     1303P    982
1.,1.,1.,1.,1.,1.,1.,1.,1.,1.,1.,1.,1.,0.006,0.99,0.,0.006,         1303P    983
0.989867392,0.,0.00592388,0.989744878,0.,0.005847759,               1303P    984
0.989622364,0.,0.005707107,0.989528595,0.,0.005566454,              1303P    985
0.989434827,0.,0.005382683,0.98938408,0.,0.005198912,               1303P    986
0.989333333,0.,0.005,0.989333333,0.,0.004801088,0.989333333,0.,     1303P    987
0.004617317,0.98938408,0.,0.004433546,0.989434827,0.,               1303P    988
0.004292893,0.989528595,0.,0.004152241,0.989622364,0.,              1303P    989
0.00407612,0.989744878,0.,0.004,0.989867392,0.,0.004,0.99,0.,       1303P    990
0.,1.,0.,0.,1.;                                                     1303P    991
100,5.,995.,1485.,994.,1485.,996.,1485.;                            1305P    992
126,16,2,1,0,1,0,0.,0.,0.,0.125,0.125,0.25,0.25,0.375,0.375,        1307P    993
0.5,0.5,0.625,0.625,0.75,0.75,0.875,0.875,1.,1.,1.,1.,1.,1.,1.,     1307P    994
1.,1.,1.,1.,1.,1.,1.,1.,1.,1.,1.,1.,1.,0.004,0.99,0.,0.004,         1307P    995
0.990132608,0.,0.00407612,0.990255122,0.,0.004152241,               1307P    996
0.990377636,0.,0.004292893,0.990471405,0.,0.004433546,              1307P    997
0.990565173,0.,0.004617317,0.99061592,0.,0.004801088,               1307P    998
0.990666667,0.,0.005,0.990666667,0.,0.005198912,0.990666667,0.,     1307P    999
0.005382683,0.99061592,0.,0.005566454,0.990565173,0.,               1307P   1000
0.005707107,0.990471405,0.,0.005847759,0.990377636,0.,              1307P   1001
0.00592388,0.990255122,0.,0.006,0.990132608,0.,0.006,0.99,0.,       1307P   1002
0.,1.,0.,0.,1.;                                                     1307P   1003
100,5.,995.,1485.,996.,1485.,994.,1485.;                            1309P   1004
102,2,1303,1307;                                                    1311P   1005
102,2,1305,1309;                                                    1313P   1006
142,1,1195,1311,1313,1;                                             1315P   1007
126,16,2,1,0,1,0,0.,0.,0.,0.125,0.125,0.25,0.25,0.375,0.375,        1317P   1008
0.5,0.5,0.625,0.625,0.75,0.75,0.875,0.875,1.,1.,1.,1.,1.,1.,1.,     1317P   1009
1.,1.,1.,1.,1.,1.,1.,1.,1.,1.,1.,1.,1.,0.016,0.003333333,0.,        1317P   1010
0.016,0.003200725,0.,0.01592388,0.003078211,0.,0.015847759,         1317P   1011
0.002955697,0.,0.015707107,0.002861929,0.,0.015566454,              1317P   1012
0.002768161,0.,0.015382683,0.002717414,0.,0.015198912,              1317P   1013
0.002666667,0.,0.015,0.002666667,0.,0.014801088,0.002666667,0.,     1317P   1014
0.014617317,0.002717414,0.,0.014433546,0.002768161,0.,              1317P   1015
0.014292893,0.002861929,0.,0.014152241,0.002955697,0.,              1317P   1016
0.01407612,0.003078211,0.,0.014,0.003200725,0.,0.014,               1317P   1017
0.003333333,0.,0.,1.,0.,0.,1.;                                      1317P   1018
100,5.,985.,5.,984.,5.,986.,5.;                                     1319P   1019
126,16,2,1,0,1,0,0.,0.,0.,0.125,0.125,0.25,0.25,0.375,0.375,        1321P   1020
0.5,0.5,0.625,0.625,0.75,0.75,0.875,0.875,1.,1.,1.,1.,1.,1.,1.,     1321P   1021
1.,1.,1.,1.,1.,1.,1.,1.,1.,1.,1.,1.,1.,0.014,0.003333333,0.,        1321P   1022
0.014,0.003465942,0.,0.01407612,0.003588456,0.,0.014152241,         1321P   1023
0.00371097,0.,0.014292893,0.003804738,0.,0.014433546,               1321P   1024
0.003898506,0.,0.014617317,0.003949253,0.,0.014801088,0.004,0.,     1321P   1025
0.015,0.004,0.,0.015198912,0.004,0.,0.015382683,0.003949253,0.,     1321P   1026
0.015566454,0.003898506,0.,0.015707107,0.003804738,0.,              1321P   1027
0.015847759,0.00371097,0.,0.01592388,0.003588456,0.,0.016,          1321P   1028
0.003465942,0.,0.016,0.003333333,0.,0.,1.,0.,0.,1.;                 1321P   1029
100,5.,985.,5.,986.,5.,984.,5.;                                     1323P   1030
102,2,1317,1321;                                                    1325P   1031
102,2,1319,1323;                                                    1327P   1032
142,1,1195,1325,1327,1;                                             1329P   1033
126,16,2,1,0,1,0,0.,0.,0.,0.125,0.125,0.25,0.25,0.375,0.375,        1331P   1034
0.5,0.5,0.625,0.625,0.75,0.75,0.875,0.875,1.,1.,1.,1.,1.,1.,1.,     1331P   1035
1.,1.,1.,1.,1.,1.,1.,1.,1.,1.,1.,1.,1.,0.996,0.5,0.,0.996,          1331P   1036
0.499867392,0.,0.99592388,0.499744878,0.,0.995847759,               1331P   1037
0.499622364,0.,0.995707107,0.499528595,0.,0.995566454,              1331P   1038
0.499434827,0.,0.995382683,0.49938408,0.,0.995198912,               1331P   1039
0.499333333,0.,0.995,0.499333333,0.,0.994801088,0.499333333,0.,     1331P   1040
0.994617317,0.49938408,0.,0.994433546,0.499434827,0.,               1331P   1041
0.994292893,0.499528595,0.,0.994152241,0.499622364,0.,              1331P   1042
0.99407612,0.499744878,0.,0.994,0.499867392,0.,0.994,0.5,0.,0.,     1331P   1043
1.,0.,0.,1.;                                                        1331P   1044
100,5.,5.,750.,4.,750.,6.,750.;                                     1333P   1045
126,16,2,1,0,1,0,0.,0.,0.,0.125,0.125,0.25,0.25,0.375,0.375,        1335P   1046
0.5,0.5,0.625,0.625,0.75,0.75,0.875,0.875,1.,1.,1.,1.,1.,1.,1.,     1335P   1047
1.,1.,1.,1.,1.,1.,1.,1.,1.,1.,1.,1.,1.,0.994,0.5,0.,0.994,          1335P   1048
0.500132608,0.,0.99407612,0.500255122,0.,0.994152241,               1335P   1049
0.500377636,0.,0.994292893,0.500471405,0.,0.994433546,              1335P   1050
0.500565173,0.,0.994617317,0.50061592,0.,0.994801088,               1335P   1051
0.500666667,0.,0.995,0.500666667,0.,0.995198912,0.500666667,0.,     1335P   1052
0.995382683,0.50061592,0.,0.995566454,0.500565173,0.,               1335P   1053
0.995707107,0.500471405,0.,0.995847759,0.500377636,0.,              1335P   1054
0.99592388,0.500255122,0.,0.996,0.500132608,0.,0.996,0.5,0.,0.,     1335P   1055
1.,0.,0.,1.;                                                        1335P   1056
100,5.,5.,750.,6.,750.,4.,750.;                                     1337P   1057
102,2,1331,1335;                                                    1339P   1058
102,2,1333,1337;                                                    1341P   1059
142,1,1195,1339,1341,1;                                             1343P   1060
126,16,2,1,0,1,0,0.,0.,0.,0.125,0.125,0.25,0.25,0.375,0.375,        1345P   1061
0.5,0.5,0.625,0.625,0.75,0.75,0.875,0.875,1.,1.,1.,1.,1.,1.,1.,     1345P   1062
1.,1.,1.,1.,1.,1.,1.,1.,1.,1.,1.,1.,1.,0.996,0.3,0.,0.996,          1345P   1063
0.299867392,0.,0.99592388,0.299744878,0.,0.995847759,               1345P   1064
0.299622364,0.,0.995707107,0.299528595,0.,0.995566454,              1345P   1065
0.299434827,0.,0.995382683,0.29938408,0.,0.995198912,               1345P   1066
0.299333333,0.,0.995,0.299333333,0.,0.994801088,0.299333333,0.,     1345P   1067
0.994617317,0.29938408,0.,0.994433546,0.299434827,0.,               1345P   1068
0.994292893,0.299528595,0.,0.994152241,0.299622364,0.,              1345P   1069
0.99407612,0.299744878,0.,0.994,0.299867392,0.,0.994,0.3,0.,0.,     1345P   1070
1.,0.,0.,1.;                                                        1345P   1071
100,5.,5.,450.,4.,450.,6.,450.;                                     1347P   1072
126,16,2,1,0,1,0,0.,0.,0.,0.125,0.125,0.25,0.25,0.375,0.375,        1349P   1073
0.5,0.5,0.625,0.625,0.75,0.75,0.875,0.875,1.,1.,1.,1.,1.,1.,1.,     1349P   1074
1.,1.,1.,1.,1.,1.,1.,1.,1.,1.,1.,1.,1.,0.994,0.3,0.,0.994,          1349P   1075
0.300132608,0.,0.99407612,0.300255122,0.,0.994152241,               1349P   1076
0.300377636,0.,0.994292893,0.300471405,0.,0.994433546,              1349P   1077
0.300565173,0.,0.994617317,0.30061592,0.,0.994801088,               1349P   1078
0.300666667,0.,0.995,0.300666667,0.,0.995198912,0.300666667,0.,     1349P   1079
0.995382683,0.30061592,0.,0.995566454,0.300565173,0.,               1349P   1080
0.995707107,0.300471405,0.,0.995847759,0.300377636,0.,              1349P   1081
0.99592388,0.300255122,0.,0.996,0.300132608,0.,0.996,0.3,0.,0.,     1349P   1082
1.,0.,0.,1.;                                                        1349P   1083
100,5.,5.,450.,6.,450.,4.,450.;                                     1351P   1084
102,2,1345,1349;                                                    1353P   1085
102,2,1347,1351;                                                    1355P   1086
142,1,1195,1353,1355,1;                                             1357P   1087
126,16,2,1,0,1,0,0.,0.,0.,0.125,0.125,0.25,0.25,0.375,0.375,        1359P   1088
0.5,0.5,0.625,0.625,0.75,0.75,0.875,0.875,1.,1.,1.,1.,1.,1.,1.,     1359P   1089
1.,1.,1.,1.,1.,1.,1.,1.,1.,1.,1.,1.,1.,0.996,0.4,0.,0.996,          1359P   1090
0.399867392,0.,0.99592388,0.399744878,0.,0.995847759,               1359P   1091
0.399622364,0.,0.995707107,0.399528595,0.,0.995566454,              1359P   1092
0.399434827,0.,0.995382683,0.39938408,0.,0.995198912,               1359P   1093
0.399333333,0.,0.995,0.399333333,0.,0.994801088,0.399333333,0.,     1359P   1094
0.994617317,0.39938408,0.,0.994433546,0.399434827,0.,               1359P   1095
0.994292893,0.399528595,0.,0.994152241,0.399622364,0.,              1359P   1096
0.99407612,0.399744878,0.,0.994,0.399867392,0.,0.994,0.4,0.,0.,     1359P   1097
1.,0.,0.,1.;                                                        1359P   1098
100,5.,5.,600.,4.,600.,6.,600.;                                     1361P   1099
126,16,2,1,0,1,0,0.,0.,0.,0.125,0.125,0.25,0.25,0.375,0.375,        1363P   1100
0.5,0.5,0.625,0.625,0.75,0.75,0.875,0.875,1.,1.,1.,1.,1.,1.,1.,     1363P   1101
1.,1.,1.,1.,1.,1.,1.,1.,1.,1.,1.,1.,1.,0.994,0.4,0.,0.994,          1363P   1102
0.400132608,0.,0.99407612,0.400255122,0.,0.994152241,               1363P   1103
0.400377636,0.,0.994292893,0.400471405,0.,0.994433546,              1363P   1104
0.400565173,0.,0.994617317,0.40061592,0.,0.994801088,               1363P   1105
0.400666667,0.,0.995,0.400666667,0.,0.995198912,0.400666667,0.,     1363P   1106
0.995382683,0.40061592,0.,0.995566454,0.400565173,0.,               1363P   1107
0.995707107,0.400471405,0.,0.995847759,0.400377636,0.,              1363P   1108
0.99592388,0.400255122,0.,0.996,0.400132608,0.,0.996,0.4,0.,0.,     1363P   1109
1.,0.,0.,1.;                                                        1363P   1110
100,5.,5.,600.,6.,600.,4.,600.;                                     1365P   1111
102,2,1359,1363;                                                    1367P   1112
102,2,1361,1365;                                                    1369P   1113
142,1,1195,1367,1369,1;                                             1371P   1114
126,16,2,1,0,1,0,0.,0.,0.,0.125,0.125,0.25,0.25,0.375,0.375,        1373P   1115
0.5,0.5,0.625,0.625,0.75,0.75,0.875,0.875,1.,1.,1.,1.,1.,1.,1.,     1373P   1116
1.,1.,1.,1.,1.,1.,1.,1.,1.,1.,1.,1.,1.,0.996,0.6,0.,0.996,          1373P   1117
0.599867392,0.,0.99592388,0.599744878,0.,0.995847759,               1373P   1118
0.599622364,0.,0.995707107,0.599528595,0.,0.995566454,              1373P   1119
0.599434827,0.,0.995382683,0.59938408,0.,0.995198912,               1373P   1120
0.599333333,0.,0.995,0.599333333,0.,0.994801088,0.599333333,0.,     1373P   1121
0.994617317,0.59938408,0.,0.994433546,0.599434827,0.,               1373P   1122
0.994292893,0.599528595,0.,0.994152241,0.599622364,0.,              1373P   1123
0.99407612,0.599744878,0.,0.994,0.599867392,0.,0.994,0.6,0.,0.,     1373P   1124
1.,0.,0.,1.;                                                        1373P   1125
100,5.,5.,900.,4.,900.,6.,900.;                                     1375P   1126
126,16,2,1,0,1,0,0.,0.,0.,0.125,0.125,0.25,0.25,0.375,0.375,        1377P   1127
0.5,0.5,0.625,0.625,0.75,0.75,0.875,0.875,1.,1.,1.,1.,1.,1.,1.,     1377P   1128
1.,1.,1.,1.,1.,1.,1.,1.,1.,1.,1.,1.,1.,0.994,0.6,0.,0.994,          1377P   1129
0.600132608,0.,0.99407612,0.600255122,0.,0.994152241,               1377P   1130
0.600377636,0.,0.994292893,0.600471405,0.,0.994433546,              1377P   1131
0.600565173,0.,0.994617317,0.60061592,0.,0.994801088,               1377P   1132
0.600666667,0.,0.995,0.600666667,0.,0.995198912,0.600666667,0.,     1377P   1133
0.995382683,0.60061592,0.,0.995566454,0.600565173,0.,               1377P   1134
0.995707107,0.600471405,0.,0.995847759,0.600377636,0.,              1377P   1135
0.99592388,0.600255122,0.,0.996,0.600132608,0.,0.996,0.6,0.,0.,     1377P   1136
1.,0.,0.,1.;                                                        1377P   1137
100,5.,5.,900.,6.,900.,4.,900.;                                     1379P   1138
102,2,1373,1377;                                                    1381P   1139
102,2,1375,1379;                                                    1383P   1140
142,1,1195,1381,1383,1;                                             1385P   1141
126,16,2,1,0,1,0,0.,0.,0.,0.125,0.125,0.25,0.25,0.375,0.375,        1387P   1142
0.5,0.5,0.625,0.625,0.75,0.75,0.875,0.875,1.,1.,1.,1.,1.,1.,1.,     1387P   1143
1.,1.,1.,1.,1.,1.,1.,1.,1.,1.,1.,1.,1.,0.006,0.7,0.,0.006,          1387P   1144
0.699867392,0.,0.00592388,0.699744878,0.,0.005847759,               1387P   1145
0.699622364,0.,0.005707107,0.699528595,0.,0.005566454,              1387P   1146
0.699434827,0.,0.005382683,0.69938408,0.,0.005198912,               1387P   1147
0.699333333,0.,0.005,0.699333333,0.,0.004801088,0.699333333,0.,     1387P   1148
0.004617317,0.69938408,0.,0.004433546,0.699434827,0.,               1387P   1149
0.004292893,0.699528595,0.,0.004152241,0.699622364,0.,              1387P   1150
0.00407612,0.699744878,0.,0.004,0.699867392,0.,0.004,0.7,0.,0.,     1387P   1151
1.,0.,0.,1.;                                                        1387P   1152
100,5.,995.,1050.,994.,1050.,996.,1050.;                            1389P   1153
126,16,2,1,0,1,0,0.,0.,0.,0.125,0.125,0.25,0.25,0.375,0.375,        1391P   1154
0.5,0.5,0.625,0.625,0.75,0.75,0.875,0.875,1.,1.,1.,1.,1.,1.,1.,     1391P   1155
1.,1.,1.,1.,1.,1.,1.,1.,1.,1.,1.,1.,1.,0.004,0.7,0.,0.004,          1391P   1156
0.700132608,0.,0.00407612,0.700255122,0.,0.004152241,               1391P   1157
0.700377636,0.,0.004292893,0.700471405,0.,0.004433546,              1391P   1158
0.700565173,0.,0.004617317,0.70061592,0.,0.004801088,               1391P   1159
0.700666667,0.,0.005,0.700666667,0.,0.005198912,0.700666667,0.,     1391P   1160
0.005382683,0.70061592,0.,0.005566454,0.700565173,0.,               1391P   1161
0.005707107,0.700471405,0.,0.005847759,0.700377636,0.,              1391P   1162
0.00592388,0.700255122,0.,0.006,0.700132608,0.,0.006,0.7,0.,0.,     1391P   1163
1.,0.,0.,1.;                                                        1391P   1164
100,5.,995.,1050.,996.,1050.,994.,1050.;                            1393P   1165
102,2,1387,1391;                                                    1395P   1166
102,2,1389,1393;                                                    1397P   1167
142,1,1195,1395,1397,1;                                             1399P   1168
126,16,2,1,0,1,0,0.,0.,0.,0.125,0.125,0.25,0.25,0.375,0.375,        1401P   1169
0.5,0.5,0.625,0.625,0.75,0.75,0.875,0.875,1.,1.,1.,1.,1.,1.,1.,     1401P   1170
1.,1.,1.,1.,1.,1.,1.,1.,1.,1.,1.,1.,1.,0.006,0.6,0.,0.006,          1401P   1171
0.599867392,0.,0.00592388,0.599744878,0.,0.005847759,               1401P   1172
0.599622364,0.,0.005707107,0.599528595,0.,0.005566454,              1401P   1173
0.599434827,0.,0.005382683,0.59938408,0.,0.005198912,               1401P   1174
0.599333333,0.,0.005,0.599333333,0.,0.004801088,0.599333333,0.,     1401P   1175
0.004617317,0.59938408,0.,0.004433546,0.599434827,0.,               1401P   1176
0.004292893,0.599528595,0.,0.004152241,0.599622364,0.,              1401P   1177
0.00407612,0.599744878,0.,0.004,0.599867392,0.,0.004,0.6,0.,0.,     1401P   1178
1.,0.,0.,1.;                                                        1401P   1179
100,5.,995.,900.,994.,900.,996.,900.;                               1403P   1180
126,16,2,1,0,1,0,0.,0.,0.,0.125,0.125,0.25,0.25,0.375,0.375,        1405P   1181
0.5,0.5,0.625,0.625,0.75,0.75,0.875,0.875,1.,1.,1.,1.,1.,1.,1.,     1405P   1182
1.,1.,1.,1.,1.,1.,1.,1.,1.,1.,1.,1.,1.,0.004,0.6,0.,0.004,          1405P   1183
0.600132608,0.,0.00407612,0.600255122,0.,0.004152241,               1405P   1184
0.600377636,0.,0.004292893,0.600471405,0.,0.004433546,              1405P   1185
0.600565173,0.,0.004617317,0.60061592,0.,0.004801088,               1405P   1186
0.600666667,0.,0.005,0.600666667,0.,0.005198912,0.600666667,0.,     1405P   1187
0.005382683,0.60061592,0.,0.005566454,0.600565173,0.,               1405P   1188
0.005707107,0.600471405,0.,0.005847759,0.600377636,0.,              1405P   1189
0.00592388,0.600255122,0.,0.006,0.600132608,0.,0.006,0.6,0.,0.,     1405P   1190
1.,0.,0.,1.;                                                        1405P   1191
100,5.,995.,900.,996.,900.,994.,900.;                               1407P   1192
102,2,1401,1405;                                                    1409P   1193
102,2,1403,1407;                                                    1411P   1194
142,1,1195,1409,1411,1;                                             1413P   1195
126,16,2,1,0,1,0,0.,0.,0.,0.125,0.125,0.25,0.25,0.375,0.375,        1415P   1196
0.5,0.5,0.625,0.625,0.75,0.75,0.875,0.875,1.,1.,1.,1.,1.,1.,1.,     1415P   1197
1.,1.,1.,1.,1.,1.,1.,1.,1.,1.,1.,1.,1.,0.006,0.5,0.,0.006,          1415P   1198
0.499867392,0.,0.00592388,0.499744878,0.,0.005847759,               1415P   1199
0.499622364,0.,0.005707107,0.499528595,0.,0.005566454,              1415P   1200
0.499434827,0.,0.005382683,0.49938408,0.,0.005198912,               1415P   1201
0.499333333,0.,0.005,0.499333333,0.,0.004801088,0.499333333,0.,     1415P   1202
0.004617317,0.49938408,0.,0.004433546,0.499434827,0.,               1415P   1203
0.004292893,0.499528595,0.,0.004152241,0.499622364,0.,              1415P   1204
0.00407612,0.499744878,0.,0.004,0.499867392,0.,0.004,0.5,0.,0.,     1415P   1205
1.,0.,0.,1.;                                                        1415P   1206
100,5.,995.,750.,994.,750.,996.,750.;                               1417P   1207
126,16,2,1,0,1,0,0.,0.,0.,0.125,0.125,0.25,0.25,0.375,0.375,        1419P   1208
0.5,0.5,0.625,0.625,0.75,0.75,0.875,0.875,1.,1.,1.,1.,1.,1.,1.,     1419P   1209
1.,1.,1.,1.,1.,1.,1.,1.,1.,1.,1.,1.,1.,0.004,0.5,0.,0.004,          1419P   1210
0.500132608,0.,0.00407612,0.500255122,0.,0.004152241,               1419P   1211
0.500377636,0.,0.004292893,0.500471405,0.,0.004433546,              1419P   1212
0.500565173,0.,0.004617317,0.50061592,0.,0.004801088,               1419P   1213
0.500666667,0.,0.005,0.500666667,0.,0.005198912,0.500666667,0.,     1419P   1214
0.005382683,0.50061592,0.,0.005566454,0.500565173,0.,               1419P   1215
0.005707107,0.500471405,0.,0.005847759,0.500377636,0.,              1419P   1216
0.00592388,0.500255122,0.,0.006,0.500132608,0.,0.006,0.5,0.,0.,     1419P   1217
1.,0.,0.,1.;                                                        1419P   1218
100,5.,995.,750.,996.,750.,994.,750.;                               1421P   1219
102,2,1415,1419;                                                    1423P   1220
102,2,1417,1421;                                                    1425P   1221
142,1,1195,1423,1425,1;                                             1427P   1222
126,16,2,1,0,1,0,0.,0.,0.,0.125,0.125,0.25,0.25,0.375,0.375,        1429P   1223
0.5,0.5,0.625,0.625,0.75,0.75,0.875,0.875,1.,1.,1.,1.,1.,1.,1.,     1429P   1224
1.,1.,1.,1.,1.,1.,1.,1.,1.,1.,1.,1.,1.,0.006,0.4,0.,0.006,          1429P   1225
0.399867392,0.,0.00592388,0.399744878,0.,0.005847759,               1429P   1226
0.399622364,0.,0.005707107,0.399528595,0.,0.005566454,              1429P   1227
0.399434827,0.,0.005382683,0.39938408,0.,0.005198912,               1429P   1228
0.399333333,0.,0.005,0.399333333,0.,0.004801088,0.399333333,0.,     1429P   1229
0.004617317,0.39938408,0.,0.004433546,0.399434827,0.,               1429P   1230
0.004292893,0.399528595,0.,0.004152241,0.399622364,0.,              1429P   1231
0.00407612,0.399744878,0.,0.004,0.399867392,0.,0.004,0.4,0.,0.,     1429P   1232
1.,0.,0.,1.;                                                        1429P   1233
100,5.,995.,600.,994.,600.,996.,600.;                               1431P   1234
126,16,2,1,0,1,0,0.,0.,0.,0.125,0.125,0.25,0.25,0.375,0.375,        1433P   1235
0.5,0.5,0.625,0.625,0.75,0.75,0.875,0.875,1.,1.,1.,1.,1.,1.,1.,     1433P   1236
1.,1.,1.,1.,1.,1.,1.,1.,1.,1.,1.,1.,1.,0.004,0.4,0.,0.004,          1433P   1237
0.400132608,0.,0.00407612,0.400255122,0.,0.004152241,               1433P   1238
0.400377636,0.,0.004292893,0.400471405,0.,0.004433546,              1433P   1239
0.400565173,0.,0.004617317,0.40061592,0.,0.004801088,               1433P   1240
0.400666667,0.,0.005,0.400666667,0.,0.005198912,0.400666667,0.,     1433P   1241
0.005382683,0.40061592,0.,0.005566454,0.400565173,0.,               1433P   1242
0.005707107,0.400471405,0.,0.005847759,0.400377636,0.,              1433P   1243
0.00592388,0.400255122,0.,0.006,0.400132608,0.,0.006,0.4,0.,0.,     1433P   1244
1.,0.,0.,1.;                                                        1433P   1245
100,5.,995.,600.,996.,600.,994.,600.;                               1435P   1246
102,2,1429,1433;                                                    1437P   1247
102,2,1431,1435;                                                    1439P   1248
142,1,1195,1437,1439,1;                                             1441P   1249
126,16,2,1,0,1,0,0.,0.,0.,0.125,0.125,0.25,0.25,0.375,0.375,        1443P   1250
0.5,0.5,0.625,0.625,0.75,0.75,0.875,0.875,1.,1.,1.,1.,1.,1.,1.,     1443P   1251
1.,1.,1.,1.,1.,1.,1.,1.,1.,1.,1.,1.,1.,0.601,0.003333333,0.,        1443P   1252
0.601,0.003200725,0.,0.60092388,0.003078211,0.,0.600847759,         1443P   1253
0.002955697,0.,0.600707107,0.002861929,0.,0.600566454,              1443P   1254
0.002768161,0.,0.600382683,0.002717414,0.,0.600198912,              1443P   1255
0.002666667,0.,0.6,0.002666667,0.,0.599801088,0.002666667,0.,       1443P   1256
0.599617317,0.002717414,0.,0.599433546,0.002768161,0.,              1443P   1257
0.599292893,0.002861929,0.,0.599152241,0.002955697,0.,              1443P   1258
0.59907612,0.003078211,0.,0.599,0.003200725,0.,0.599,               1443P   1259
0.003333333,0.,0.,1.,0.,0.,1.;                                      1443P   1260
100,5.,400.,5.,399.,5.,401.,5.;                                     1445P   1261
126,16,2,1,0,1,0,0.,0.,0.,0.125,0.125,0.25,0.25,0.375,0.375,        1447P   1262
0.5,0.5,0.625,0.625,0.75,0.75,0.875,0.875,1.,1.,1.,1.,1.,1.,1.,     1447P   1263
1.,1.,1.,1.,1.,1.,1.,1.,1.,1.,1.,1.,1.,0.599,0.003333333,0.,        1447P   1264
0.599,0.003465942,0.,0.59907612,0.003588456,0.,0.599152241,         1447P   1265
0.00371097,0.,0.599292893,0.003804738,0.,0.599433546,               1447P   1266
0.003898506,0.,0.599617317,0.003949253,0.,0.599801088,0.004,0.,     1447P   1267
0.6,0.004,0.,0.600198912,0.004,0.,0.600382683,0.003949253,0.,       1447P   1268
0.600566454,0.003898506,0.,0.600707107,0.003804738,0.,              1447P   1269
0.600847759,0.00371097,0.,0.60092388,0.003588456,0.,0.601,          1447P   1270
0.003465942,0.,0.601,0.003333333,0.,0.,1.,0.,0.,1.;                 1447P   1271
100,5.,400.,5.,401.,5.,399.,5.;                                     1449P   1272
102,2,1443,1447;                                                    1451P   1273
102,2,1445,1449;                                                    1453P   1274
142,1,1195,1451,1453,1;                                             1455P   1275
126,16,2,1,0,1,0,0.,0.,0.,0.125,0.125,0.25,0.25,0.375,0.375,        1457P   1276
0.5,0.5,0.625,0.625,0.75,0.75,0.875,0.875,1.,1.,1.,1.,1.,1.,1.,     1457P   1277
1.,1.,1.,1.,1.,1.,1.,1.,1.,1.,1.,1.,1.,0.006,0.01,0.,0.006,         1457P   1278
0.009867392,0.,0.00592388,0.009744878,0.,0.005847759,               1457P   1279
0.009622364,0.,0.005707107,0.009528595,0.,0.005566454,              1457P   1280
0.009434827,0.,0.005382683,0.00938408,0.,0.005198912,               1457P   1281
0.009333333,0.,0.005,0.009333333,0.,0.004801088,0.009333333,0.,     1457P   1282
0.004617317,0.00938408,0.,0.004433546,0.009434827,0.,               1457P   1283
0.004292893,0.009528595,0.,0.004152241,0.009622364,0.,              1457P   1284
0.00407612,0.009744878,0.,0.004,0.009867392,0.,0.004,0.01,0.,       1457P   1285
0.,1.,0.,0.,1.;                                                     1457P   1286
100,5.,995.,15.,994.,15.,996.,15.;                                  1459P   1287
126,16,2,1,0,1,0,0.,0.,0.,0.125,0.125,0.25,0.25,0.375,0.375,        1461P   1288
0.5,0.5,0.625,0.625,0.75,0.75,0.875,0.875,1.,1.,1.,1.,1.,1.,1.,     1461P   1289
1.,1.,1.,1.,1.,1.,1.,1.,1.,1.,1.,1.,1.,0.004,0.01,0.,0.004,         1461P   1290
0.010132608,0.,0.00407612,0.010255122,0.,0.004152241,               1461P   1291
0.010377636,0.,0.004292893,0.010471405,0.,0.004433546,              1461P   1292
0.010565173,0.,0.004617317,0.01061592,0.,0.004801088,               1461P   1293
0.010666667,0.,0.005,0.010666667,0.,0.005198912,0.010666667,0.,     1461P   1294
0.005382683,0.01061592,0.,0.005566454,0.010565173,0.,               1461P   1295
0.005707107,0.010471405,0.,0.005847759,0.010377636,0.,              1461P   1296
0.00592388,0.010255122,0.,0.006,0.010132608,0.,0.006,0.01,0.,       1461P   1297
0.,1.,0.,0.,1.;                                                     1461P   1298
100,5.,995.,15.,996.,15.,994.,15.;                                  1463P   1299
102,2,1457,1461;                                                    1465P   1300
102,2,1459,1463;                                                    1467P   1301
142,1,1195,1465,1467,1;                                             1469P   1302
126,16,2,1,0,1,0,0.,0.,0.,0.125,0.125,0.25,0.25,0.375,0.375,        1471P   1303
0.5,0.5,0.625,0.625,0.75,0.75,0.875,0.875,1.,1.,1.,1.,1.,1.,1.,     1471P   1304
1.,1.,1.,1.,1.,1.,1.,1.,1.,1.,1.,1.,1.,0.201,0.003333333,0.,        1471P   1305
0.201,0.003200725,0.,0.20092388,0.003078211,0.,0.200847759,         1471P   1306
0.002955697,0.,0.200707107,0.002861929,0.,0.200566454,              1471P   1307
0.002768161,0.,0.200382683,0.002717414,0.,0.200198912,              1471P   1308
0.002666667,0.,0.2,0.002666667,0.,0.199801088,0.002666667,0.,       1471P   1309
0.199617317,0.002717414,0.,0.199433546,0.002768161,0.,              1471P   1310
0.199292893,0.002861929,0.,0.199152241,0.002955697,0.,              1471P   1311
0.19907612,0.003078211,0.,0.199,0.003200725,0.,0.199,               1471P   1312
0.003333333,0.,0.,1.,0.,0.,1.;                                      1471P   1313
100,5.,800.,5.,799.,5.,801.,5.;                                     1473P   1314
126,16,2,1,0,1,0,0.,0.,0.,0.125,0.125,0.25,0.25,0.375,0.375,        1475P   1315
0.5,0.5,0.625,0.625,0.75,0.75,0.875,0.875,1.,1.,1.,1.,1.,1.,1.,     1475P   1316
1.,1.,1.,1.,1.,1.,1.,1.,1.,1.,1.,1.,1.,0.199,0.003333333,0.,        1475P   1317
0.199,0.003465942,0.,0.19907612,0.003588456,0.,0.199152241,         1475P   1318
0.00371097,0.,0.199292893,0.003804738,0.,0.199433546,               1475P   1319
0.003898506,0.,0.199617317,0.003949253,0.,0.199801088,0.004,0.,     1475P   1320
0.2,0.004,0.,0.200198912,0.004,0.,0.200382683,0.003949253,0.,       1475P   1321
0.200566454,0.003898506,0.,0.200707107,0.003804738,0.,              1475P   1322
0.200847759,0.00371097,0.,0.20092388,0.003588456,0.,0.201,          1475P   1323
0.003465942,0.,0.201,0.003333333,0.,0.,1.,0.,0.,1.;                 1475P   1324
100,5.,800.,5.,801.,5.,799.,5.;                                     1477P   1325
102,2,1471,1475;                                                    1479P   1326
102,2,1473,1477;                                                    1481P   1327
142,1,1195,1479,1481,1;                                             1483P   1328
126,16,2,1,0,1,0,0.,0.,0.,0.125,0.125,0.25,0.25,0.375,0.375,        1485P   1329
0.5,0.5,0.625,0.625,0.75,0.75,0.875,0.875,1.,1.,1.,1.,1.,1.,1.,     1485P   1330
1.,1.,1.,1.,1.,1.,1.,1.,1.,1.,1.,1.,1.,0.801,0.003333333,0.,        1485P   1331
0.801,0.003200725,0.,0.80092388,0.003078211,0.,0.800847759,         1485P   1332
0.002955697,0.,0.800707107,0.002861929,0.,0.800566454,              1485P   1333
0.002768161,0.,0.800382683,0.002717414,0.,0.800198912,              1485P   1334
0.002666667,0.,0.8,0.002666667,0.,0.799801088,0.002666667,0.,       1485P   1335
0.799617317,0.002717414,0.,0.799433546,0.002768161,0.,              1485P   1336
0.799292893,0.002861929,0.,0.799152241,0.002955697,0.,              1485P   1337
0.79907612,0.003078211,0.,0.799,0.003200725,0.,0.799,               1485P   1338
0.003333333,0.,0.,1.,0.,0.,1.;                                      1485P   1339
100,5.,200.,5.,199.,5.,201.,5.;                                     1487P   1340
126,16,2,1,0,1,0,0.,0.,0.,0.125,0.125,0.25,0.25,0.375,0.375,        1489P   1341
0.5,0.5,0.625,0.625,0.75,0.75,0.875,0.875,1.,1.,1.,1.,1.,1.,1.,     1489P   1342
1.,1.,1.,1.,1.,1.,1.,1.,1.,1.,1.,1.,1.,0.799,0.003333333,0.,        1489P   1343
0.799,0.003465942,0.,0.79907612,0.003588456,0.,0.799152241,         1489P   1344
0.00371097,0.,0.799292893,0.003804738,0.,0.799433546,               1489P   1345
0.003898506,0.,0.799617317,0.003949253,0.,0.799801088,0.004,0.,     1489P   1346
0.8,0.004,0.,0.800198912,0.004,0.,0.800382683,0.003949253,0.,       1489P   1347
0.800566454,0.003898506,0.,0.800707107,0.003804738,0.,              1489P   1348
0.800847759,0.00371097,0.,0.80092388,0.003588456,0.,0.801,          1489P   1349
0.003465942,0.,0.801,0.003333333,0.,0.,1.,0.,0.,1.;                 1489P   1350
100,5.,200.,5.,201.,5.,199.,5.;                                     1491P   1351
102,2,1485,1489;                                                    1493P   1352
102,2,1487,1491;                                                    1495P   1353
142,1,1195,1493,1495,1;                                             1497P   1354
126,16,2,1,0,1,0,0.,0.,0.,0.125,0.125,0.25,0.25,0.375,0.375,        1499P   1355
0.5,0.5,0.625,0.625,0.75,0.75,0.875,0.875,1.,1.,1.,1.,1.,1.,1.,     1499P   1356
1.,1.,1.,1.,1.,1.,1.,1.,1.,1.,1.,1.,1.,0.986,0.996666667,0.,        1499P   1357
0.986,0.996534058,0.,0.98592388,0.996411544,0.,0.985847759,         1499P   1358
0.99628903,0.,0.985707107,0.996195262,0.,0.985566454,               1499P   1359
0.996101494,0.,0.985382683,0.996050747,0.,0.985198912,0.996,0.,     1499P   1360
0.985,0.996,0.,0.984801088,0.996,0.,0.984617317,0.996050747,0.,     1499P   1361
0.984433546,0.996101494,0.,0.984292893,0.996195262,0.,              1499P   1362
0.984152241,0.99628903,0.,0.98407612,0.996411544,0.,0.984,          1499P   1363
0.996534058,0.,0.984,0.996666667,0.,0.,1.,0.,0.,1.;                 1499P   1364
100,5.,15.,1495.,14.,1495.,16.,1495.;                               1501P   1365
126,16,2,1,0,1,0,0.,0.,0.,0.125,0.125,0.25,0.25,0.375,0.375,        1503P   1366
0.5,0.5,0.625,0.625,0.75,0.75,0.875,0.875,1.,1.,1.,1.,1.,1.,1.,     1503P   1367
1.,1.,1.,1.,1.,1.,1.,1.,1.,1.,1.,1.,1.,0.984,0.996666667,0.,        1503P   1368
0.984,0.996799275,0.,0.98407612,0.996921789,0.,0.984152241,         1503P   1369
0.997044303,0.,0.984292893,0.997138071,0.,0.984433546,              1503P   1370
0.997231839,0.,0.984617317,0.997282586,0.,0.984801088,              1503P   1371
0.997333333,0.,0.985,0.997333333,0.,0.985198912,0.997333333,0.,     1503P   1372
0.985382683,0.997282586,0.,0.985566454,0.997231839,0.,              1503P   1373
0.985707107,0.997138071,0.,0.985847759,0.997044303,0.,              1503P   1374
0.98592388,0.996921789,0.,0.986,0.996799275,0.,0.986,               1503P   1375
0.996666667,0.,0.,1.,0.,0.,1.;                                      1503P   1376
100,5.,15.,1495.,16.,1495.,14.,1495.;                               1505P   1377
102,2,1499,1503;                                                    1507P   1378
102,2,1501,1505;                                                    1509P   1379
142,1,1195,1507,1509,1;                                             1511P   1380
126,16,2,1,0,1,0,0.,0.,0.,0.125,0.125,0.25,0.25,0.375,0.375,        1513P   1381
0.5,0.5,0.625,0.625,0.75,0.75,0.875,0.875,1.,1.,1.,1.,1.,1.,1.,     1513P   1382
1.,1.,1.,1.,1.,1.,1.,1.,1.,1.,1.,1.,1.,0.801,0.996666667,0.,        1513P   1383
0.801,0.996534058,0.,0.80092388,0.996411544,0.,0.800847759,         1513P   1384
0.99628903,0.,0.800707107,0.996195262,0.,0.800566454,               1513P   1385
0.996101494,0.,0.800382683,0.996050747,0.,0.800198912,0.996,0.,     1513P   1386
0.8,0.996,0.,0.799801088,0.996,0.,0.799617317,0.996050747,0.,       1513P   1387
0.799433546,0.996101494,0.,0.799292893,0.996195262,0.,              1513P   1388
0.799152241,0.99628903,0.,0.79907612,0.996411544,0.,0.799,          1513P   1389
0.996534058,0.,0.799,0.996666667,0.,0.,1.,0.,0.,1.;                 1513P   1390
100,5.,200.,1495.,199.,1495.,201.,1495.;                            1515P   1391
126,16,2,1,0,1,0,0.,0.,0.,0.125,0.125,0.25,0.25,0.375,0.375,        1517P   1392
0.5,0.5,0.625,0.625,0.75,0.75,0.875,0.875,1.,1.,1.,1.,1.,1.,1.,     1517P   1393
1.,1.,1.,1.,1.,1.,1.,1.,1.,1.,1.,1.,1.,0.799,0.996666667,0.,        1517P   1394
0.799,0.996799275,0.,0.79907612,0.996921789,0.,0.799152241,         1517P   1395
0.997044303,0.,0.799292893,0.997138071,0.,0.799433546,              1517P   1396
0.997231839,0.,0.799617317,0.997282586,0.,0.799801088,              1517P   1397
0.997333333,0.,0.8,0.997333333,0.,0.800198912,0.997333333,0.,       1517P   1398
0.800382683,0.997282586,0.,0.800566454,0.997231839,0.,              1517P   1399
0.800707107,0.997138071,0.,0.800847759,0.997044303,0.,              1517P   1400
0.80092388,0.996921789,0.,0.801,0.996799275,0.,0.801,               1517P   1401
0.996666667,0.,0.,1.,0.,0.,1.;                                      1517P   1402
100,5.,200.,1495.,201.,1495.,199.,1495.;                            1519P   1403
102,2,1513,1517;                                                    1521P   1404
102,2,1515,1519;                                                    1523P   1405
142,1,1195,1521,1523,1;                                             1525P   1406
126,16,2,1,0,1,0,0.,0.,0.,0.125,0.125,0.25,0.25,0.375,0.375,        1527P   1407
0.5,0.5,0.625,0.625,0.75,0.75,0.875,0.875,1.,1.,1.,1.,1.,1.,1.,     1527P   1408
1.,1.,1.,1.,1.,1.,1.,1.,1.,1.,1.,1.,1.,0.601,0.996666667,0.,        1527P   1409
0.601,0.996534058,0.,0.60092388,0.996411544,0.,0.600847759,         1527P   1410
0.99628903,0.,0.600707107,0.996195262,0.,0.600566454,               1527P   1411
0.996101494,0.,0.600382683,0.996050747,0.,0.600198912,0.996,0.,     1527P   1412
0.6,0.996,0.,0.599801088,0.996,0.,0.599617317,0.996050747,0.,       1527P   1413
0.599433546,0.996101494,0.,0.599292893,0.996195262,0.,              1527P   1414
0.599152241,0.99628903,0.,0.59907612,0.996411544,0.,0.599,          1527P   1415
0.996534058,0.,0.599,0.996666667,0.,0.,1.,0.,0.,1.;                 1527P   1416
100,5.,400.,1495.,399.,1495.,401.,1495.;                            1529P   1417
126,16,2,1,0,1,0,0.,0.,0.,0.125,0.125,0.25,0.25,0.375,0.375,        1531P   1418
0.5,0.5,0.625,0.625,0.75,0.75,0.875,0.875,1.,1.,1.,1.,1.,1.,1.,     1531P   1419
1.,1.,1.,1.,1.,1.,1.,1.,1.,1.,1.,1.,1.,0.599,0.996666667,0.,        1531P   1420
0.599,0.996799275,0.,0.59907612,0.996921789,0.,0.599152241,         1531P   1421
0.997044303,0.,0.599292893,0.997138071,0.,0.599433546,              1531P   1422
0.997231839,0.,0.599617317,0.997282586,0.,0.599801088,              1531P   1423
0.997333333,0.,0.6,0.997333333,0.,0.600198912,0.997333333,0.,       1531P   1424
0.600382683,0.997282586,0.,0.600566454,0.997231839,0.,              1531P   1425
0.600707107,0.997138071,0.,0.600847759,0.997044303,0.,              1531P   1426
0.60092388,0.996921789,0.,0.601,0.996799275,0.,0.601,               1531P   1427
0.996666667,0.,0.,1.,0.,0.,1.;                                      1531P   1428
100,5.,400.,1495.,401.,1495.,399.,1495.;                            1533P   1429
102,2,1527,1531;                                                    1535P   1430
102,2,1529,1533;                                                    1537P   1431
142,1,1195,1535,1537,1;                                             1539P   1432
126,16,2,1,0,1,0,0.,0.,0.,0.125,0.125,0.25,0.25,0.375,0.375,        1541P   1433
0.5,0.5,0.625,0.625,0.75,0.75,0.875,0.875,1.,1.,1.,1.,1.,1.,1.,     1541P   1434
1.,1.,1.,1.,1.,1.,1.,1.,1.,1.,1.,1.,1.,0.201,0.996666667,0.,        1541P   1435
0.201,0.996534058,0.,0.20092388,0.996411544,0.,0.200847759,         1541P   1436
0.99628903,0.,0.200707107,0.996195262,0.,0.200566454,               1541P   1437
0.996101494,0.,0.200382683,0.996050747,0.,0.200198912,0.996,0.,     1541P   1438
0.2,0.996,0.,0.199801088,0.996,0.,0.199617317,0.996050747,0.,       1541P   1439
0.199433546,0.996101494,0.,0.199292893,0.996195262,0.,              1541P   1440
0.199152241,0.99628903,0.,0.19907612,0.996411544,0.,0.199,          1541P   1441
0.996534058,0.,0.199,0.996666667,0.,0.,1.,0.,0.,1.;                 1541P   1442
100,5.,800.,1495.,799.,1495.,801.,1495.;                            1543P   1443
126,16,2,1,0,1,0,0.,0.,0.,0.125,0.125,0.25,0.25,0.375,0.375,        1545P   1444
0.5,0.5,0.625,0.625,0.75,0.75,0.875,0.875,1.,1.,1.,1.,1.,1.,1.,     1545P   1445
1.,1.,1.,1.,1.,1.,1.,1.,1.,1.,1.,1.,1.,0.199,0.996666667,0.,        1545P   1446
0.199,0.996799275,0.,0.19907612,0.996921789,0.,0.199152241,         1545P   1447
0.997044303,0.,0.199292893,0.997138071,0.,0.199433546,              1545P   1448
0.997231839,0.,0.199617317,0.997282586,0.,0.199801088,              1545P   1449
0.997333333,0.,0.2,0.997333333,0.,0.200198912,0.997333333,0.,       1545P   1450
0.200382683,0.997282586,0.,0.200566454,0.997231839,0.,              1545P   1451
0.200707107,0.997138071,0.,0.200847759,0.997044303,0.,              1545P   1452
0.20092388,0.996921789,0.,0.201,0.996799275,0.,0.201,               1545P   1453
0.996666667,0.,0.,1.,0.,0.,1.;                                      1545P   1454
100,5.,800.,1495.,801.,1495.,799.,1495.;                            1547P   1455
102,2,1541,1545;                                                    1549P   1456
102,2,1543,1547;                                                    1551P   1457
142,1,1195,1549,1551,1;                                             1553P   1458
126,16,2,1,0,1,0,0.,0.,0.,0.125,0.125,0.25,0.25,0.375,0.375,        1555P   1459
0.5,0.5,0.625,0.625,0.75,0.75,0.875,0.875,1.,1.,1.,1.,1.,1.,1.,     1555P   1460
1.,1.,1.,1.,1.,1.,1.,1.,1.,1.,1.,1.,1.,0.996,0.9,0.,0.996,          1555P   1461
0.899867392,0.,0.99592388,0.899744878,0.,0.995847759,               1555P   1462
0.899622364,0.,0.995707107,0.899528595,0.,0.995566454,              1555P   1463
0.899434827,0.,0.995382683,0.89938408,0.,0.995198912,               1555P   1464
0.899333333,0.,0.995,0.899333333,0.,0.994801088,0.899333333,0.,     1555P   1465
0.994617317,0.89938408,0.,0.994433546,0.899434827,0.,               1555P   1466
0.994292893,0.899528595,0.,0.994152241,0.899622364,0.,              1555P   1467
0.99407612,0.899744878,0.,0.994,0.899867392,0.,0.994,0.9,0.,0.,     1555P   1468
1.,0.,0.,1.;                                                        1555P   1469
100,5.,5.,1350.,4.,1350.,6.,1350.;                                  1557P   1470
126,16,2,1,0,1,0,0.,0.,0.,0.125,0.125,0.25,0.25,0.375,0.375,        1559P   1471
0.5,0.5,0.625,0.625,0.75,0.75,0.875,0.875,1.,1.,1.,1.,1.,1.,1.,     1559P   1472
1.,1.,1.,1.,1.,1.,1.,1.,1.,1.,1.,1.,1.,0.994,0.9,0.,0.994,          1559P   1473
0.900132608,0.,0.99407612,0.900255122,0.,0.994152241,               1559P   1474
0.900377636,0.,0.994292893,0.900471405,0.,0.994433546,              1559P   1475
0.900565173,0.,0.994617317,0.90061592,0.,0.994801088,               1559P   1476
0.900666667,0.,0.995,0.900666667,0.,0.995198912,0.900666667,0.,     1559P   1477
0.995382683,0.90061592,0.,0.995566454,0.900565173,0.,               1559P   1478
0.995707107,0.900471405,0.,0.995847759,0.900377636,0.,              1559P   1479
0.99592388,0.900255122,0.,0.996,0.900132608,0.,0.996,0.9,0.,0.,     1559P   1480
1.,0.,0.,1.;                                                        1559P   1481
100,5.,5.,1350.,6.,1350.,4.,1350.;                                  1561P   1482
102,2,1555,1559;                                                    1563P   1483
102,2,1557,1561;                                                    1565P   1484
142,1,1195,1563,1565,1;                                             1567P   1485
126,16,2,1,0,1,0,0.,0.,0.,0.125,0.125,0.25,0.25,0.375,0.375,        1569P   1486
0.5,0.5,0.625,0.625,0.75,0.75,0.875,0.875,1.,1.,1.,1.,1.,1.,1.,     1569P   1487
1.,1.,1.,1.,1.,1.,1.,1.,1.,1.,1.,1.,1.,0.006,0.1,0.,0.006,          1569P   1488
0.099867392,0.,0.00592388,0.099744878,0.,0.005847759,               1569P   1489
0.099622364,0.,0.005707107,0.099528595,0.,0.005566454,              1569P   1490
0.099434827,0.,0.005382683,0.09938408,0.,0.005198912,               1569P   1491
0.099333333,0.,0.005,0.099333333,0.,0.004801088,0.099333333,0.,     1569P   1492
0.004617317,0.09938408,0.,0.004433546,0.099434827,0.,               1569P   1493
0.004292893,0.099528595,0.,0.004152241,0.099622364,0.,              1569P   1494
0.00407612,0.099744878,0.,0.004,0.099867392,0.,0.004,0.1,0.,0.,     1569P   1495
1.,0.,0.,1.;                                                        1569P   1496
100,5.,995.,150.,994.,150.,996.,150.;                               1571P   1497
126,16,2,1,0,1,0,0.,0.,0.,0.125,0.125,0.25,0.25,0.375,0.375,        1573P   1498
0.5,0.5,0.625,0.625,0.75,0.75,0.875,0.875,1.,1.,1.,1.,1.,1.,1.,     1573P   1499
1.,1.,1.,1.,1.,1.,1.,1.,1.,1.,1.,1.,1.,0.004,0.1,0.,0.004,          1573P   1500
0.100132608,0.,0.00407612,0.100255122,0.,0.004152241,               1573P   1501
0.100377636,0.,0.004292893,0.100471405,0.,0.004433546,              1573P   1502
0.100565173,0.,0.004617317,0.10061592,0.,0.004801088,               1573P   1503
0.100666667,0.,0.005,0.100666667,0.,0.005198912,0.100666667,0.,     1573P   1504
0.005382683,0.10061592,0.,0.005566454,0.100565173,0.,               1573P   1505
0.005707107,0.100471405,0.,0.005847759,0.100377636,0.,              1573P   1506
0.00592388,0.100255122,0.,0.006,0.100132608,0.,0.006,0.1,0.,0.,     1573P   1507
1.,0.,0.,1.;                                                        1573P   1508
100,5.,995.,150.,996.,150.,994.,150.;                               1575P   1509
102,2,1569,1573;                                                    1577P   1510
102,2,1571,1575;                                                    1579P   1511
142,1,1195,1577,1579,1;                                             1581P   1512
126,16,2,1,0,1,0,0.,0.,0.,0.125,0.125,0.25,0.25,0.375,0.375,        1583P   1513
0.5,0.5,0.625,0.625,0.75,0.75,0.875,0.875,1.,1.,1.,1.,1.,1.,1.,     1583P   1514
1.,1.,1.,1.,1.,1.,1.,1.,1.,1.,1.,1.,1.,0.006,0.2,0.,0.006,          1583P   1515
0.199867392,0.,0.00592388,0.199744878,0.,0.005847759,               1583P   1516
0.199622364,0.,0.005707107,0.199528595,0.,0.005566454,              1583P   1517
0.199434827,0.,0.005382683,0.19938408,0.,0.005198912,               1583P   1518
0.199333333,0.,0.005,0.199333333,0.,0.004801088,0.199333333,0.,     1583P   1519
0.004617317,0.19938408,0.,0.004433546,0.199434827,0.,               1583P   1520
0.004292893,0.199528595,0.,0.004152241,0.199622364,0.,              1583P   1521
0.00407612,0.199744878,0.,0.004,0.199867392,0.,0.004,0.2,0.,0.,     1583P   1522
1.,0.,0.,1.;                                                        1583P   1523
100,5.,995.,300.,994.,300.,996.,300.;                               1585P   1524
126,16,2,1,0,1,0,0.,0.,0.,0.125,0.125,0.25,0.25,0.375,0.375,        1587P   1525
0.5,0.5,0.625,0.625,0.75,0.75,0.875,0.875,1.,1.,1.,1.,1.,1.,1.,     1587P   1526
1.,1.,1.,1.,1.,1.,1.,1.,1.,1.,1.,1.,1.,0.004,0.2,0.,0.004,          1587P   1527
0.200132608,0.,0.00407612,0.200255122,0.,0.004152241,               1587P   1528
0.200377636,0.,0.004292893,0.200471405,0.,0.004433546,              1587P   1529
0.200565173,0.,0.004617317,0.20061592,0.,0.004801088,               1587P   1530
0.200666667,0.,0.005,0.200666667,0.,0.005198912,0.200666667,0.,     1587P   1531
0.005382683,0.20061592,0.,0.005566454,0.200565173,0.,               1587P   1532
0.005707107,0.200471405,0.,0.005847759,0.200377636,0.,              1587P   1533
0.00592388,0.200255122,0.,0.006,0.200132608,0.,0.006,0.2,0.,0.,     1587P   1534
1.,0.,0.,1.;                                                        1587P   1535
100,5.,995.,300.,996.,300.,994.,300.;                               1589P   1536
102,2,1583,1587;                                                    1591P   1537
102,2,1585,1589;                                                    1593P   1538
142,1,1195,1591,1593,1;                                             1595P   1539
126,16,2,1,0,1,0,0.,0.,0.,0.125,0.125,0.25,0.25,0.375,0.375,        1597P   1540
0.5,0.5,0.625,0.625,0.75,0.75,0.875,0.875,1.,1.,1.,1.,1.,1.,1.,     1597P   1541
1.,1.,1.,1.,1.,1.,1.,1.,1.,1.,1.,1.,1.,0.006,0.8,0.,0.006,          1597P   1542
0.799867392,0.,0.00592388,0.799744878,0.,0.005847759,               1597P   1543
0.799622364,0.,0.005707107,0.799528595,0.,0.005566454,              1597P   1544
0.799434827,0.,0.005382683,0.79938408,0.,0.005198912,               1597P   1545
0.799333333,0.,0.005,0.799333333,0.,0.004801088,0.799333333,0.,     1597P   1546
0.004617317,0.79938408,0.,0.004433546,0.799434827,0.,               1597P   1547
0.004292893,0.799528595,0.,0.004152241,0.799622364,0.,              1597P   1548
0.00407612,0.799744878,0.,0.004,0.799867392,0.,0.004,0.8,0.,0.,     1597P   1549
1.,0.,0.,1.;                                                        1597P   1550
100,5.,995.,1200.,994.,1200.,996.,1200.;                            1599P   1551
126,16,2,1,0,1,0,0.,0.,0.,0.125,0.125,0.25,0.25,0.375,0.375,        1601P   1552
0.5,0.5,0.625,0.625,0.75,0.75,0.875,0.875,1.,1.,1.,1.,1.,1.,1.,     1601P   1553
1.,1.,1.,1.,1.,1.,1.,1.,1.,1.,1.,1.,1.,0.004,0.8,0.,0.004,          1601P   1554
0.800132608,0.,0.00407612,0.800255122,0.,0.004152241,               1601P   1555
0.800377636,0.,0.004292893,0.800471405,0.,0.004433546,              1601P   1556
0.800565173,0.,0.004617317,0.80061592,0.,0.004801088,               1601P   1557
0.800666667,0.,0.005,0.800666667,0.,0.005198912,0.800666667,0.,     1601P   1558
0.005382683,0.80061592,0.,0.005566454,0.800565173,0.,               1601P   1559
0.005707107,0.800471405,0.,0.005847759,0.800377636,0.,              1601P   1560
0.00592388,0.800255122,0.,0.006,0.800132608,0.,0.006,0.8,0.,0.,     1601P   1561
1.,0.,0.,1.;                                                        1601P   1562
100,5.,995.,1200.,996.,1200.,994.,1200.;                            1603P   1563
102,2,1597,1601;                                                    1605P   1564
102,2,1599,1603;                                                    1607P   1565
142,1,1195,1605,1607,1;                                             1609P   1566
126,16,2,1,0,1,0,0.,0.,0.,0.125,0.125,0.25,0.25,0.375,0.375,        1611P   1567
0.5,0.5,0.625,0.625,0.75,0.75,0.875,0.875,1.,1.,1.,1.,1.,1.,1.,     1611P   1568
1.,1.,1.,1.,1.,1.,1.,1.,1.,1.,1.,1.,1.,0.016,0.996666667,0.,        1611P   1569
0.016,0.996534058,0.,0.01592388,0.996411544,0.,0.015847759,         1611P   1570
0.99628903,0.,0.015707107,0.996195262,0.,0.015566454,               1611P   1571
0.996101494,0.,0.015382683,0.996050747,0.,0.015198912,0.996,0.,     1611P   1572
0.015,0.996,0.,0.014801088,0.996,0.,0.014617317,0.996050747,0.,     1611P   1573
0.014433546,0.996101494,0.,0.014292893,0.996195262,0.,              1611P   1574
0.014152241,0.99628903,0.,0.01407612,0.996411544,0.,0.014,          1611P   1575
0.996534058,0.,0.014,0.996666667,0.,0.,1.,0.,0.,1.;                 1611P   1576
100,5.,985.,1495.,984.,1495.,986.,1495.;                            1613P   1577
126,16,2,1,0,1,0,0.,0.,0.,0.125,0.125,0.25,0.25,0.375,0.375,        1615P   1578
0.5,0.5,0.625,0.625,0.75,0.75,0.875,0.875,1.,1.,1.,1.,1.,1.,1.,     1615P   1579
1.,1.,1.,1.,1.,1.,1.,1.,1.,1.,1.,1.,1.,0.014,0.996666667,0.,        1615P   1580
0.014,0.996799275,0.,0.01407612,0.996921789,0.,0.014152241,         1615P   1581
0.997044303,0.,0.014292893,0.997138071,0.,0.014433546,              1615P   1582
0.997231839,0.,0.014617317,0.997282586,0.,0.014801088,              1615P   1583
0.997333333,0.,0.015,0.997333333,0.,0.015198912,0.997333333,0.,     1615P   1584
0.015382683,0.997282586,0.,0.015566454,0.997231839,0.,              1615P   1585
0.015707107,0.997138071,0.,0.015847759,0.997044303,0.,              1615P   1586
0.01592388,0.996921789,0.,0.016,0.996799275,0.,0.016,               1615P   1587
0.996666667,0.,0.,1.,0.,0.,1.;                                      1615P   1588
100,5.,985.,1495.,986.,1495.,984.,1495.;                            1617P   1589
102,2,1611,1615;                                                    1619P   1590
102,2,1613,1617;                                                    1621P   1591
142,1,1195,1619,1621,1;                                             1623P   1592
126,16,2,1,0,1,0,0.,0.,0.,0.125,0.125,0.25,0.25,0.375,0.375,        1625P   1593
0.5,0.5,0.625,0.625,0.75,0.75,0.875,0.875,1.,1.,1.,1.,1.,1.,1.,     1625P   1594
1.,1.,1.,1.,1.,1.,1.,1.,1.,1.,1.,1.,1.,0.996,0.1,0.,0.996,          1625P   1595
0.099867392,0.,0.99592388,0.099744878,0.,0.995847759,               1625P   1596
0.099622364,0.,0.995707107,0.099528595,0.,0.995566454,              1625P   1597
0.099434827,0.,0.995382683,0.09938408,0.,0.995198912,               1625P   1598
0.099333333,0.,0.995,0.099333333,0.,0.994801088,0.099333333,0.,     1625P   1599
0.994617317,0.09938408,0.,0.994433546,0.099434827,0.,               1625P   1600
0.994292893,0.099528595,0.,0.994152241,0.099622364,0.,              1625P   1601
0.99407612,0.099744878,0.,0.994,0.099867392,0.,0.994,0.1,0.,0.,     1625P   1602
1.,0.,0.,1.;                                                        1625P   1603
100,5.,5.,150.,4.,150.,6.,150.;                                     1627P   1604
126,16,2,1,0,1,0,0.,0.,0.,0.125,0.125,0.25,0.25,0.375,0.375,        1629P   1605
0.5,0.5,0.625,0.625,0.75,0.75,0.875,0.875,1.,1.,1.,1.,1.,1.,1.,     1629P   1606
1.,1.,1.,1.,1.,1.,1.,1.,1.,1.,1.,1.,1.,0.994,0.1,0.,0.994,          1629P   1607
0.100132608,0.,0.99407612,0.100255122,0.,0.994152241,               1629P   1608
0.100377636,0.,0.994292893,0.100471405,0.,0.994433546,              1629P   1609
0.100565173,0.,0.994617317,0.10061592,0.,0.994801088,               1629P   1610
0.100666667,0.,0.995,0.100666667,0.,0.995198912,0.100666667,0.,     1629P   1611
0.995382683,0.10061592,0.,0.995566454,0.100565173,0.,               1629P   1612
0.995707107,0.100471405,0.,0.995847759,0.100377636,0.,              1629P   1613
0.99592388,0.100255122,0.,0.996,0.100132608,0.,0.996,0.1,0.,0.,     1629P   1614
1.,0.,0.,1.;                                                        1629P   1615
100,5.,5.,150.,6.,150.,4.,150.;                                     1631P   1616
102,2,1625,1629;                                                    1633P   1617
102,2,1627,1631;                                                    1635P   1618
142,1,1195,1633,1635,1;                                             1637P   1619
126,16,2,1,0,1,0,0.,0.,0.,0.125,0.125,0.25,0.25,0.375,0.375,        1639P   1620
0.5,0.5,0.625,0.625,0.75,0.75,0.875,0.875,1.,1.,1.,1.,1.,1.,1.,     1639P   1621
1.,1.,1.,1.,1.,1.,1.,1.,1.,1.,1.,1.,1.,0.996,0.2,0.,0.996,          1639P   1622
0.199867392,0.,0.99592388,0.199744878,0.,0.995847759,               1639P   1623
0.199622364,0.,0.995707107,0.199528595,0.,0.995566454,              1639P   1624
0.199434827,0.,0.995382683,0.19938408,0.,0.995198912,               1639P   1625
0.199333333,0.,0.995,0.199333333,0.,0.994801088,0.199333333,0.,     1639P   1626
0.994617317,0.19938408,0.,0.994433546,0.199434827,0.,               1639P   1627
0.994292893,0.199528595,0.,0.994152241,0.199622364,0.,              1639P   1628
0.99407612,0.199744878,0.,0.994,0.199867392,0.,0.994,0.2,0.,0.,     1639P   1629
1.,0.,0.,1.;                                                        1639P   1630
100,5.,5.,300.,4.,300.,6.,300.;                                     1641P   1631
126,16,2,1,0,1,0,0.,0.,0.,0.125,0.125,0.25,0.25,0.375,0.375,        1643P   1632
0.5,0.5,0.625,0.625,0.75,0.75,0.875,0.875,1.,1.,1.,1.,1.,1.,1.,     1643P   1633
1.,1.,1.,1.,1.,1.,1.,1.,1.,1.,1.,1.,1.,0.994,0.2,0.,0.994,          1643P   1634
0.200132608,0.,0.99407612,0.200255122,0.,0.994152241,               1643P   1635
0.200377636,0.,0.994292893,0.200471405,0.,0.994433546,              1643P   1636
0.200565173,0.,0.994617317,0.20061592,0.,0.994801088,               1643P   1637
0.200666667,0.,0.995,0.200666667,0.,0.995198912,0.200666667,0.,     1643P   1638
0.995382683,0.20061592,0.,0.995566454,0.200565173,0.,               1643P   1639
0.995707107,0.200471405,0.,0.995847759,0.200377636,0.,              1643P   1640
0.99592388,0.200255122,0.,0.996,0.200132608,0.,0.996,0.2,0.,0.,     1643P   1641
1.,0.,0.,1.;                                                        1643P   1642
100,5.,5.,300.,6.,300.,4.,300.;                                     1645P   1643
102,2,1639,1643;                                                    1647P   1644
102,2,1641,1645;                                                    1649P   1645
142,1,1195,1647,1649,1;                                             1651P   1646
126,16,2,1,0,1,0,0.,0.,0.,0.125,0.125,0.25,0.25,0.375,0.375,        1653P   1647
0.5,0.5,0.625,0.625,0.75,0.75,0.875,0.875,1.,1.,1.,1.,1.,1.,1.,     1653P   1648
1.,1.,1.,1.,1.,1.,1.,1.,1.,1.,1.,1.,1.,0.996,0.8,0.,0.996,          1653P   1649
0.799867392,0.,0.99592388,0.799744878,0.,0.995847759,               1653P   1650
0.799622364,0.,0.995707107,0.799528595,0.,0.995566454,              1653P   1651
0.799434827,0.,0.995382683,0.79938408,0.,0.995198912,               1653P   1652
0.799333333,0.,0.995,0.799333333,0.,0.994801088,0.799333333,0.,     1653P   1653
0.994617317,0.79938408,0.,0.994433546,0.799434827,0.,               1653P   1654
0.994292893,0.799528595,0.,0.994152241,0.799622364,0.,              1653P   1655
0.99407612,0.799744878,0.,0.994,0.799867392,0.,0.994,0.8,0.,0.,     1653P   1656
1.,0.,0.,1.;                                                        1653P   1657
100,5.,5.,1200.,4.,1200.,6.,1200.;                                  1655P   1658
126,16,2,1,0,1,0,0.,0.,0.,0.125,0.125,0.25,0.25,0.375,0.375,        1657P   1659
0.5,0.5,0.625,0.625,0.75,0.75,0.875,0.875,1.,1.,1.,1.,1.,1.,1.,     1657P   1660
1.,1.,1.,1.,1.,1.,1.,1.,1.,1.,1.,1.,1.,0.994,0.8,0.,0.994,          1657P   1661
0.800132608,0.,0.99407612,0.800255122,0.,0.994152241,               1657P   1662
0.800377636,0.,0.994292893,0.800471405,0.,0.994433546,              1657P   1663
0.800565173,0.,0.994617317,0.80061592,0.,0.994801088,               1657P   1664
0.800666667,0.,0.995,0.800666667,0.,0.995198912,0.800666667,0.,     1657P   1665
0.995382683,0.80061592,0.,0.995566454,0.800565173,0.,               1657P   1666
0.995707107,0.800471405,0.,0.995847759,0.800377636,0.,              1657P   1667
0.99592388,0.800255122,0.,0.996,0.800132608,0.,0.996,0.8,0.,0.,     1657P   1668
1.,0.,0.,1.;                                                        1657P   1669
100,5.,5.,1200.,6.,1200.,4.,1200.;                                  1659P   1670
102,2,1653,1657;                                                    1661P   1671
102,2,1655,1659;                                                    1663P   1672
142,1,1195,1661,1663,1;                                             1665P   1673
126,16,2,1,0,1,0,0.,0.,0.,0.125,0.125,0.25,0.25,0.375,0.375,        1667P   1674
0.5,0.5,0.625,0.625,0.75,0.75,0.875,0.875,1.,1.,1.,1.,1.,1.,1.,     1667P   1675
1.,1.,1.,1.,1.,1.,1.,1.,1.,1.,1.,1.,1.,0.006,0.3,0.,0.006,          1667P   1676
0.299867392,0.,0.00592388,0.299744878,0.,0.005847759,               1667P   1677
0.299622364,0.,0.005707107,0.299528595,0.,0.005566454,              1667P   1678
0.299434827,0.,0.005382683,0.29938408,0.,0.005198912,               1667P   1679
0.299333333,0.,0.005,0.299333333,0.,0.004801088,0.299333333,0.,     1667P   1680
0.004617317,0.29938408,0.,0.004433546,0.299434827,0.,               1667P   1681
0.004292893,0.299528595,0.,0.004152241,0.299622364,0.,              1667P   1682
0.00407612,0.299744878,0.,0.004,0.299867392,0.,0.004,0.3,0.,0.,     1667P   1683
1.,0.,0.,1.;                                                        1667P   1684
100,5.,995.,450.,994.,450.,996.,450.;                               1669P   1685
126,16,2,1,0,1,0,0.,0.,0.,0.125,0.125,0.25,0.25,0.375,0.375,        1671P   1686
0.5,0.5,0.625,0.625,0.75,0.75,0.875,0.875,1.,1.,1.,1.,1.,1.,1.,     1671P   1687
1.,1.,1.,1.,1.,1.,1.,1.,1.,1.,1.,1.,1.,0.004,0.3,0.,0.004,          1671P   1688
0.300132608,0.,0.00407612,0.300255122,0.,0.004152241,               1671P   1689
0.300377636,0.,0.004292893,0.300471405,0.,0.004433546,              1671P   1690
0.300565173,0.,0.004617317,0.30061592,0.,0.004801088,               1671P   1691
0.300666667,0.,0.005,0.300666667,0.,0.005198912,0.300666667,0.,     1671P   1692
0.005382683,0.30061592,0.,0.005566454,0.300565173,0.,               1671P   1693
0.005707107,0.300471405,0.,0.005847759,0.300377636,0.,              1671P   1694
0.00592388,0.300255122,0.,0.006,0.300132608,0.,0.006,0.3,0.,0.,     1671P   1695
1.,0.,0.,1.;                                                        1671P   1696
100,5.,995.,450.,996.,450.,994.,450.;                               1673P   1697
102,2,1667,1671;                                                    1675P   1698
102,2,1669,1673;                                                    1677P   1699
142,1,1195,1675,1677,1;                                             1679P   1700
126,16,2,1,0,1,0,0.,0.,0.,0.125,0.125,0.25,0.25,0.375,0.375,        1681P   1701
0.5,0.5,0.625,0.625,0.75,0.75,0.875,0.875,1.,1.,1.,1.,1.,1.,1.,     1681P   1702
1.,1.,1.,1.,1.,1.,1.,1.,1.,1.,1.,1.,1.,0.996,0.01,0.,0.996,         1681P   1703
0.009867392,0.,0.99592388,0.009744878,0.,0.995847759,               1681P   1704
0.009622364,0.,0.995707107,0.009528595,0.,0.995566454,              1681P   1705
0.009434827,0.,0.995382683,0.00938408,0.,0.995198912,               1681P   1706
0.009333333,0.,0.995,0.009333333,0.,0.994801088,0.009333333,0.,     1681P   1707
0.994617317,0.00938408,0.,0.994433546,0.009434827,0.,               1681P   1708
0.994292893,0.009528595,0.,0.994152241,0.009622364,0.,              1681P   1709
0.99407612,0.009744878,0.,0.994,0.009867392,0.,0.994,0.01,0.,       1681P   1710
0.,1.,0.,0.,1.;                                                     1681P   1711
100,5.,5.,15.,4.,15.,6.,15.;                                        1683P   1712
126,16,2,1,0,1,0,0.,0.,0.,0.125,0.125,0.25,0.25,0.375,0.375,        1685P   1713
0.5,0.5,0.625,0.625,0.75,0.75,0.875,0.875,1.,1.,1.,1.,1.,1.,1.,     1685P   1714
1.,1.,1.,1.,1.,1.,1.,1.,1.,1.,1.,1.,1.,0.994,0.01,0.,0.994,         1685P   1715
0.010132608,0.,0.99407612,0.010255122,0.,0.994152241,               1685P   1716
0.010377636,0.,0.994292893,0.010471405,0.,0.994433546,              1685P   1717
0.010565173,0.,0.994617317,0.01061592,0.,0.994801088,               1685P   1718
0.010666667,0.,0.995,0.010666667,0.,0.995198912,0.010666667,0.,     1685P   1719
0.995382683,0.01061592,0.,0.995566454,0.010565173,0.,               1685P   1720
0.995707107,0.010471405,0.,0.995847759,0.010377636,0.,              1685P   1721
0.99592388,0.010255122,0.,0.996,0.010132608,0.,0.996,0.01,0.,       1685P   1722
0.,1.,0.,0.,1.;                                                     1685P   1723
100,5.,5.,15.,6.,15.,4.,15.;                                        1687P   1724
102,2,1681,1685;                                                    1689P   1725
102,2,1683,1687;                                                    1691P   1726
142,1,1195,1689,1691,1;                                             1693P   1727
144,1195,1,34,1217,1231,1245,1259,1273,1287,1301,1315,1329,         1695P   1728
1343,1357,1371,1385,1399,1413,1427,1441,1455,1469,1483,1497,        1695P   1729
1511,1525,1539,1553,1567,1581,1595,1609,1623,1637,1651,1665,        1695P   1730
1679,1693;                                                          1695P   1731
128,1,1,1,1,0,0,1,0,0,0.,0.,1.,1.,0.,0.,1.,1.,1.,1.,1.,1.,          1697P   1732
1000.,0.,0.,0.,0.,0.,1000.,1500.,0.,0.,1500.,0.,0.,1.,0.,1.;        1697P   1733
126,1,1,1,0,1,0,0.,0.,1.,1.,1.,1.,1.,0.,0.,1.,1.,0.,0.,1.,0.,       1699P   1734
0.,1.;                                                              1699P   1735
110,0.,0.,0.,0.,1500.,0.;                                           1701P   1736
126,1,1,1,0,1,0,0.,0.,1.,1.,1.,1.,1.,1.,0.,0.,1.,0.,0.,1.,0.,       1703P   1737
0.,1.;                                                              1703P   1738
110,0.,1500.,0.,1000.,1500.,0.;                                     1705P   1739
126,1,1,1,0,1,0,0.,0.,1.,1.,1.,1.,0.,1.,0.,0.,0.,0.,0.,1.,0.,       1707P   1740
0.,1.;                                                              1707P   1741
110,1000.,1500.,0.,1000.,0.,0.;                                     1709P   1742
126,1,1,1,0,1,0,0.,0.,1.,1.,1.,1.,0.,0.,0.,1.,0.,0.,0.,1.,0.,       1711P   1743
0.,1.;                                                              1711P   1744
110,1000.,0.,0.,0.,0.,0.;                                           1713P   1745
102,4,1699,1703,1707,1711;                                          1715P   1746
102,4,1701,1705,1709,1713;                                          1717P   1747
142,1,1697,1715,1717,1;                                             1719P   1748
126,16,2,1,0,1,0,0.,0.,0.,0.125,0.125,0.25,0.25,0.375,0.375,        1721P   1749
0.5,0.5,0.625,0.625,0.75,0.75,0.875,0.875,1.,1.,1.,1.,1.,1.,1.,     1721P   1750
1.,1.,1.,1.,1.,1.,1.,1.,1.,1.,1.,1.,1.,0.994,0.7,0.,0.994,          1721P   1751
0.700132608,0.,0.99407612,0.700255122,0.,0.994152241,               1721P   1752
0.700377636,0.,0.994292893,0.700471405,0.,0.994433546,              1721P   1753
0.700565173,0.,0.994617317,0.70061592,0.,0.994801088,               1721P   1754
0.700666667,0.,0.995,0.700666667,0.,0.995198912,0.700666667,0.,     1721P   1755
0.995382683,0.70061592,0.,0.995566454,0.700565173,0.,               1721P   1756
0.995707107,0.700471405,0.,0.995847759,0.700377636,0.,              1721P   1757
0.99592388,0.700255122,0.,0.996,0.700132608,0.,0.996,0.7,0.,0.,     1721P   1758
1.,0.,0.,1.;                                                        1721P   1759
100,0.,5.,1050.,6.,1050.,4.,1050.;                                  1723P   1760
126,16,2,1,0,1,0,0.,0.,0.,0.125,0.125,0.25,0.25,0.375,0.375,        1725P   1761
0.5,0.5,0.625,0.625,0.75,0.75,0.875,0.875,1.,1.,1.,1.,1.,1.,1.,     1725P   1762
1.,1.,1.,1.,1.,1.,1.,1.,1.,1.,1.,1.,1.,0.996,0.7,0.,0.996,          1725P   1763
0.699867392,0.,0.99592388,0.699744878,0.,0.995847759,               1725P   1764
0.699622364,0.,0.995707107,0.699528595,0.,0.995566454,              1725P   1765
0.699434827,0.,0.995382683,0.69938408,0.,0.995198912,               1725P   1766
0.699333333,0.,0.995,0.699333333,0.,0.994801088,0.699333333,0.,     1725P   1767
0.994617317,0.69938408,0.,0.994433546,0.699434827,0.,               1725P   1768
0.994292893,0.699528595,0.,0.994152241,0.699622364,0.,              1725P   1769
0.99407612,0.699744878,0.,0.994,0.699867392,0.,0.994,0.7,0.,0.,     1725P   1770
1.,0.,0.,1.;                                                        1725P   1771
100,0.,5.,1050.,4.,1050.,6.,1050.;                                  1727P   1772
102,2,1721,1725;                                                    1729P   1773
102,2,1723,1727;                                                    1731P   1774
142,1,1697,1729,1731,1;                                             1733P   1775
126,16,2,1,0,1,0,0.,0.,0.,0.125,0.125,0.25,0.25,0.375,0.375,        1735P   1776
0.5,0.5,0.625,0.625,0.75,0.75,0.875,0.875,1.,1.,1.,1.,1.,1.,1.,     1735P   1777
1.,1.,1.,1.,1.,1.,1.,1.,1.,1.,1.,1.,1.,0.399,0.996666667,0.,        1735P   1778
0.399,0.996799275,0.,0.39907612,0.996921789,0.,0.399152241,         1735P   1779
0.997044303,0.,0.399292893,0.997138071,0.,0.399433546,              1735P   1780
0.997231839,0.,0.399617317,0.997282586,0.,0.399801088,              1735P   1781
0.997333333,0.,0.4,0.997333333,0.,0.400198912,0.997333333,0.,       1735P   1782
0.400382683,0.997282586,0.,0.400566454,0.997231839,0.,              1735P   1783
0.400707107,0.997138071,0.,0.400847759,0.997044303,0.,              1735P   1784
0.40092388,0.996921789,0.,0.401,0.996799275,0.,0.401,               1735P   1785
0.996666667,0.,0.,1.,0.,0.,1.;                                      1735P   1786
100,0.,600.,1495.,601.,1495.,599.,1495.;                            1737P   1787
126,16,2,1,0,1,0,0.,0.,0.,0.125,0.125,0.25,0.25,0.375,0.375,        1739P   1788
0.5,0.5,0.625,0.625,0.75,0.75,0.875,0.875,1.,1.,1.,1.,1.,1.,1.,     1739P   1789
1.,1.,1.,1.,1.,1.,1.,1.,1.,1.,1.,1.,1.,0.401,0.996666667,0.,        1739P   1790
0.401,0.996534058,0.,0.40092388,0.996411544,0.,0.400847759,         1739P   1791
0.99628903,0.,0.400707107,0.996195262,0.,0.400566454,               1739P   1792
0.996101494,0.,0.400382683,0.996050747,0.,0.400198912,0.996,0.,     1739P   1793
0.4,0.996,0.,0.399801088,0.996,0.,0.399617317,0.996050747,0.,       1739P   1794
0.399433546,0.996101494,0.,0.399292893,0.996195262,0.,              1739P   1795
0.399152241,0.99628903,0.,0.39907612,0.996411544,0.,0.399,          1739P   1796
0.996534058,0.,0.399,0.996666667,0.,0.,1.,0.,0.,1.;                 1739P   1797
100,0.,600.,1495.,599.,1495.,601.,1495.;                            1741P   1798
102,2,1735,1739;                                                    1743P   1799
102,2,1737,1741;                                                    1745P   1800
142,1,1697,1743,1745,1;                                             1747P   1801
126,16,2,1,0,1,0,0.,0.,0.,0.125,0.125,0.25,0.25,0.375,0.375,        1749P   1802
0.5,0.5,0.625,0.625,0.75,0.75,0.875,0.875,1.,1.,1.,1.,1.,1.,1.,     1749P   1803
1.,1.,1.,1.,1.,1.,1.,1.,1.,1.,1.,1.,1.,0.399,0.003333333,0.,        1749P   1804
0.399,0.003465942,0.,0.39907612,0.003588456,0.,0.399152241,         1749P   1805
0.00371097,0.,0.399292893,0.003804738,0.,0.399433546,               1749P   1806
0.003898506,0.,0.399617317,0.003949253,0.,0.399801088,0.004,0.,     1749P   1807
0.4,0.004,0.,0.400198912,0.004,0.,0.400382683,0.003949253,0.,       1749P   1808
0.400566454,0.003898506,0.,0.400707107,0.003804738,0.,              1749P   1809
0.400847759,0.00371097,0.,0.40092388,0.003588456,0.,0.401,          1749P   1810
0.003465942,0.,0.401,0.003333333,0.,0.,1.,0.,0.,1.;                 1749P   1811
100,0.,600.,5.,601.,5.,599.,5.;                                     1751P   1812
126,16,2,1,0,1,0,0.,0.,0.,0.125,0.125,0.25,0.25,0.375,0.375,        1753P   1813
0.5,0.5,0.625,0.625,0.75,0.75,0.875,0.875,1.,1.,1.,1.,1.,1.,1.,     1753P   1814
1.,1.,1.,1.,1.,1.,1.,1.,1.,1.,1.,1.,1.,0.401,0.003333333,0.,        1753P   1815
0.401,0.003200725,0.,0.40092388,0.003078211,0.,0.400847759,         1753P   1816
0.002955697,0.,0.400707107,0.002861929,0.,0.400566454,              1753P   1817
0.002768161,0.,0.400382683,0.002717414,0.,0.400198912,              1753P   1818
0.002666667,0.,0.4,0.002666667,0.,0.399801088,0.002666667,0.,       1753P   1819
0.399617317,0.002717414,0.,0.399433546,0.002768161,0.,              1753P   1820
0.399292893,0.002861929,0.,0.399152241,0.002955697,0.,              1753P   1821
0.39907612,0.003078211,0.,0.399,0.003200725,0.,0.399,               1753P   1822
0.003333333,0.,0.,1.,0.,0.,1.;                                      1753P   1823
100,0.,600.,5.,599.,5.,601.,5.;                                     1755P   1824
102,2,1749,1753;                                                    1757P   1825
102,2,1751,1755;                                                    1759P   1826
142,1,1697,1757,1759,1;                                             1761P   1827
126,16,2,1,0,1,0,0.,0.,0.,0.125,0.125,0.25,0.25,0.375,0.375,        1763P   1828
0.5,0.5,0.625,0.625,0.75,0.75,0.875,0.875,1.,1.,1.,1.,1.,1.,1.,     1763P   1829
1.,1.,1.,1.,1.,1.,1.,1.,1.,1.,1.,1.,1.,0.984,0.003333333,0.,        1763P   1830
0.984,0.003465942,0.,0.98407612,0.003588456,0.,0.984152241,         1763P   1831
0.00371097,0.,0.984292893,0.003804738,0.,0.984433546,               1763P   1832
0.003898506,0.,0.984617317,0.003949253,0.,0.984801088,0.004,0.,     1763P   1833
0.985,0.004,0.,0.985198912,0.004,0.,0.985382683,0.003949253,0.,     1763P   1834
0.985566454,0.003898506,0.,0.985707107,0.003804738,0.,              1763P   1835
0.985847759,0.00371097,0.,0.98592388,0.003588456,0.,0.986,          1763P   1836
0.003465942,0.,0.986,0.003333333,0.,0.,1.,0.,0.,1.;                 1763P   1837
100,0.,15.,5.,16.,5.,14.,5.;                                        1765P   1838
126,16,2,1,0,1,0,0.,0.,0.,0.125,0.125,0.25,0.25,0.375,0.375,        1767P   1839
0.5,0.5,0.625,0.625,0.75,0.75,0.875,0.875,1.,1.,1.,1.,1.,1.,1.,     1767P   1840
1.,1.,1.,1.,1.,1.,1.,1.,1.,1.,1.,1.,1.,0.986,0.003333333,0.,        1767P   1841
0.986,0.003200725,0.,0.98592388,0.003078211,0.,0.985847759,         1767P   1842
0.002955697,0.,0.985707107,0.002861929,0.,0.985566454,              1767P   1843
0.002768161,0.,0.985382683,0.002717414,0.,0.985198912,              1767P   1844
0.002666667,0.,0.985,0.002666667,0.,0.984801088,0.002666667,0.,     1767P   1845
0.984617317,0.002717414,0.,0.984433546,0.002768161,0.,              1767P   1846
0.984292893,0.002861929,0.,0.984152241,0.002955697,0.,              1767P   1847
0.98407612,0.003078211,0.,0.984,0.003200725,0.,0.984,               1767P   1848
0.003333333,0.,0.,1.,0.,0.,1.;                                      1767P   1849
100,0.,15.,5.,14.,5.,16.,5.;                                        1769P   1850
102,2,1763,1767;                                                    1771P   1851
102,2,1765,1769;                                                    1773P   1852
142,1,1697,1771,1773,1;                                             1775P   1853
126,16,2,1,0,1,0,0.,0.,0.,0.125,0.125,0.25,0.25,0.375,0.375,        1777P   1854
0.5,0.5,0.625,0.625,0.75,0.75,0.875,0.875,1.,1.,1.,1.,1.,1.,1.,     1777P   1855
1.,1.,1.,1.,1.,1.,1.,1.,1.,1.,1.,1.,1.,0.004,0.9,0.,0.004,          1777P   1856
0.900132608,0.,0.00407612,0.900255122,0.,0.004152241,               1777P   1857
0.900377636,0.,0.004292893,0.900471405,0.,0.004433546,              1777P   1858
0.900565173,0.,0.004617317,0.90061592,0.,0.004801088,               1777P   1859
0.900666667,0.,0.005,0.900666667,0.,0.005198912,0.900666667,0.,     1777P   1860
0.005382683,0.90061592,0.,0.005566454,0.900565173,0.,               1777P   1861
0.005707107,0.900471405,0.,0.005847759,0.900377636,0.,              1777P   1862
0.00592388,0.900255122,0.,0.006,0.900132608,0.,0.006,0.9,0.,0.,     1777P   1863
1.,0.,0.,1.;                                                        1777P   1864
100,0.,995.,1350.,996.,1350.,994.,1350.;                            1779P   1865
126,16,2,1,0,1,0,0.,0.,0.,0.125,0.125,0.25,0.25,0.375,0.375,        1781P   1866
0.5,0.5,0.625,0.625,0.75,0.75,0.875,0.875,1.,1.,1.,1.,1.,1.,1.,     1781P   1867
1.,1.,1.,1.,1.,1.,1.,1.,1.,1.,1.,1.,1.,0.006,0.9,0.,0.006,          1781P   1868
0.899867392,0.,0.00592388,0.899744878,0.,0.005847759,               1781P   1869
0.899622364,0.,0.005707107,0.899528595,0.,0.005566454,              1781P   1870
0.899434827,0.,0.005382683,0.89938408,0.,0.005198912,               1781P   1871
0.899333333,0.,0.005,0.899333333,0.,0.004801088,0.899333333,0.,     1781P   1872
0.004617317,0.89938408,0.,0.004433546,0.899434827,0.,               1781P   1873
0.004292893,0.899528595,0.,0.004152241,0.899622364,0.,              1781P   1874
0.00407612,0.899744878,0.,0.004,0.899867392,0.,0.004,0.9,0.,0.,     1781P   1875
1.,0.,0.,1.;                                                        1781P   1876
100,0.,995.,1350.,994.,1350.,996.,1350.;                            1783P   1877
102,2,1777,1781;                                                    1785P   1878
102,2,1779,1783;                                                    1787P   1879
142,1,1697,1785,1787,1;                                             1789P   1880
126,16,2,1,0,1,0,0.,0.,0.,0.125,0.125,0.25,0.25,0.375,0.375,        1791P   1881
0.5,0.5,0.625,0.625,0.75,0.75,0.875,0.875,1.,1.,1.,1.,1.,1.,1.,     1791P   1882
1.,1.,1.,1.,1.,1.,1.,1.,1.,1.,1.,1.,1.,0.994,0.99,0.,0.994,         1791P   1883
0.990132608,0.,0.99407612,0.990255122,0.,0.994152241,               1791P   1884
0.990377636,0.,0.994292893,0.990471405,0.,0.994433546,              1791P   1885
0.990565173,0.,0.994617317,0.99061592,0.,0.994801088,               1791P   1886
0.990666667,0.,0.995,0.990666667,0.,0.995198912,0.990666667,0.,     1791P   1887
0.995382683,0.99061592,0.,0.995566454,0.990565173,0.,               1791P   1888
0.995707107,0.990471405,0.,0.995847759,0.990377636,0.,              1791P   1889
0.99592388,0.990255122,0.,0.996,0.990132608,0.,0.996,0.99,0.,       1791P   1890
0.,1.,0.,0.,1.;                                                     1791P   1891
100,0.,5.,1485.,6.,1485.,4.,1485.;                                  1793P   1892
126,16,2,1,0,1,0,0.,0.,0.,0.125,0.125,0.25,0.25,0.375,0.375,        1795P   1893
0.5,0.5,0.625,0.625,0.75,0.75,0.875,0.875,1.,1.,1.,1.,1.,1.,1.,     1795P   1894
1.,1.,1.,1.,1.,1.,1.,1.,1.,1.,1.,1.,1.,0.996,0.99,0.,0.996,         1795P   1895
0.989867392,0.,0.99592388,0.989744878,0.,0.995847759,               1795P   1896
0.989622364,0.,0.995707107,0.989528595,0.,0.995566454,              1795P   1897
0.989434827,0.,0.995382683,0.98938408,0.,0.995198912,               1795P   1898
0.989333333,0.,0.995,0.989333333,0.,0.994801088,0.989333333,0.,     1795P   1899
0.994617317,0.98938408,0.,0.994433546,0.989434827,0.,               1795P   1900
0.994292893,0.989528595,0.,0.994152241,0.989622364,0.,              1795P   1901
0.99407612,0.989744878,0.,0.994,0.989867392,0.,0.994,0.99,0.,       1795P   1902
0.,1.,0.,0.,1.;                                                     1795P   1903
100,0.,5.,1485.,4.,1485.,6.,1485.;                                  1797P   1904
102,2,1791,1795;                                                    1799P   1905
102,2,1793,1797;                                                    1801P   1906
142,1,1697,1799,1801,1;                                             1803P   1907
126,16,2,1,0,1,0,0.,0.,0.,0.125,0.125,0.25,0.25,0.375,0.375,        1805P   1908
0.5,0.5,0.625,0.625,0.75,0.75,0.875,0.875,1.,1.,1.,1.,1.,1.,1.,     1805P   1909
1.,1.,1.,1.,1.,1.,1.,1.,1.,1.,1.,1.,1.,0.004,0.99,0.,0.004,         1805P   1910
0.990132608,0.,0.00407612,0.990255122,0.,0.004152241,               1805P   1911
0.990377636,0.,0.004292893,0.990471405,0.,0.004433546,              1805P   1912
0.990565173,0.,0.004617317,0.99061592,0.,0.004801088,               1805P   1913
0.990666667,0.,0.005,0.990666667,0.,0.005198912,0.990666667,0.,     1805P   1914
0.005382683,0.99061592,0.,0.005566454,0.990565173,0.,               1805P   1915
0.005707107,0.990471405,0.,0.005847759,0.990377636,0.,              1805P   1916
0.00592388,0.990255122,0.,0.006,0.990132608,0.,0.006,0.99,0.,       1805P   1917
0.,1.,0.,0.,1.;                                                     1805P   1918
100,0.,995.,1485.,996.,1485.,994.,1485.;                            1807P   1919
126,16,2,1,0,1,0,0.,0.,0.,0.125,0.125,0.25,0.25,0.375,0.375,        1809P   1920
0.5,0.5,0.625,0.625,0.75,0.75,0.875,0.875,1.,1.,1.,1.,1.,1.,1.,     1809P   1921
1.,1.,1.,1.,1.,1.,1.,1.,1.,1.,1.,1.,1.,0.006,0.99,0.,0.006,         1809P   1922
0.989867392,0.,0.00592388,0.989744878,0.,0.005847759,               1809P   1923
0.989622364,0.,0.005707107,0.989528595,0.,0.005566454,              1809P   1924
0.989434827,0.,0.005382683,0.98938408,0.,0.005198912,               1809P   1925
0.989333333,0.,0.005,0.989333333,0.,0.004801088,0.989333333,0.,     1809P   1926
0.004617317,0.98938408,0.,0.004433546,0.989434827,0.,               1809P   1927
0.004292893,0.989528595,0.,0.004152241,0.989622364,0.,              1809P   1928
0.00407612,0.989744878,0.,0.004,0.989867392,0.,0.004,0.99,0.,       1809P   1929
0.,1.,0.,0.,1.;                                                     1809P   1930
100,0.,995.,1485.,994.,1485.,996.,1485.;                            1811P   1931
102,2,1805,1809;                                                    1813P   1932
102,2,1807,1811;                                                    1815P   1933
142,1,1697,1813,1815,1;                                             1817P   1934
126,16,2,1,0,1,0,0.,0.,0.,0.125,0.125,0.25,0.25,0.375,0.375,        1819P   1935
0.5,0.5,0.625,0.625,0.75,0.75,0.875,0.875,1.,1.,1.,1.,1.,1.,1.,     1819P   1936
1.,1.,1.,1.,1.,1.,1.,1.,1.,1.,1.,1.,1.,0.014,0.003333333,0.,        1819P   1937
0.014,0.003465942,0.,0.01407612,0.003588456,0.,0.014152241,         1819P   1938
0.00371097,0.,0.014292893,0.003804738,0.,0.014433546,               1819P   1939
0.003898506,0.,0.014617317,0.003949253,0.,0.014801088,0.004,0.,     1819P   1940
0.015,0.004,0.,0.015198912,0.004,0.,0.015382683,0.003949253,0.,     1819P   1941
0.015566454,0.003898506,0.,0.015707107,0.003804738,0.,              1819P   1942
0.015847759,0.00371097,0.,0.01592388,0.003588456,0.,0.016,          1819P   1943
0.003465942,0.,0.016,0.003333333,0.,0.,1.,0.,0.,1.;                 1819P   1944
100,0.,985.,5.,986.,5.,984.,5.;                                     1821P   1945
126,16,2,1,0,1,0,0.,0.,0.,0.125,0.125,0.25,0.25,0.375,0.375,        1823P   1946
0.5,0.5,0.625,0.625,0.75,0.75,0.875,0.875,1.,1.,1.,1.,1.,1.,1.,     1823P   1947
1.,1.,1.,1.,1.,1.,1.,1.,1.,1.,1.,1.,1.,0.016,0.003333333,0.,        1823P   1948
0.016,0.003200725,0.,0.01592388,0.003078211,0.,0.015847759,         1823P   1949
0.002955697,0.,0.015707107,0.002861929,0.,0.015566454,              1823P   1950
0.002768161,0.,0.015382683,0.002717414,0.,0.015198912,              1823P   1951
0.002666667,0.,0.015,0.002666667,0.,0.014801088,0.002666667,0.,     1823P   1952
0.014617317,0.002717414,0.,0.014433546,0.002768161,0.,              1823P   1953
0.014292893,0.002861929,0.,0.014152241,0.002955697,0.,              1823P   1954
0.01407612,0.003078211,0.,0.014,0.003200725,0.,0.014,               1823P   1955
0.003333333,0.,0.,1.,0.,0.,1.;                                      1823P   1956
100,0.,985.,5.,984.,5.,986.,5.;                                     1825P   1957
102,2,1819,1823;                                                    1827P   1958
102,2,1821,1825;                                                    1829P   1959
142,1,1697,1827,1829,1;                                             1831P   1960
126,16,2,1,0,1,0,0.,0.,0.,0.125,0.125,0.25,0.25,0.375,0.375,        1833P   1961
0.5,0.5,0.625,0.625,0.75,0.75,0.875,0.875,1.,1.,1.,1.,1.,1.,1.,     1833P   1962
1.,1.,1.,1.,1.,1.,1.,1.,1.,1.,1.,1.,1.,0.994,0.5,0.,0.994,          1833P   1963
0.500132608,0.,0.99407612,0.500255122,0.,0.994152241,               1833P   1964
0.500377636,0.,0.994292893,0.500471405,0.,0.994433546,              1833P   1965
0.500565173,0.,0.994617317,0.50061592,0.,0.994801088,               1833P   1966
0.500666667,0.,0.995,0.500666667,0.,0.995198912,0.500666667,0.,     1833P   1967
0.995382683,0.50061592,0.,0.995566454,0.500565173,0.,               1833P   1968
0.995707107,0.500471405,0.,0.995847759,0.500377636,0.,              1833P   1969
0.99592388,0.500255122,0.,0.996,0.500132608,0.,0.996,0.5,0.,0.,     1833P   1970
1.,0.,0.,1.;                                                        1833P   1971
100,0.,5.,750.,6.,750.,4.,750.;                                     1835P   1972
126,16,2,1,0,1,0,0.,0.,0.,0.125,0.125,0.25,0.25,0.375,0.375,        1837P   1973
0.5,0.5,0.625,0.625,0.75,0.75,0.875,0.875,1.,1.,1.,1.,1.,1.,1.,     1837P   1974
1.,1.,1.,1.,1.,1.,1.,1.,1.,1.,1.,1.,1.,0.996,0.5,0.,0.996,          1837P   1975
0.499867392,0.,0.99592388,0.499744878,0.,0.995847759,               1837P   1976
0.499622364,0.,0.995707107,0.499528595,0.,0.995566454,              1837P   1977
0.499434827,0.,0.995382683,0.49938408,0.,0.995198912,               1837P   1978
0.499333333,0.,0.995,0.499333333,0.,0.994801088,0.499333333,0.,     1837P   1979
0.994617317,0.49938408,0.,0.994433546,0.499434827,0.,               1837P   1980
0.994292893,0.499528595,0.,0.994152241,0.499622364,0.,              1837P   1981
0.99407612,0.499744878,0.,0.994,0.499867392,0.,0.994,0.5,0.,0.,     1837P   1982
1.,0.,0.,1.;                                                        1837P   1983
100,0.,5.,750.,4.,750.,6.,750.;                                     1839P   1984
102,2,1833,1837;                                                    1841P   1985
102,2,1835,1839;                                                    1843P   1986
142,1,1697,1841,1843,1;                                             1845P   1987
126,16,2,1,0,1,0,0.,0.,0.,0.125,0.125,0.25,0.25,0.375,0.375,        1847P   1988
0.5,0.5,0.625,0.625,0.75,0.75,0.875,0.875,1.,1.,1.,1.,1.,1.,1.,     1847P   1989
1.,1.,1.,1.,1.,1.,1.,1.,1.,1.,1.,1.,1.,0.994,0.3,0.,0.994,          1847P   1990
0.300132608,0.,0.99407612,0.300255122,0.,0.994152241,               1847P   1991
0.300377636,0.,0.994292893,0.300471405,0.,0.994433546,              1847P   1992
0.300565173,0.,0.994617317,0.30061592,0.,0.994801088,               1847P   1993
0.300666667,0.,0.995,0.300666667,0.,0.995198912,0.300666667,0.,     1847P   1994
0.995382683,0.30061592,0.,0.995566454,0.300565173,0.,               1847P   1995
0.995707107,0.300471405,0.,0.995847759,0.300377636,0.,              1847P   1996
0.99592388,0.300255122,0.,0.996,0.300132608,0.,0.996,0.3,0.,0.,     1847P   1997
1.,0.,0.,1.;                                                        1847P   1998
100,0.,5.,450.,6.,450.,4.,450.;                                     1849P   1999
126,16,2,1,0,1,0,0.,0.,0.,0.125,0.125,0.25,0.25,0.375,0.375,        1851P   2000
0.5,0.5,0.625,0.625,0.75,0.75,0.875,0.875,1.,1.,1.,1.,1.,1.,1.,     1851P   2001
1.,1.,1.,1.,1.,1.,1.,1.,1.,1.,1.,1.,1.,0.996,0.3,0.,0.996,          1851P   2002
0.299867392,0.,0.99592388,0.299744878,0.,0.995847759,               1851P   2003
0.299622364,0.,0.995707107,0.299528595,0.,0.995566454,              1851P   2004
0.299434827,0.,0.995382683,0.29938408,0.,0.995198912,               1851P   2005
0.299333333,0.,0.995,0.299333333,0.,0.994801088,0.299333333,0.,     1851P   2006
0.994617317,0.29938408,0.,0.994433546,0.299434827,0.,               1851P   2007
0.994292893,0.299528595,0.,0.994152241,0.299622364,0.,              1851P   2008
0.99407612,0.299744878,0.,0.994,0.299867392,0.,0.994,0.3,0.,0.,     1851P   2009
1.,0.,0.,1.;                                                        1851P   2010
100,0.,5.,450.,4.,450.,6.,450.;                                     1853P   2011
102,2,1847,1851;                                                    1855P   2012
102,2,1849,1853;                                                    1857P   2013
142,1,1697,1855,1857,1;                                             1859P   2014
126,16,2,1,0,1,0,0.,0.,0.,0.125,0.125,0.25,0.25,0.375,0.375,        1861P   2015
0.5,0.5,0.625,0.625,0.75,0.75,0.875,0.875,1.,1.,1.,1.,1.,1.,1.,     1861P   2016
1.,1.,1.,1.,1.,1.,1.,1.,1.,1.,1.,1.,1.,0.994,0.4,0.,0.994,          1861P   2017
0.400132608,0.,0.99407612,0.400255122,0.,0.994152241,               1861P   2018
0.400377636,0.,0.994292893,0.400471405,0.,0.994433546,              1861P   2019
0.400565173,0.,0.994617317,0.40061592,0.,0.994801088,               1861P   2020
0.400666667,0.,0.995,0.400666667,0.,0.995198912,0.400666667,0.,     1861P   2021
0.995382683,0.40061592,0.,0.995566454,0.400565173,0.,               1861P   2022
0.995707107,0.400471405,0.,0.995847759,0.400377636,0.,              1861P   2023
0.99592388,0.400255122,0.,0.996,0.400132608,0.,0.996,0.4,0.,0.,     1861P   2024
1.,0.,0.,1.;                                                        1861P   2025
100,0.,5.,600.,6.,600.,4.,600.;                                     1863P   2026
126,16,2,1,0,1,0,0.,0.,0.,0.125,0.125,0.25,0.25,0.375,0.375,        1865P   2027
0.5,0.5,0.625,0.625,0.75,0.75,0.875,0.875,1.,1.,1.,1.,1.,1.,1.,     1865P   2028
1.,1.,1.,1.,1.,1.,1.,1.,1.,1.,1.,1.,1.,0.996,0.4,0.,0.996,          1865P   2029
0.399867392,0.,0.99592388,0.399744878,0.,0.995847759,               1865P   2030
0.399622364,0.,0.995707107,0.399528595,0.,0.995566454,              1865P   2031
0.399434827,0.,0.995382683,0.39938408,0.,0.995198912,               1865P   2032
0.399333333,0.,0.995,0.399333333,0.,0.994801088,0.399333333,0.,     1865P   2033
0.994617317,0.39938408,0.,0.994433546,0.399434827,0.,               1865P   2034
0.994292893,0.399528595,0.,0.994152241,0.399622364,0.,              1865P   2035
0.99407612,0.399744878,0.,0.994,0.399867392,0.,0.994,0.4,0.,0.,     1865P   2036
1.,0.,0.,1.;                                                        1865P   2037
100,0.,5.,600.,4.,600.,6.,600.;                                     1867P   2038
102,2,1861,1865;                                                    1869P   2039
102,2,1863,1867;                                                    1871P   2040
142,1,1697,1869,1871,1;                                             1873P   2041
126,16,2,1,0,1,0,0.,0.,0.,0.125,0.125,0.25,0.25,0.375,0.375,        1875P   2042
0.5,0.5,0.625,0.625,0.75,0.75,0.875,0.875,1.,1.,1.,1.,1.,1.,1.,     1875P   2043
1.,1.,1.,1.,1.,1.,1.,1.,1.,1.,1.,1.,1.,0.994,0.6,0.,0.994,          1875P   2044
0.600132608,0.,0.99407612,0.600255122,0.,0.994152241,               1875P   2045
0.600377636,0.,0.994292893,0.600471405,0.,0.994433546,              1875P   2046
0.600565173,0.,0.994617317,0.60061592,0.,0.994801088,               1875P   2047
0.600666667,0.,0.995,0.600666667,0.,0.995198912,0.600666667,0.,     1875P   2048
0.995382683,0.60061592,0.,0.995566454,0.600565173,0.,               1875P   2049
0.995707107,0.600471405,0.,0.995847759,0.600377636,0.,              1875P   2050
0.99592388,0.600255122,0.,0.996,0.600132608,0.,0.996,0.6,0.,0.,     1875P   2051
1.,0.,0.,1.;                                                        1875P   2052
100,0.,5.,900.,6.,900.,4.,900.;                                     1877P   2053
126,16,2,1,0,1,0,0.,0.,0.,0.125,0.125,0.25,0.25,0.375,0.375,        1879P   2054
0.5,0.5,0.625,0.625,0.75,0.75,0.875,0.875,1.,1.,1.,1.,1.,1.,1.,     1879P   2055
1.,1.,1.,1.,1.,1.,1.,1.,1.,1.,1.,1.,1.,0.996,0.6,0.,0.996,          1879P   2056
0.599867392,0.,0.99592388,0.599744878,0.,0.995847759,               1879P   2057
0.599622364,0.,0.995707107,0.599528595,0.,0.995566454,              1879P   2058
0.599434827,0.,0.995382683,0.59938408,0.,0.995198912,               1879P   2059
0.599333333,0.,0.995,0.599333333,0.,0.994801088,0.599333333,0.,     1879P   2060
0.994617317,0.59938408,0.,0.994433546,0.599434827,0.,               1879P   2061
0.994292893,0.599528595,0.,0.994152241,0.599622364,0.,              1879P   2062
0.99407612,0.599744878,0.,0.994,0.599867392,0.,0.994,0.6,0.,0.,     1879P   2063
1.,0.,0.,1.;                                                        1879P   2064
100,0.,5.,900.,4.,900.,6.,900.;                                     1881P   2065
102,2,1875,1879;                                                    1883P   2066
102,2,1877,1881;                                                    1885P   2067
142,1,1697,1883,1885,1;                                             1887P   2068
126,16,2,1,0,1,0,0.,0.,0.,0.125,0.125,0.25,0.25,0.375,0.375,        1889P   2069
0.5,0.5,0.625,0.625,0.75,0.75,0.875,0.875,1.,1.,1.,1.,1.,1.,1.,     1889P   2070
1.,1.,1.,1.,1.,1.,1.,1.,1.,1.,1.,1.,1.,0.004,0.7,0.,0.004,          1889P   2071
0.700132608,0.,0.00407612,0.700255122,0.,0.004152241,               1889P   2072
0.700377636,0.,0.004292893,0.700471405,0.,0.004433546,              1889P   2073
0.700565173,0.,0.004617317,0.70061592,0.,0.004801088,               1889P   2074
0.700666667,0.,0.005,0.700666667,0.,0.005198912,0.700666667,0.,     1889P   2075
0.005382683,0.70061592,0.,0.005566454,0.700565173,0.,               1889P   2076
0.005707107,0.700471405,0.,0.005847759,0.700377636,0.,              1889P   2077
0.00592388,0.700255122,0.,0.006,0.700132608,0.,0.006,0.7,0.,0.,     1889P   2078
1.,0.,0.,1.;                                                        1889P   2079
100,0.,995.,1050.,996.,1050.,994.,1050.;                            1891P   2080
126,16,2,1,0,1,0,0.,0.,0.,0.125,0.125,0.25,0.25,0.375,0.375,        1893P   2081
0.5,0.5,0.625,0.625,0.75,0.75,0.875,0.875,1.,1.,1.,1.,1.,1.,1.,     1893P   2082
1.,1.,1.,1.,1.,1.,1.,1.,1.,1.,1.,1.,1.,0.006,0.7,0.,0.006,          1893P   2083
0.699867392,0.,0.00592388,0.699744878,0.,0.005847759,               1893P   2084
0.699622364,0.,0.005707107,0.699528595,0.,0.005566454,              1893P   2085
0.699434827,0.,0.005382683,0.69938408,0.,0.005198912,               1893P   2086
0.699333333,0.,0.005,0.699333333,0.,0.004801088,0.699333333,0.,     1893P   2087
0.004617317,0.69938408,0.,0.004433546,0.699434827,0.,               1893P   2088
0.004292893,0.699528595,0.,0.004152241,0.699622364,0.,              1893P   2089
0.00407612,0.699744878,0.,0.004,0.699867392,0.,0.004,0.7,0.,0.,     1893P   2090
1.,0.,0.,1.;                                                        1893P   2091
100,0.,995.,1050.,994.,1050.,996.,1050.;                            1895P   2092
102,2,1889,1893;                                                    1897P   2093
102,2,1891,1895;                                                    1899P   2094
142,1,1697,1897,1899,1;                                             1901P   2095
126,16,2,1,0,1,0,0.,0.,0.,0.125,0.125,0.25,0.25,0.375,0.375,        1903P   2096
0.5,0.5,0.625,0.625,0.75,0.75,0.875,0.875,1.,1.,1.,1.,1.,1.,1.,     1903P   2097
1.,1.,1.,1.,1.,1.,1.,1.,1.,1.,1.,1.,1.,0.004,0.6,0.,0.004,          1903P   2098
0.600132608,0.,0.00407612,0.600255122,0.,0.004152241,               1903P   2099
0.600377636,0.,0.004292893,0.600471405,0.,0.004433546,              1903P   2100
0.600565173,0.,0.004617317,0.60061592,0.,0.004801088,               1903P   2101
0.600666667,0.,0.005,0.600666667,0.,0.005198912,0.600666667,0.,     1903P   2102
0.005382683,0.60061592,0.,0.005566454,0.600565173,0.,               1903P   2103
0.005707107,0.600471405,0.,0.005847759,0.600377636,0.,              1903P   2104
0.00592388,0.600255122,0.,0.006,0.600132608,0.,0.006,0.6,0.,0.,     1903P   2105
1.,0.,0.,1.;                                                        1903P   2106
100,0.,995.,900.,996.,900.,994.,900.;                               1905P   2107
126,16,2,1,0,1,0,0.,0.,0.,0.125,0.125,0.25,0.25,0.375,0.375,        1907P   2108
0.5,0.5,0.625,0.625,0.75,0.75,0.875,0.875,1.,1.,1.,1.,1.,1.,1.,     1907P   2109
1.,1.,1.,1.,1.,1.,1.,1.,1.,1.,1.,1.,1.,0.006,0.6,0.,0.006,          1907P   2110
0.599867392,0.,0.00592388,0.599744878,0.,0.005847759,               1907P   2111
0.599622364,0.,0.005707107,0.599528595,0.,0.005566454,              1907P   2112
0.599434827,0.,0.005382683,0.59938408,0.,0.005198912,               1907P   2113
0.599333333,0.,0.005,0.599333333,0.,0.004801088,0.599333333,0.,     1907P   2114
0.004617317,0.59938408,0.,0.004433546,0.599434827,0.,               1907P   2115
0.004292893,0.599528595,0.,0.004152241,0.599622364,0.,              1907P   2116
0.00407612,0.599744878,0.,0.004,0.599867392,0.,0.004,0.6,0.,0.,     1907P   2117
1.,0.,0.,1.;                                                        1907P   2118
100,0.,995.,900.,994.,900.,996.,900.;                               1909P   2119
102,2,1903,1907;                                                    1911P   2120
102,2,1905,1909;                                                    1913P   2121
142,1,1697,1911,1913,1;                                             1915P   2122
126,16,2,1,0,1,0,0.,0.,0.,0.125,0.125,0.25,0.25,0.375,0.375,        1917P   2123
0.5,0.5,0.625,0.625,0.75,0.75,0.875,0.875,1.,1.,1.,1.,1.,1.,1.,     1917P   2124
1.,1.,1.,1.,1.,1.,1.,1.,1.,1.,1.,1.,1.,0.004,0.5,0.,0.004,          1917P   2125
0.500132608,0.,0.00407612,0.500255122,0.,0.004152241,               1917P   2126
0.500377636,0.,0.004292893,0.500471405,0.,0.004433546,              1917P   2127
0.500565173,0.,0.004617317,0.50061592,0.,0.004801088,               1917P   2128
0.500666667,0.,0.005,0.500666667,0.,0.005198912,0.500666667,0.,     1917P   2129
0.005382683,0.50061592,0.,0.005566454,0.500565173,0.,               1917P   2130
0.005707107,0.500471405,0.,0.005847759,0.500377636,0.,              1917P   2131
0.00592388,0.500255122,0.,0.006,0.500132608,0.,0.006,0.5,0.,0.,     1917P   2132
1.,0.,0.,1.;                                                        1917P   2133
100,0.,995.,750.,996.,750.,994.,750.;                               1919P   2134
126,16,2,1,0,1,0,0.,0.,0.,0.125,0.125,0.25,0.25,0.375,0.375,        1921P   2135
0.5,0.5,0.625,0.625,0.75,0.75,0.875,0.875,1.,1.,1.,1.,1.,1.,1.,     1921P   2136
1.,1.,1.,1.,1.,1.,1.,1.,1.,1.,1.,1.,1.,0.006,0.5,0.,0.006,          1921P   2137
0.499867392,0.,0.00592388,0.499744878,0.,0.005847759,               1921P   2138
0.499622364,0.,0.005707107,0.499528595,0.,0.005566454,              1921P   2139
0.499434827,0.,0.005382683,0.49938408,0.,0.005198912,               1921P   2140
0.499333333,0.,0.005,0.499333333,0.,0.004801088,0.499333333,0.,     1921P   2141
0.004617317,0.49938408,0.,0.004433546,0.499434827,0.,               1921P   2142
0.004292893,0.499528595,0.,0.004152241,0.499622364,0.,              1921P   2143
0.00407612,0.499744878,0.,0.004,0.499867392,0.,0.004,0.5,0.,0.,     1921P   2144
1.,0.,0.,1.;                                                        1921P   2145
100,0.,995.,750.,994.,750.,996.,750.;                               1923P   2146
102,2,1917,1921;                                                    1925P   2147
102,2,1919,1923;                                                    1927P   2148
142,1,1697,1925,1927,1;                                             1929P   2149
126,16,2,1,0,1,0,0.,0.,0.,0.125,0.125,0.25,0.25,0.375,0.375,        1931P   2150
0.5,0.5,0.625,0.625,0.75,0.75,0.875,0.875,1.,1.,1.,1.,1.,1.,1.,     1931P   2151
1.,1.,1.,1.,1.,1.,1.,1.,1.,1.,1.,1.,1.,0.004,0.4,0.,0.004,          1931P   2152
0.400132608,0.,0.00407612,0.400255122,0.,0.004152241,               1931P   2153
0.400377636,0.,0.004292893,0.400471405,0.,0.004433546,              1931P   2154
0.400565173,0.,0.004617317,0.40061592,0.,0.004801088,               1931P   2155
0.400666667,0.,0.005,0.400666667,0.,0.005198912,0.400666667,0.,     1931P   2156
0.005382683,0.40061592,0.,0.005566454,0.400565173,0.,               1931P   2157
0.005707107,0.400471405,0.,0.005847759,0.400377636,0.,              1931P   2158
0.00592388,0.400255122,0.,0.006,0.400132608,0.,0.006,0.4,0.,0.,     1931P   2159
1.,0.,0.,1.;                                                        1931P   2160
100,0.,995.,600.,996.,600.,994.,600.;                               1933P   2161
126,16,2,1,0,1,0,0.,0.,0.,0.125,0.125,0.25,0.25,0.375,0.375,        1935P   2162
0.5,0.5,0.625,0.625,0.75,0.75,0.875,0.875,1.,1.,1.,1.,1.,1.,1.,     1935P   2163
1.,1.,1.,1.,1.,1.,1.,1.,1.,1.,1.,1.,1.,0.006,0.4,0.,0.006,          1935P   2164
0.399867392,0.,0.00592388,0.399744878,0.,0.005847759,               1935P   2165
0.399622364,0.,0.005707107,0.399528595,0.,0.005566454,              1935P   2166
0.399434827,0.,0.005382683,0.39938408,0.,0.005198912,               1935P   2167
0.399333333,0.,0.005,0.399333333,0.,0.004801088,0.399333333,0.,     1935P   2168
0.004617317,0.39938408,0.,0.004433546,0.399434827,0.,               1935P   2169
0.004292893,0.399528595,0.,0.004152241,0.399622364,0.,              1935P   2170
0.00407612,0.399744878,0.,0.004,0.399867392,0.,0.004,0.4,0.,0.,     1935P   2171
1.,0.,0.,1.;                                                        1935P   2172
100,0.,995.,600.,994.,600.,996.,600.;                               1937P   2173
102,2,1931,1935;                                                    1939P   2174
102,2,1933,1937;                                                    1941P   2175
142,1,1697,1939,1941,1;                                             1943P   2176
126,16,2,1,0,1,0,0.,0.,0.,0.125,0.125,0.25,0.25,0.375,0.375,        1945P   2177
0.5,0.5,0.625,0.625,0.75,0.75,0.875,0.875,1.,1.,1.,1.,1.,1.,1.,     1945P   2178
1.,1.,1.,1.,1.,1.,1.,1.,1.,1.,1.,1.,1.,0.599,0.003333333,0.,        1945P   2179
0.599,0.003465942,0.,0.59907612,0.003588456,0.,0.599152241,         1945P   2180
0.00371097,0.,0.599292893,0.003804738,0.,0.599433546,               1945P   2181
0.003898506,0.,0.599617317,0.003949253,0.,0.599801088,0.004,0.,     1945P   2182
0.6,0.004,0.,0.600198912,0.004,0.,0.600382683,0.003949253,0.,       1945P   2183
0.600566454,0.003898506,0.,0.600707107,0.003804738,0.,              1945P   2184
0.600847759,0.00371097,0.,0.60092388,0.003588456,0.,0.601,          1945P   2185
0.003465942,0.,0.601,0.003333333,0.,0.,1.,0.,0.,1.;                 1945P   2186
100,0.,400.,5.,401.,5.,399.,5.;                                     1947P   2187
126,16,2,1,0,1,0,0.,0.,0.,0.125,0.125,0.25,0.25,0.375,0.375,        1949P   2188
0.5,0.5,0.625,0.625,0.75,0.75,0.875,0.875,1.,1.,1.,1.,1.,1.,1.,     1949P   2189
1.,1.,1.,1.,1.,1.,1.,1.,1.,1.,1.,1.,1.,0.601,0.003333333,0.,        1949P   2190
0.601,0.003200725,0.,0.60092388,0.003078211,0.,0.600847759,         1949P   2191
0.002955697,0.,0.600707107,0.002861929,0.,0.600566454,              1949P   2192
0.002768161,0.,0.600382683,0.002717414,0.,0.600198912,              1949P   2193
0.002666667,0.,0.6,0.002666667,0.,0.599801088,0.002666667,0.,       1949P   2194
0.599617317,0.002717414,0.,0.599433546,0.002768161,0.,              1949P   2195
0.599292893,0.002861929,0.,0.599152241,0.002955697,0.,              1949P   2196
0.59907612,0.003078211,0.,0.599,0.003200725,0.,0.599,               1949P   2197
0.003333333,0.,0.,1.,0.,0.,1.;                                      1949P   2198
100,0.,400.,5.,399.,5.,401.,5.;                                     1951P   2199
102,2,1945,1949;                                                    1953P   2200
102,2,1947,1951;                                                    1955P   2201
142,1,1697,1953,1955,1;                                             1957P   2202
126,16,2,1,0,1,0,0.,0.,0.,0.125,0.125,0.25,0.25,0.375,0.375,        1959P   2203
0.5,0.5,0.625,0.625,0.75,0.75,0.875,0.875,1.,1.,1.,1.,1.,1.,1.,     1959P   2204
1.,1.,1.,1.,1.,1.,1.,1.,1.,1.,1.,1.,1.,0.004,0.01,0.,0.004,         1959P   2205
0.010132608,0.,0.00407612,0.010255122,0.,0.004152241,               1959P   2206
0.010377636,0.,0.004292893,0.010471405,0.,0.004433546,              1959P   2207
0.010565173,0.,0.004617317,0.01061592,0.,0.004801088,               1959P   2208
0.010666667,0.,0.005,0.010666667,0.,0.005198912,0.010666667,0.,     1959P   2209
0.005382683,0.01061592,0.,0.005566454,0.010565173,0.,               1959P   2210
0.005707107,0.010471405,0.,0.005847759,0.010377636,0.,              1959P   2211
0.00592388,0.010255122,0.,0.006,0.010132608,0.,0.006,0.01,0.,       1959P   2212
0.,1.,0.,0.,1.;                                                     1959P   2213
100,0.,995.,15.,996.,15.,994.,15.;                                  1961P   2214
126,16,2,1,0,1,0,0.,0.,0.,0.125,0.125,0.25,0.25,0.375,0.375,        1963P   2215
0.5,0.5,0.625,0.625,0.75,0.75,0.875,0.875,1.,1.,1.,1.,1.,1.,1.,     1963P   2216
1.,1.,1.,1.,1.,1.,1.,1.,1.,1.,1.,1.,1.,0.006,0.01,0.,0.006,         1963P   2217
0.009867392,0.,0.00592388,0.009744878,0.,0.005847759,               1963P   2218
0.009622364,0.,0.005707107,0.009528595,0.,0.005566454,              1963P   2219
0.009434827,0.,0.005382683,0.00938408,0.,0.005198912,               1963P   2220
0.009333333,0.,0.005,0.009333333,0.,0.004801088,0.009333333,0.,     1963P   2221
0.004617317,0.00938408,0.,0.004433546,0.009434827,0.,               1963P   2222
0.004292893,0.009528595,0.,0.004152241,0.009622364,0.,              1963P   2223
0.00407612,0.009744878,0.,0.004,0.009867392,0.,0.004,0.01,0.,       1963P   2224
0.,1.,0.,0.,1.;                                                     1963P   2225
100,0.,995.,15.,994.,15.,996.,15.;                                  1965P   2226
102,2,1959,1963;                                                    1967P   2227
102,2,1961,1965;                                                    1969P   2228
142,1,1697,1967,1969,1;                                             1971P   2229
126,16,2,1,0,1,0,0.,0.,0.,0.125,0.125,0.25,0.25,0.375,0.375,        1973P   2230
0.5,0.5,0.625,0.625,0.75,0.75,0.875,0.875,1.,1.,1.,1.,1.,1.,1.,     1973P   2231
1.,1.,1.,1.,1.,1.,1.,1.,1.,1.,1.,1.,1.,0.199,0.003333333,0.,        1973P   2232
0.199,0.003465942,0.,0.19907612,0.003588456,0.,0.199152241,         1973P   2233
0.00371097,0.,0.199292893,0.003804738,0.,0.199433546,               1973P   2234
0.003898506,0.,0.199617317,0.003949253,0.,0.199801088,0.004,0.,     1973P   2235
0.2,0.004,0.,0.200198912,0.004,0.,0.200382683,0.003949253,0.,       1973P   2236
0.200566454,0.003898506,0.,0.200707107,0.003804738,0.,              1973P   2237
0.200847759,0.00371097,0.,0.20092388,0.003588456,0.,0.201,          1973P   2238
0.003465942,0.,0.201,0.003333333,0.,0.,1.,0.,0.,1.;                 1973P   2239
100,0.,800.,5.,801.,5.,799.,5.;                                     1975P   2240
126,16,2,1,0,1,0,0.,0.,0.,0.125,0.125,0.25,0.25,0.375,0.375,        1977P   2241
0.5,0.5,0.625,0.625,0.75,0.75,0.875,0.875,1.,1.,1.,1.,1.,1.,1.,     1977P   2242
1.,1.,1.,1.,1.,1.,1.,1.,1.,1.,1.,1.,1.,0.201,0.003333333,0.,        1977P   2243
0.201,0.003200725,0.,0.20092388,0.003078211,0.,0.200847759,         1977P   2244
0.002955697,0.,0.200707107,0.002861929,0.,0.200566454,              1977P   2245
0.002768161,0.,0.200382683,0.002717414,0.,0.200198912,              1977P   2246
0.002666667,0.,0.2,0.002666667,0.,0.199801088,0.002666667,0.,       1977P   2247
0.199617317,0.002717414,0.,0.199433546,0.002768161,0.,              1977P   2248
0.199292893,0.002861929,0.,0.199152241,0.002955697,0.,              1977P   2249
0.19907612,0.003078211,0.,0.199,0.003200725,0.,0.199,               1977P   2250
0.003333333,0.,0.,1.,0.,0.,1.;                                      1977P   2251
100,0.,800.,5.,799.,5.,801.,5.;                                     1979P   2252
102,2,1973,1977;                                                    1981P   2253
102,2,1975,1979;                                                    1983P   2254
142,1,1697,1981,1983,1;                                             1985P   2255
126,16,2,1,0,1,0,0.,0.,0.,0.125,0.125,0.25,0.25,0.375,0.375,        1987P   2256
0.5,0.5,0.625,0.625,0.75,0.75,0.875,0.875,1.,1.,1.,1.,1.,1.,1.,     1987P   2257
1.,1.,1.,1.,1.,1.,1.,1.,1.,1.,1.,1.,1.,0.799,0.003333333,0.,        1987P   2258
0.799,0.003465942,0.,0.79907612,0.003588456,0.,0.799152241,         1987P   2259
0.00371097,0.,0.799292893,0.003804738,0.,0.799433546,               1987P   2260
0.003898506,0.,0.799617317,0.003949253,0.,0.799801088,0.004,0.,     1987P   2261
0.8,0.004,0.,0.800198912,0.004,0.,0.800382683,0.003949253,0.,       1987P   2262
0.800566454,0.003898506,0.,0.800707107,0.003804738,0.,              1987P   2263
0.800847759,0.00371097,0.,0.80092388,0.003588456,0.,0.801,          1987P   2264
0.003465942,0.,0.801,0.003333333,0.,0.,1.,0.,0.,1.;                 1987P   2265
100,0.,200.,5.,201.,5.,199.,5.;                                     1989P   2266
126,16,2,1,0,1,0,0.,0.,0.,0.125,0.125,0.25,0.25,0.375,0.375,        1991P   2267
0.5,0.5,0.625,0.625,0.75,0.75,0.875,0.875,1.,1.,1.,1.,1.,1.,1.,     1991P   2268
1.,1.,1.,1.,1.,1.,1.,1.,1.,1.,1.,1.,1.,0.801,0.003333333,0.,        1991P   2269
0.801,0.003200725,0.,0.80092388,0.003078211,0.,0.800847759,         1991P   2270
0.002955697,0.,0.800707107,0.002861929,0.,0.800566454,              1991P   2271
0.002768161,0.,0.800382683,0.002717414,0.,0.800198912,              1991P   2272
0.002666667,0.,0.8,0.002666667,0.,0.799801088,0.002666667,0.,       1991P   2273
0.799617317,0.002717414,0.,0.799433546,0.002768161,0.,              1991P   2274
0.799292893,0.002861929,0.,0.799152241,0.002955697,0.,              1991P   2275
0.79907612,0.003078211,0.,0.799,0.003200725,0.,0.799,               1991P   2276
0.003333333,0.,0.,1.,0.,0.,1.;                                      1991P   2277
100,0.,200.,5.,199.,5.,201.,5.;                                     1993P   2278
102,2,1987,1991;                                                    1995P   2279
102,2,1989,1993;                                                    1997P   2280
142,1,1697,1995,1997,1;                                             1999P   2281
126,16,2,1,0,1,0,0.,0.,0.,0.125,0.125,0.25,0.25,0.375,0.375,        2001P   2282
0.5,0.5,0.625,0.625,0.75,0.75,0.875,0.875,1.,1.,1.,1.,1.,1.,1.,     2001P   2283
1.,1.,1.,1.,1.,1.,1.,1.,1.,1.,1.,1.,1.,0.984,0.996666667,0.,        2001P   2284
0.984,0.996799275,0.,0.98407612,0.996921789,0.,0.984152241,         2001P   2285
0.997044303,0.,0.984292893,0.997138071,0.,0.984433546,              2001P   2286
0.997231839,0.,0.984617317,0.997282586,0.,0.984801088,              2001P   2287
0.997333333,0.,0.985,0.997333333,0.,0.985198912,0.997333333,0.,     2001P   2288
0.985382683,0.997282586,0.,0.985566454,0.997231839,0.,              2001P   2289
0.985707107,0.997138071,0.,0.985847759,0.997044303,0.,              2001P   2290
0.98592388,0.996921789,0.,0.986,0.996799275,0.,0.986,               2001P   2291
0.996666667,0.,0.,1.,0.,0.,1.;                                      2001P   2292
100,0.,15.,1495.,16.,1495.,14.,1495.;                               2003P   2293
126,16,2,1,0,1,0,0.,0.,0.,0.125,0.125,0.25,0.25,0.375,0.375,        2005P   2294
0.5,0.5,0.625,0.625,0.75,0.75,0.875,0.875,1.,1.,1.,1.,1.,1.,1.,     2005P   2295
1.,1.,1.,1.,1.,1.,1.,1.,1.,1.,1.,1.,1.,0.986,0.996666667,0.,        2005P   2296
0.986,0.996534058,0.,0.98592388,0.996411544,0.,0.985847759,         2005P   2297
0.99628903,0.,0.985707107,0.996195262,0.,0.985566454,               2005P   2298
0.996101494,0.,0.985382683,0.996050747,0.,0.985198912,0.996,0.,     2005P   2299
0.985,0.996,0.,0.984801088,0.996,0.,0.984617317,0.996050747,0.,     2005P   2300
0.984433546,0.996101494,0.,0.984292893,0.996195262,0.,              2005P   2301
0.984152241,0.99628903,0.,0.98407612,0.996411544,0.,0.984,          2005P   2302
0.996534058,0.,0.984,0.996666667,0.,0.,1.,0.,0.,1.;                 2005P   2303
100,0.,15.,1495.,14.,1495.,16.,1495.;                               2007P   2304
102,2,2001,2005;                                                    2009P   2305
102,2,2003,2007;                                                    2011P   2306
142,1,1697,2009,2011,1;                                             2013P   2307
126,16,2,1,0,1,0,0.,0.,0.,0.125,0.125,0.25,0.25,0.375,0.375,        2015P   2308
0.5,0.5,0.625,0.625,0.75,0.75,0.875,0.875,1.,1.,1.,1.,1.,1.,1.,     2015P   2309
1.,1.,1.,1.,1.,1.,1.,1.,1.,1.,1.,1.,1.,0.799,0.996666667,0.,        2015P   2310
0.799,0.996799275,0.,0.79907612,0.996921789,0.,0.799152241,         2015P   2311
0.997044303,0.,0.799292893,0.997138071,0.,0.799433546,              2015P   2312
0.997231839,0.,0.799617317,0.997282586,0.,0.799801088,              2015P   2313
0.997333333,0.,0.8,0.997333333,0.,0.800198912,0.997333333,0.,       2015P   2314
0.800382683,0.997282586,0.,0.800566454,0.997231839,0.,              2015P   2315
0.800707107,0.997138071,0.,0.800847759,0.997044303,0.,              2015P   2316
0.80092388,0.996921789,0.,0.801,0.996799275,0.,0.801,               2015P   2317
0.996666667,0.,0.,1.,0.,0.,1.;                                      2015P   2318
100,0.,200.,1495.,201.,1495.,199.,1495.;                            2017P   2319
126,16,2,1,0,1,0,0.,0.,0.,0.125,0.125,0.25,0.25,0.375,0.375,        2019P   2320
0.5,0.5,0.625,0.625,0.75,0.75,0.875,0.875,1.,1.,1.,1.,1.,1.,1.,     2019P   2321
1.,1.,1.,1.,1.,1.,1.,1.,1.,1.,1.,1.,1.,0.801,0.996666667,0.,        2019P   2322
0.801,0.996534058,0.,0.80092388,0.996411544,0.,0.800847759,         2019P   2323
0.99628903,0.,0.800707107,0.996195262,0.,0.800566454,               2019P   2324
0.996101494,0.,0.800382683,0.996050747,0.,0.800198912,0.996,0.,     2019P   2325
0.8,0.996,0.,0.799801088,0.996,0.,0.799617317,0.996050747,0.,       2019P   2326
0.799433546,0.996101494,0.,0.799292893,0.996195262,0.,              2019P   2327
0.799152241,0.99628903,0.,0.79907612,0.996411544,0.,0.799,          2019P   2328
0.996534058,0.,0.799,0.996666667,0.,0.,1.,0.,0.,1.;                 2019P   2329
100,0.,200.,1495.,199.,1495.,201.,1495.;                            2021P   2330
102,2,2015,2019;                                                    2023P   2331
102,2,2017,2021;                                                    2025P   2332
142,1,1697,2023,2025,1;                                             2027P   2333
126,16,2,1,0,1,0,0.,0.,0.,0.125,0.125,0.25,0.25,0.375,0.375,        2029P   2334
0.5,0.5,0.625,0.625,0.75,0.75,0.875,0.875,1.,1.,1.,1.,1.,1.,1.,     2029P   2335
1.,1.,1.,1.,1.,1.,1.,1.,1.,1.,1.,1.,1.,0.599,0.996666667,0.,        2029P   2336
0.599,0.996799275,0.,0.59907612,0.996921789,0.,0.599152241,         2029P   2337
0.997044303,0.,0.599292893,0.997138071,0.,0.599433546,              2029P   2338
0.997231839,0.,0.599617317,0.997282586,0.,0.599801088,              2029P   2339
0.997333333,0.,0.6,0.997333333,0.,0.600198912,0.997333333,0.,       2029P   2340
0.600382683,0.997282586,0.,0.600566454,0.997231839,0.,              2029P   2341
0.600707107,0.997138071,0.,0.600847759,0.997044303,0.,              2029P   2342
0.60092388,0.996921789,0.,0.601,0.996799275,0.,0.601,               2029P   2343
0.996666667,0.,0.,1.,0.,0.,1.;                                      2029P   2344
100,0.,400.,1495.,401.,1495.,399.,1495.;                            2031P   2345
126,16,2,1,0,1,0,0.,0.,0.,0.125,0.125,0.25,0.25,0.375,0.375,        2033P   2346
0.5,0.5,0.625,0.625,0.75,0.75,0.875,0.875,1.,1.,1.,1.,1.,1.,1.,     2033P   2347
1.,1.,1.,1.,1.,1.,1.,1.,1.,1.,1.,1.,1.,0.601,0.996666667,0.,        2033P   2348
0.601,0.996534058,0.,0.60092388,0.996411544,0.,0.600847759,         2033P   2349
0.99628903,0.,0.600707107,0.996195262,0.,0.600566454,               2033P   2350
0.996101494,0.,0.600382683,0.996050747,0.,0.600198912,0.996,0.,     2033P   2351
0.6,0.996,0.,0.599801088,0.996,0.,0.599617317,0.996050747,0.,       2033P   2352
0.599433546,0.996101494,0.,0.599292893,0.996195262,0.,              2033P   2353
0.599152241,0.99628903,0.,0.59907612,0.996411544,0.,0.599,          2033P   2354
0.996534058,0.,0.599,0.996666667,0.,0.,1.,0.,0.,1.;                 2033P   2355
100,0.,400.,1495.,399.,1495.,401.,1495.;                            2035P   2356
102,2,2029,2033;                                                    2037P   2357
102,2,2031,2035;                                                    2039P   2358
142,1,1697,2037,2039,1;                                             2041P   2359
126,16,2,1,0,1,0,0.,0.,0.,0.125,0.125,0.25,0.25,0.375,0.375,        2043P   2360
0.5,0.5,0.625,0.625,0.75,0.75,0.875,0.875,1.,1.,1.,1.,1.,1.,1.,     2043P   2361
1.,1.,1.,1.,1.,1.,1.,1.,1.,1.,1.,1.,1.,0.199,0.996666667,0.,        2043P   2362
0.199,0.996799275,0.,0.19907612,0.996921789,0.,0.199152241,         2043P   2363
0.997044303,0.,0.199292893,0.997138071,0.,0.199433546,              2043P   2364
0.997231839,0.,0.199617317,0.997282586,0.,0.199801088,              2043P   2365
0.997333333,0.,0.2,0.997333333,0.,0.200198912,0.997333333,0.,       2043P   2366
0.200382683,0.997282586,0.,0.200566454,0.997231839,0.,              2043P   2367
0.200707107,0.997138071,0.,0.200847759,0.997044303,0.,              2043P   2368
0.20092388,0.996921789,0.,0.201,0.996799275,0.,0.201,               2043P   2369
0.996666667,0.,0.,1.,0.,0.,1.;                                      2043P   2370
100,0.,800.,1495.,801.,1495.,799.,1495.;                            2045P   2371
126,16,2,1,0,1,0,0.,0.,0.,0.125,0.125,0.25,0.25,0.375,0.375,        2047P   2372
0.5,0.5,0.625,0.625,0.75,0.75,0.875,0.875,1.,1.,1.,1.,1.,1.,1.,     2047P   2373
1.,1.,1.,1.,1.,1.,1.,1.,1.,1.,1.,1.,1.,0.201,0.996666667,0.,        2047P   2374
0.201,0.996534058,0.,0.20092388,0.996411544,0.,0.200847759,         2047P   2375
0.99628903,0.,0.200707107,0.996195262,0.,0.200566454,               2047P   2376
0.996101494,0.,0.200382683,0.996050747,0.,0.200198912,0.996,0.,     2047P   2377
0.2,0.996,0.,0.199801088,0.996,0.,0.199617317,0.996050747,0.,       2047P   2378
0.199433546,0.996101494,0.,0.199292893,0.996195262,0.,              2047P   2379
0.199152241,0.99628903,0.,0.19907612,0.996411544,0.,0.199,          2047P   2380
0.996534058,0.,0.199,0.996666667,0.,0.,1.,0.,0.,1.;                 2047P   2381
100,0.,800.,1495.,799.,1495.,801.,1495.;                            2049P   2382
102,2,2043,2047;                                                    2051P   2383
102,2,2045,2049;                                                    2053P   2384
142,1,1697,2051,2053,1;                                             2055P   2385
126,16,2,1,0,1,0,0.,0.,0.,0.125,0.125,0.25,0.25,0.375,0.375,        2057P   2386
0.5,0.5,0.625,0.625,0.75,0.75,0.875,0.875,1.,1.,1.,1.,1.,1.,1.,     2057P   2387
1.,1.,1.,1.,1.,1.,1.,1.,1.,1.,1.,1.,1.,0.994,0.9,0.,0.994,          2057P   2388
0.900132608,0.,0.99407612,0.900255122,0.,0.994152241,               2057P   2389
0.900377636,0.,0.994292893,0.900471405,0.,0.994433546,              2057P   2390
0.900565173,0.,0.994617317,0.90061592,0.,0.994801088,               2057P   2391
0.900666667,0.,0.995,0.900666667,0.,0.995198912,0.900666667,0.,     2057P   2392
0.995382683,0.90061592,0.,0.995566454,0.900565173,0.,               2057P   2393
0.995707107,0.900471405,0.,0.995847759,0.900377636,0.,              2057P   2394
0.99592388,0.900255122,0.,0.996,0.900132608,0.,0.996,0.9,0.,0.,     2057P   2395
1.,0.,0.,1.;                                                        2057P   2396
100,0.,5.,1350.,6.,1350.,4.,1350.;                                  2059P   2397
126,16,2,1,0,1,0,0.,0.,0.,0.125,0.125,0.25,0.25,0.375,0.375,        2061P   2398
0.5,0.5,0.625,0.625,0.75,0.75,0.875,0.875,1.,1.,1.,1.,1.,1.,1.,     2061P   2399
1.,1.,1.,1.,1.,1.,1.,1.,1.,1.,1.,1.,1.,0.996,0.9,0.,0.996,          2061P   2400
0.899867392,0.,0.99592388,0.899744878,0.,0.995847759,               2061P   2401
0.899622364,0.,0.995707107,0.899528595,0.,0.995566454,              2061P   2402
0.899434827,0.,0.995382683,0.89938408,0.,0.995198912,               2061P   2403
0.899333333,0.,0.995,0.899333333,0.,0.994801088,0.899333333,0.,     2061P   2404
0.994617317,0.89938408,0.,0.994433546,0.899434827,0.,               2061P   2405
0.994292893,0.899528595,0.,0.994152241,0.899622364,0.,              2061P   2406
0.99407612,0.899744878,0.,0.994,0.899867392,0.,0.994,0.9,0.,0.,     2061P   2407
1.,0.,0.,1.;                                                        2061P   2408
100,0.,5.,1350.,4.,1350.,6.,1350.;                                  2063P   2409
102,2,2057,2061;                                                    2065P   2410
102,2,2059,2063;                                                    2067P   2411
142,1,1697,2065,2067,1;                                             2069P   2412
126,16,2,1,0,1,0,0.,0.,0.,0.125,0.125,0.25,0.25,0.375,0.375,        2071P   2413
0.5,0.5,0.625,0.625,0.75,0.75,0.875,0.875,1.,1.,1.,1.,1.,1.,1.,     2071P   2414
1.,1.,1.,1.,1.,1.,1.,1.,1.,1.,1.,1.,1.,0.004,0.1,0.,0.004,          2071P   2415
0.100132608,0.,0.00407612,0.100255122,0.,0.004152241,               2071P   2416
0.100377636,0.,0.004292893,0.100471405,0.,0.004433546,              2071P   2417
0.100565173,0.,0.004617317,0.10061592,0.,0.004801088,               2071P   2418
0.100666667,0.,0.005,0.100666667,0.,0.005198912,0.100666667,0.,     2071P   2419
0.005382683,0.10061592,0.,0.005566454,0.100565173,0.,               2071P   2420
0.005707107,0.100471405,0.,0.005847759,0.100377636,0.,              2071P   2421
0.00592388,0.100255122,0.,0.006,0.100132608,0.,0.006,0.1,0.,0.,     2071P   2422
1.,0.,0.,1.;                                                        2071P   2423
100,0.,995.,150.,996.,150.,994.,150.;                               2073P   2424
126,16,2,1,0,1,0,0.,0.,0.,0.125,0.125,0.25,0.25,0.375,0.375,        2075P   2425
0.5,0.5,0.625,0.625,0.75,0.75,0.875,0.875,1.,1.,1.,1.,1.,1.,1.,     2075P   2426
1.,1.,1.,1.,1.,1.,1.,1.,1.,1.,1.,1.,1.,0.006,0.1,0.,0.006,          2075P   2427
0.099867392,0.,0.00592388,0.099744878,0.,0.005847759,               2075P   2428
0.099622364,0.,0.005707107,0.099528595,0.,0.005566454,              2075P   2429
0.099434827,0.,0.005382683,0.09938408,0.,0.005198912,               2075P   2430
0.099333333,0.,0.005,0.099333333,0.,0.004801088,0.099333333,0.,     2075P   2431
0.004617317,0.09938408,0.,0.004433546,0.099434827,0.,               2075P   2432
0.004292893,0.099528595,0.,0.004152241,0.099622364,0.,              2075P   2433
0.00407612,0.099744878,0.,0.004,0.099867392,0.,0.004,0.1,0.,0.,     2075P   2434
1.,0.,0.,1.;                                                        2075P   2435
100,0.,995.,150.,994.,150.,996.,150.;                               2077P   2436
102,2,2071,2075;                                                    2079P   2437
102,2,2073,2077;                                                    2081P   2438
142,1,1697,2079,2081,1;                                             2083P   2439
126,16,2,1,0,1,0,0.,0.,0.,0.125,0.125,0.25,0.25,0.375,0.375,        2085P   2440
0.5,0.5,0.625,0.625,0.75,0.75,0.875,0.875,1.,1.,1.,1.,1.,1.,1.,     2085P   2441
1.,1.,1.,1.,1.,1.,1.,1.,1.,1.,1.,1.,1.,0.004,0.2,0.,0.004,          2085P   2442
0.200132608,0.,0.00407612,0.200255122,0.,0.004152241,               2085P   2443
0.200377636,0.,0.004292893,0.200471405,0.,0.004433546,              2085P   2444
0.200565173,0.,0.004617317,0.20061592,0.,0.004801088,               2085P   2445
0.200666667,0.,0.005,0.200666667,0.,0.005198912,0.200666667,0.,     2085P   2446
0.005382683,0.20061592,0.,0.005566454,0.200565173,0.,               2085P   2447
0.005707107,0.200471405,0.,0.005847759,0.200377636,0.,              2085P   2448
0.00592388,0.200255122,0.,0.006,0.200132608,0.,0.006,0.2,0.,0.,     2085P   2449
1.,0.,0.,1.;                                                        2085P   2450
100,0.,995.,300.,996.,300.,994.,300.;                               2087P   2451
126,16,2,1,0,1,0,0.,0.,0.,0.125,0.125,0.25,0.25,0.375,0.375,        2089P   2452
0.5,0.5,0.625,0.625,0.75,0.75,0.875,0.875,1.,1.,1.,1.,1.,1.,1.,     2089P   2453
1.,1.,1.,1.,1.,1.,1.,1.,1.,1.,1.,1.,1.,0.006,0.2,0.,0.006,          2089P   2454
0.199867392,0.,0.00592388,0.199744878,0.,0.005847759,               2089P   2455
0.199622364,0.,0.005707107,0.199528595,0.,0.005566454,              2089P   2456
0.199434827,0.,0.005382683,0.19938408,0.,0.005198912,               2089P   2457
0.199333333,0.,0.005,0.199333333,0.,0.004801088,0.199333333,0.,     2089P   2458
0.004617317,0.19938408,0.,0.004433546,0.199434827,0.,               2089P   2459
0.004292893,0.199528595,0.,0.004152241,0.199622364,0.,              2089P   2460
0.00407612,0.199744878,0.,0.004,0.199867392,0.,0.004,0.2,0.,0.,     2089P   2461
1.,0.,0.,1.;                                                        2089P   2462
100,0.,995.,300.,994.,300.,996.,300.;                               2091P   2463
102,2,2085,2089;                                                    2093P   2464
102,2,2087,2091;                                                    2095P   2465
142,1,1697,2093,2095,1;                                             2097P   2466
126,16,2,1,0,1,0,0.,0.,0.,0.125,0.125,0.25,0.25,0.375,0.375,        2099P   2467
0.5,0.5,0.625,0.625,0.75,0.75,0.875,0.875,1.,1.,1.,1.,1.,1.,1.,     2099P   2468
1.,1.,1.,1.,1.,1.,1.,1.,1.,1.,1.,1.,1.,0.004,0.8,0.,0.004,          2099P   2469
0.800132608,0.,0.00407612,0.800255122,0.,0.004152241,               2099P   2470
0.800377636,0.,0.004292893,0.800471405,0.,0.004433546,              2099P   2471
0.800565173,0.,0.004617317,0.80061592,0.,0.004801088,               2099P   2472
0.800666667,0.,0.005,0.800666667,0.,0.005198912,0.800666667,0.,     2099P   2473
0.005382683,0.80061592,0.,0.005566454,0.800565173,0.,               2099P   2474
0.005707107,0.800471405,0.,0.005847759,0.800377636,0.,              2099P   2475
0.00592388,0.800255122,0.,0.006,0.800132608,0.,0.006,0.8,0.,0.,     2099P   2476
1.,0.,0.,1.;                                                        2099P   2477
100,0.,995.,1200.,996.,1200.,994.,1200.;                            2101P   2478
126,16,2,1,0,1,0,0.,0.,0.,0.125,0.125,0.25,0.25,0.375,0.375,        2103P   2479
0.5,0.5,0.625,0.625,0.75,0.75,0.875,0.875,1.,1.,1.,1.,1.,1.,1.,     2103P   2480
1.,1.,1.,1.,1.,1.,1.,1.,1.,1.,1.,1.,1.,0.006,0.8,0.,0.006,          2103P   2481
0.799867392,0.,0.00592388,0.799744878,0.,0.005847759,               2103P   2482
0.799622364,0.,0.005707107,0.799528595,0.,0.005566454,              2103P   2483
0.799434827,0.,0.005382683,0.79938408,0.,0.005198912,               2103P   2484
0.799333333,0.,0.005,0.799333333,0.,0.004801088,0.799333333,0.,     2103P   2485
0.004617317,0.79938408,0.,0.004433546,0.799434827,0.,               2103P   2486
0.004292893,0.799528595,0.,0.004152241,0.799622364,0.,              2103P   2487
0.00407612,0.799744878,0.,0.004,0.799867392,0.,0.004,0.8,0.,0.,     2103P   2488
1.,0.,0.,1.;                                                        2103P   2489
100,0.,995.,1200.,994.,1200.,996.,1200.;                            2105P   2490
102,2,2099,2103;                                                    2107P   2491
102,2,2101,2105;                                                    2109P   2492
142,1,1697,2107,2109,1;                                             2111P   2493
126,16,2,1,0,1,0,0.,0.,0.,0.125,0.125,0.25,0.25,0.375,0.375,        2113P   2494
0.5,0.5,0.625,0.625,0.75,0.75,0.875,0.875,1.,1.,1.,1.,1.,1.,1.,     2113P   2495
1.,1.,1.,1.,1.,1.,1.,1.,1.,1.,1.,1.,1.,0.014,0.996666667,0.,        2113P   2496
0.014,0.996799275,0.,0.01407612,0.996921789,0.,0.014152241,         2113P   2497
0.997044303,0.,0.014292893,0.997138071,0.,0.014433546,              2113P   2498
0.997231839,0.,0.014617317,0.997282586,0.,0.014801088,              2113P   2499
0.997333333,0.,0.015,0.997333333,0.,0.015198912,0.997333333,0.,     2113P   2500
0.015382683,0.997282586,0.,0.015566454,0.997231839,0.,              2113P   2501
0.015707107,0.997138071,0.,0.015847759,0.997044303,0.,              2113P   2502
0.01592388,0.996921789,0.,0.016,0.996799275,0.,0.016,               2113P   2503
0.996666667,0.,0.,1.,0.,0.,1.;                                      2113P   2504
100,0.,985.,1495.,986.,1495.,984.,1495.;                            2115P   2505
126,16,2,1,0,1,0,0.,0.,0.,0.125,0.125,0.25,0.25,0.375,0.375,        2117P   2506
0.5,0.5,0.625,0.625,0.75,0.75,0.875,0.875,1.,1.,1.,1.,1.,1.,1.,     2117P   2507
1.,1.,1.,1.,1.,1.,1.,1.,1.,1.,1.,1.,1.,0.016,0.996666667,0.,        2117P   2508
0.016,0.996534058,0.,0.01592388,0.996411544,0.,0.015847759,         2117P   2509
0.99628903,0.,0.015707107,0.996195262,0.,0.015566454,               2117P   2510
0.996101494,0.,0.015382683,0.996050747,0.,0.015198912,0.996,0.,     2117P   2511
0.015,0.996,0.,0.014801088,0.996,0.,0.014617317,0.996050747,0.,     2117P   2512
0.014433546,0.996101494,0.,0.014292893,0.996195262,0.,              2117P   2513
0.014152241,0.99628903,0.,0.01407612,0.996411544,0.,0.014,          2117P   2514
0.996534058,0.,0.014,0.996666667,0.,0.,1.,0.,0.,1.;                 2117P   2515
100,0.,985.,1495.,984.,1495.,986.,1495.;                            2119P   2516
102,2,2113,2117;                                                    2121P   2517
102,2,2115,2119;                                                    2123P   2518
142,1,1697,2121,2123,1;                                             2125P   2519
126,16,2,1,0,1,0,0.,0.,0.,0.125,0.125,0.25,0.25,0.375,0.375,        2127P   2520
0.5,0.5,0.625,0.625,0.75,0.75,0.875,0.875,1.,1.,1.,1.,1.,1.,1.,     2127P   2521
1.,1.,1.,1.,1.,1.,1.,1.,1.,1.,1.,1.,1.,0.994,0.1,0.,0.994,          2127P   2522
0.100132608,0.,0.99407612,0.100255122,0.,0.994152241,               2127P   2523
0.100377636,0.,0.994292893,0.100471405,0.,0.994433546,              2127P   2524
0.100565173,0.,0.994617317,0.10061592,0.,0.994801088,               2127P   2525
0.100666667,0.,0.995,0.100666667,0.,0.995198912,0.100666667,0.,     2127P   2526
0.995382683,0.10061592,0.,0.995566454,0.100565173,0.,               2127P   2527
0.995707107,0.100471405,0.,0.995847759,0.100377636,0.,              2127P   2528
0.99592388,0.100255122,0.,0.996,0.100132608,0.,0.996,0.1,0.,0.,     2127P   2529
1.,0.,0.,1.;                                                        2127P   2530
100,0.,5.,150.,6.,150.,4.,150.;                                     2129P   2531
126,16,2,1,0,1,0,0.,0.,0.,0.125,0.125,0.25,0.25,0.375,0.375,        2131P   2532
0.5,0.5,0.625,0.625,0.75,0.75,0.875,0.875,1.,1.,1.,1.,1.,1.,1.,     2131P   2533
1.,1.,1.,1.,1.,1.,1.,1.,1.,1.,1.,1.,1.,0.996,0.1,0.,0.996,          2131P   2534
0.099867392,0.,0.99592388,0.099744878,0.,0.995847759,               2131P   2535
0.099622364,0.,0.995707107,0.099528595,0.,0.995566454,              2131P   2536
0.099434827,0.,0.995382683,0.09938408,0.,0.995198912,               2131P   2537
0.099333333,0.,0.995,0.099333333,0.,0.994801088,0.099333333,0.,     2131P   2538
0.994617317,0.09938408,0.,0.994433546,0.099434827,0.,               2131P   2539
0.994292893,0.099528595,0.,0.994152241,0.099622364,0.,              2131P   2540
0.99407612,0.099744878,0.,0.994,0.099867392,0.,0.994,0.1,0.,0.,     2131P   2541
1.,0.,0.,1.;                                                        2131P   2542
100,0.,5.,150.,4.,150.,6.,150.;                                     2133P   2543
102,2,2127,2131;                                                    2135P   2544
102,2,2129,2133;                                                    2137P   2545
142,1,1697,2135,2137,1;                                             2139P   2546
126,16,2,1,0,1,0,0.,0.,0.,0.125,0.125,0.25,0.25,0.375,0.375,        2141P   2547
0.5,0.5,0.625,0.625,0.75,0.75,0.875,0.875,1.,1.,1.,1.,1.,1.,1.,     2141P   2548
1.,1.,1.,1.,1.,1.,1.,1.,1.,1.,1.,1.,1.,0.994,0.2,0.,0.994,          2141P   2549
0.200132608,0.,0.99407612,0.200255122,0.,0.994152241,               2141P   2550
0.200377636,0.,0.994292893,0.200471405,0.,0.994433546,              2141P   2551
0.200565173,0.,0.994617317,0.20061592,0.,0.994801088,               2141P   2552
0.200666667,0.,0.995,0.200666667,0.,0.995198912,0.200666667,0.,     2141P   2553
0.995382683,0.20061592,0.,0.995566454,0.200565173,0.,               2141P   2554
0.995707107,0.200471405,0.,0.995847759,0.200377636,0.,              2141P   2555
0.99592388,0.200255122,0.,0.996,0.200132608,0.,0.996,0.2,0.,0.,     2141P   2556
1.,0.,0.,1.;                                                        2141P   2557
100,0.,5.,300.,6.,300.,4.,300.;                                     2143P   2558
126,16,2,1,0,1,0,0.,0.,0.,0.125,0.125,0.25,0.25,0.375,0.375,        2145P   2559
0.5,0.5,0.625,0.625,0.75,0.75,0.875,0.875,1.,1.,1.,1.,1.,1.,1.,     2145P   2560
1.,1.,1.,1.,1.,1.,1.,1.,1.,1.,1.,1.,1.,0.996,0.2,0.,0.996,          2145P   2561
0.199867392,0.,0.99592388,0.199744878,0.,0.995847759,               2145P   2562
0.199622364,0.,0.995707107,0.199528595,0.,0.995566454,              2145P   2563
0.199434827,0.,0.995382683,0.19938408,0.,0.995198912,               2145P   2564
0.199333333,0.,0.995,0.199333333,0.,0.994801088,0.199333333,0.,     2145P   2565
0.994617317,0.19938408,0.,0.994433546,0.199434827,0.,               2145P   2566
0.994292893,0.199528595,0.,0.994152241,0.199622364,0.,              2145P   2567
0.99407612,0.199744878,0.,0.994,0.199867392,0.,0.994,0.2,0.,0.,     2145P   2568
1.,0.,0.,1.;                                                        2145P   2569
100,0.,5.,300.,4.,300.,6.,300.;                                     2147P   2570
102,2,2141,2145;                                                    2149P   2571
102,2,2143,2147;                                                    2151P   2572
142,1,1697,2149,2151,1;                                             2153P   2573
126,16,2,1,0,1,0,0.,0.,0.,0.125,0.125,0.25,0.25,0.375,0.375,        2155P   2574
0.5,0.5,0.625,0.625,0.75,0.75,0.875,0.875,1.,1.,1.,1.,1.,1.,1.,     2155P   2575
1.,1.,1.,1.,1.,1.,1.,1.,1.,1.,1.,1.,1.,0.994,0.8,0.,0.994,          2155P   2576
0.800132608,0.,0.99407612,0.800255122,0.,0.994152241,               2155P   2577
0.800377636,0.,0.994292893,0.800471405,0.,0.994433546,              2155P   2578
0.800565173,0.,0.994617317,0.80061592,0.,0.994801088,               2155P   2579
0.800666667,0.,0.995,0.800666667,0.,0.995198912,0.800666667,0.,     2155P   2580
0.995382683,0.80061592,0.,0.995566454,0.800565173,0.,               2155P   2581
0.995707107,0.800471405,0.,0.995847759,0.800377636,0.,              2155P   2582
0.99592388,0.800255122,0.,0.996,0.800132608,0.,0.996,0.8,0.,0.,     2155P   2583
1.,0.,0.,1.;                                                        2155P   2584
100,0.,5.,1200.,6.,1200.,4.,1200.;                                  2157P   2585
126,16,2,1,0,1,0,0.,0.,0.,0.125,0.125,0.25,0.25,0.375,0.375,        2159P   2586
0.5,0.5,0.625,0.625,0.75,0.75,0.875,0.875,1.,1.,1.,1.,1.,1.,1.,     2159P   2587
1.,1.,1.,1.,1.,1.,1.,1.,1.,1.,1.,1.,1.,0.996,0.8,0.,0.996,          2159P   2588
0.799867392,0.,0.99592388,0.799744878,0.,0.995847759,               2159P   2589
0.799622364,0.,0.995707107,0.799528595,0.,0.995566454,              2159P   2590
0.799434827,0.,0.995382683,0.79938408,0.,0.995198912,               2159P   2591
0.799333333,0.,0.995,0.799333333,0.,0.994801088,0.799333333,0.,     2159P   2592
0.994617317,0.79938408,0.,0.994433546,0.799434827,0.,               2159P   2593
0.994292893,0.799528595,0.,0.994152241,0.799622364,0.,              2159P   2594
0.99407612,0.799744878,0.,0.994,0.799867392,0.,0.994,0.8,0.,0.,     2159P   2595
1.,0.,0.,1.;                                                        2159P   2596
100,0.,5.,1200.,4.,1200.,6.,1200.;                                  2161P   2597
102,2,2155,2159;                                                    2163P   2598
102,2,2157,2161;                                                    2165P   2599
142,1,1697,2163,2165,1;                                             2167P   2600
126,16,2,1,0,1,0,0.,0.,0.,0.125,0.125,0.25,0.25,0.375,0.375,        2169P   2601
0.5,0.5,0.625,0.625,0.75,0.75,0.875,0.875,1.,1.,1.,1.,1.,1.,1.,     2169P   2602
1.,1.,1.,1.,1.,1.,1.,1.,1.,1.,1.,1.,1.,0.004,0.3,0.,0.004,          2169P   2603
0.300132608,0.,0.00407612,0.300255122,0.,0.004152241,               2169P   2604
0.300377636,0.,0.004292893,0.300471405,0.,0.004433546,              2169P   2605
0.300565173,0.,0.004617317,0.30061592,0.,0.004801088,               2169P   2606
0.300666667,0.,0.005,0.300666667,0.,0.005198912,0.300666667,0.,     2169P   2607
0.005382683,0.30061592,0.,0.005566454,0.300565173,0.,               2169P   2608
0.005707107,0.300471405,0.,0.005847759,0.300377636,0.,              2169P   2609
0.00592388,0.300255122,0.,0.006,0.300132608,0.,0.006,0.3,0.,0.,     2169P   2610
1.,0.,0.,1.;                                                        2169P   2611
100,0.,995.,450.,996.,450.,994.,450.;                               2171P   2612
126,16,2,1,0,1,0,0.,0.,0.,0.125,0.125,0.25,0.25,0.375,0.375,        2173P   2613
0.5,0.5,0.625,0.625,0.75,0.75,0.875,0.875,1.,1.,1.,1.,1.,1.,1.,     2173P   2614
1.,1.,1.,1.,1.,1.,1.,1.,1.,1.,1.,1.,1.,0.006,0.3,0.,0.006,          2173P   2615
0.299867392,0.,0.00592388,0.299744878,0.,0.005847759,               2173P   2616
0.299622364,0.,0.005707107,0.299528595,0.,0.005566454,              2173P   2617
0.299434827,0.,0.005382683,0.29938408,0.,0.005198912,               2173P   2618
0.299333333,0.,0.005,0.299333333,0.,0.004801088,0.299333333,0.,     2173P   2619
0.004617317,0.29938408,0.,0.004433546,0.299434827,0.,               2173P   2620
0.004292893,0.299528595,0.,0.004152241,0.299622364,0.,              2173P   2621
0.00407612,0.299744878,0.,0.004,0.299867392,0.,0.004,0.3,0.,0.,     2173P   2622
1.,0.,0.,1.;                                                        2173P   2623
100,0.,995.,450.,994.,450.,996.,450.;                               2175P   2624
102,2,2169,2173;                                                    2177P   2625
102,2,2171,2175;                                                    2179P   2626
142,1,1697,2177,2179,1;                                             2181P   2627
126,16,2,1,0,1,0,0.,0.,0.,0.125,0.125,0.25,0.25,0.375,0.375,        2183P   2628
0.5,0.5,0.625,0.625,0.75,0.75,0.875,0.875,1.,1.,1.,1.,1.,1.,1.,     2183P   2629
1.,1.,1.,1.,1.,1.,1.,1.,1.,1.,1.,1.,1.,0.994,0.01,0.,0.994,         2183P   2630
0.010132608,0.,0.99407612,0.010255122,0.,0.994152241,               2183P   2631
0.010377636,0.,0.994292893,0.010471405,0.,0.994433546,              2183P   2632
0.010565173,0.,0.994617317,0.01061592,0.,0.994801088,               2183P   2633
0.010666667,0.,0.995,0.010666667,0.,0.995198912,0.010666667,0.,     2183P   2634
0.995382683,0.01061592,0.,0.995566454,0.010565173,0.,               2183P   2635
0.995707107,0.010471405,0.,0.995847759,0.010377636,0.,              2183P   2636
0.99592388,0.010255122,0.,0.996,0.010132608,0.,0.996,0.01,0.,       2183P   2637
0.,1.,0.,0.,1.;                                                     2183P   2638
100,0.,5.,15.,6.,15.,4.,15.;                                        2185P   2639
126,16,2,1,0,1,0,0.,0.,0.,0.125,0.125,0.25,0.25,0.375,0.375,        2187P   2640
0.5,0.5,0.625,0.625,0.75,0.75,0.875,0.875,1.,1.,1.,1.,1.,1.,1.,     2187P   2641
1.,1.,1.,1.,1.,1.,1.,1.,1.,1.,1.,1.,1.,0.996,0.01,0.,0.996,         2187P   2642
0.009867392,0.,0.99592388,0.009744878,0.,0.995847759,               2187P   2643
0.009622364,0.,0.995707107,0.009528595,0.,0.995566454,              2187P   2644
0.009434827,0.,0.995382683,0.00938408,0.,0.995198912,               2187P   2645
0.009333333,0.,0.995,0.009333333,0.,0.994801088,0.009333333,0.,     2187P   2646
0.994617317,0.00938408,0.,0.994433546,0.009434827,0.,               2187P   2647
0.994292893,0.009528595,0.,0.994152241,0.009622364,0.,              2187P   2648
0.99407612,0.009744878,0.,0.994,0.009867392,0.,0.994,0.01,0.,       2187P   2649
0.,1.,0.,0.,1.;                                                     2187P   2650
100,0.,5.,15.,4.,15.,6.,15.;                                        2189P   2651
102,2,2183,2187;                                                    2191P   2652
102,2,2185,2189;                                                    2193P   2653
142,1,1697,2191,2193,1;                                             2195P   2654
144,1697,1,34,1719,1733,1747,1761,1775,1789,1803,1817,1831,         2197P   2655
1845,1859,1873,1887,1901,1915,1929,1943,1957,1971,1985,1999,        2197P   2656
2013,2027,2041,2055,2069,2083,2097,2111,2125,2139,2153,2167,        2197P   2657
2181,2195;                                                          2197P   2658
110,5.,15.,0.,5.,15.,1000.;                                         2199P   2659
110,6.,15.,0.,6.,15.,5.;                                            2201P   2660
120,2199,2201,0.,6.28318530717959;                                  2203P   2661
126,1,1,1,0,1,0,0.,0.,1.,1.,1.,1.,1.,3.141592654,0.,1.,0.,0.,       2205P   2662
0.,1.,0.,0.,1.;                                                     2205P   2663
124,-1.,-6.98296267768627E-15,0.,10.0000000000001,                  2207P   2664
-6.98296267768627E-15,1.,-6.98296267768627E-15,                     2207P   2665
7.02703145146545E-14,4.87617677579594E-29,                          2207P   2666
-6.98296267768627E-15,-1.,10.0000000000001;                         2207P   2667
100,5.,5.,15.,6.,15.,4.,15.;                                        2209P   2668
126,1,1,1,0,1,0,0.,0.,1.,1.,1.,1.,1.,0.,0.,0.,0.,0.,0.,1.,0.,       2211P   2669
0.,1.;                                                              2211P   2670
110,6.,15.,5.,6.,15.,0.;                                            2213P   2671
126,1,1,1,0,1,0,0.,0.,1.,1.,1.,1.,0.,0.,0.,0.,3.141592654,0.,       2215P   2672
0.,1.,0.,0.,1.;                                                     2215P   2673
100,0.,5.,15.,6.,15.,4.,15.;                                        2217P   2674
126,1,1,1,0,1,0,0.,0.,1.,1.,1.,1.,0.,3.141592654,0.,1.,             2219P   2675
3.141592654,0.,0.,1.,0.,0.,1.;                                      2219P   2676
110,4.,15.,0.,4.,15.,5.;                                            2221P   2677
102,4,2205,2211,2215,2219;                                          2223P   2678
102,4,2209,2213,2217,2221;                                          2225P   2679
142,1,2203,2223,2225,1;                                             2227P   2680
144,2203,1,0,2227;                                                  2229P   2681
110,995.,450.,0.,995.,450.,1000.;                                   2231P   2682
110,996.,450.,0.,996.,450.,5.;                                      2233P   2683
120,2231,2233,0.,6.28318530717959;                                  2235P   2684
126,1,1,1,0,1,0,0.,0.,1.,1.,1.,1.,1.,3.141592654,0.,1.,0.,0.,       2237P   2685
0.,1.,0.,0.,1.;                                                     2237P   2686
124,-1.,-6.98296267768627E-15,0.,1990.,-6.98296267768627E-15,       2239P   2687
1.,-6.98296267768627E-15,6.97152030023409E-12,                      2239P   2688
4.87617677579594E-29,-6.98296267768627E-15,-1.,                     2239P   2689
10.0000000000031;                                                   2239P   2690
100,5.,995.,450.,996.,450.,994.,450.;                               2241P   2691
126,1,1,1,0,1,0,0.,0.,1.,1.,1.,1.,1.,0.,0.,0.,0.,0.,0.,1.,0.,       2243P   2692
0.,1.;                                                              2243P   2693
110,996.,450.,5.,996.,450.,0.;                                      2245P   2694
126,1,1,1,0,1,0,0.,0.,1.,1.,1.,1.,0.,0.,0.,0.,3.141592654,0.,       2247P   2695
0.,1.,0.,0.,1.;                                                     2247P   2696
100,0.,995.,450.,996.,450.,994.,450.;                               2249P   2697
126,1,1,1,0,1,0,0.,0.,1.,1.,1.,1.,0.,3.141592654,0.,1.,             2251P   2698
3.141592654,0.,0.,1.,0.,0.,1.;                                      2251P   2699
110,994.,450.,0.,994.,450.,5.;                                      2253P   2700
102,4,2237,2243,2247,2251;                                          2255P   2701
102,4,2241,2245,2249,2253;                                          2257P   2702
142,1,2235,2255,2257,1;                                             2259P   2703
144,2235,1,0,2259;                                                  2261P   2704
110,5.,1200.,0.,5.,1200.,1000.;                                     2263P   2705
110,6.,1200.,0.,6.,1200.,5.;                                        2265P   2706
120,2263,2265,0.,6.28318530717959;                                  2267P   2707
126,1,1,1,0,1,0,0.,0.,1.,1.,1.,1.,1.,3.141592654,0.,1.,0.,0.,       2269P   2708
0.,1.,0.,0.,1.;                                                     2269P   2709
124,-1.,-6.98296267768627E-15,0.,10.0000000000084,                  2271P   2710
-6.98296267768627E-15,1.,-6.98296267768627E-15,                     2271P   2711
1.39659253553842E-13,4.87617677579594E-29,                          2271P   2712
-6.98296267768627E-15,-1.,10.0000000000084;                         2271P   2713
100,5.,5.,1200.,6.,1200.,4.,1200.;                                  2273P   2714
126,1,1,1,0,1,0,0.,0.,1.,1.,1.,1.,1.,0.,0.,0.,0.,0.,0.,1.,0.,       2275P   2715
0.,1.;                                                              2275P   2716
110,6.,1200.,5.,6.,1200.,0.;                                        2277P   2717
126,1,1,1,0,1,0,0.,0.,1.,1.,1.,1.,0.,0.,0.,0.,3.141592654,0.,       2279P   2718
0.,1.,0.,0.,1.;                                                     2279P   2719
100,0.,5.,1200.,6.,1200.,4.,1200.;                                  2281P   2720
126,1,1,1,0,1,0,0.,0.,1.,1.,1.,1.,0.,3.141592654,0.,1.,             2283P   2721
3.141592654,0.,0.,1.,0.,0.,1.;                                      2283P   2722
110,4.,1200.,0.,4.,1200.,5.;                                        2285P   2723
102,4,2269,2275,2279,2283;                                          2287P   2724
102,4,2273,2277,2281,2285;                                          2289P   2725
142,1,2267,2287,2289,1;                                             2291P   2726
144,2267,1,0,2291;                                                  2293P   2727
110,5.,300.,0.,5.,300.,1000.;                                       2295P   2728
110,6.,300.,0.,6.,300.,5.;                                          2297P   2729
120,2295,2297,0.,6.28318530717959;                                  2299P   2730
126,1,1,1,0,1,0,0.,0.,1.,1.,1.,1.,1.,3.141592654,0.,1.,0.,0.,       2301P   2731
0.,1.,0.,0.,1.;                                                     2301P   2732
124,-1.,-6.98296267768627E-15,0.,10.0000000000021,                  2303P   2733
-6.98296267768627E-15,1.,-6.98296267768627E-15,                     2303P   2734
2.86369510912389E-14,4.87617677579594E-29,                          2303P   2735
-6.98296267768627E-15,-1.,10.0000000000021;                         2303P   2736
100,5.,5.,300.,6.,300.,4.,300.;                                     2305P   2737
126,1,1,1,0,1,0,0.,0.,1.,1.,1.,1.,1.,0.,0.,0.,0.,0.,0.,1.,0.,       2307P   2738
0.,1.;                                                              2307P   2739
110,6.,300.,5.,6.,300.,0.;                                          2309P   2740
126,1,1,1,0,1,0,0.,0.,1.,1.,1.,1.,0.,0.,0.,0.,3.141592654,0.,       2311P   2741
0.,1.,0.,0.,1.;                                                     2311P   2742
100,0.,5.,300.,6.,300.,4.,300.;                                     2313P   2743
126,1,1,1,0,1,0,0.,0.,1.,1.,1.,1.,0.,3.141592654,0.,1.,             2315P   2744
3.141592654,0.,0.,1.,0.,0.,1.;                                      2315P   2745
110,4.,300.,0.,4.,300.,5.;                                          2317P   2746
102,4,2301,2307,2311,2315;                                          2319P   2747
102,4,2305,2309,2313,2317;                                          2321P   2748
142,1,2299,2319,2321,1;                                             2323P   2749
144,2299,1,0,2323;                                                  2325P   2750
110,5.,150.,0.,5.,150.,1000.;                                       2327P   2751
110,6.,150.,0.,6.,150.,5.;                                          2329P   2752
120,2327,2329,0.,6.28318530717959;                                  2331P   2753
126,1,1,1,0,1,0,0.,0.,1.,1.,1.,1.,1.,3.141592654,0.,1.,0.,0.,       2333P   2754
0.,1.,0.,0.,1.;                                                     2333P   2755
124,-1.,-6.98296267768627E-15,0.,10.000000000001,                   2335P   2756
-6.98296267768627E-15,1.,-6.98296267768627E-15,                     2335P   2757
8.41481023224822E-14,4.87617677579594E-29,                          2335P   2758
-6.98296267768627E-15,-1.,10.000000000001;                          2335P   2759
100,5.,5.,150.,6.,150.,4.,150.;                                     2337P   2760
126,1,1,1,0,1,0,0.,0.,1.,1.,1.,1.,1.,0.,0.,0.,0.,0.,0.,1.,0.,       2339P   2761
0.,1.;                                                              2339P   2762
110,6.,150.,5.,6.,150.,0.;                                          2341P   2763
126,1,1,1,0,1,0,0.,0.,1.,1.,1.,1.,0.,0.,0.,0.,3.141592654,0.,       2343P   2764
0.,1.,0.,0.,1.;                                                     2343P   2765
100,0.,5.,150.,6.,150.,4.,150.;                                     2345P   2766
126,1,1,1,0,1,0,0.,0.,1.,1.,1.,1.,0.,3.141592654,0.,1.,             2347P   2767
3.141592654,0.,0.,1.,0.,0.,1.;                                      2347P   2768
110,4.,150.,0.,4.,150.,5.;                                          2349P   2769
102,4,2333,2339,2343,2347;                                          2351P   2770
102,4,2337,2341,2345,2349;                                          2353P   2771
142,1,2331,2351,2353,1;                                             2355P   2772
144,2331,1,0,2355;                                                  2357P   2773
110,985.,1495.,0.,985.,1495.,1000.;                                 2359P   2774
110,986.,1495.,0.,986.,1495.,5.;                                    2361P   2775
120,2359,2361,0.,6.28318530717959;                                  2363P   2776
126,1,1,1,0,1,0,0.,0.,1.,1.,1.,1.,1.,3.141592654,0.,1.,0.,0.,       2365P   2777
0.,1.,0.,0.,1.;                                                     2365P   2778
124,-1.,-6.98296267768627E-15,0.,1970.00000000001,                  2367P   2779
-6.98296267768627E-15,1.,-6.98296267768627E-15,                     2367P   2780
6.94288334914298E-12,4.87617677579594E-29,                          2367P   2781
-6.98296267768627E-15,-1.,10.0000000000104;                         2367P   2782
100,5.,985.,1495.,986.,1495.,984.,1495.;                            2369P   2783
126,1,1,1,0,1,0,0.,0.,1.,1.,1.,1.,1.,0.,0.,0.,0.,0.,0.,1.,0.,       2371P   2784
0.,1.;                                                              2371P   2785
110,986.,1495.,5.,986.,1495.,0.;                                    2373P   2786
126,1,1,1,0,1,0,0.,0.,1.,1.,1.,1.,0.,0.,0.,0.,3.141592654,0.,       2375P   2787
0.,1.,0.,0.,1.;                                                     2375P   2788
100,0.,985.,1495.,986.,1495.,984.,1495.;                            2377P   2789
126,1,1,1,0,1,0,0.,0.,1.,1.,1.,1.,0.,3.141592654,0.,1.,             2379P   2790
3.141592654,0.,0.,1.,0.,0.,1.;                                      2379P   2791
110,984.,1495.,0.,984.,1495.,5.;                                    2381P   2792
102,4,2365,2371,2375,2379;                                          2383P   2793
102,4,2369,2373,2377,2381;                                          2385P   2794
142,1,2363,2383,2385,1;                                             2387P   2795
144,2363,1,0,2387;                                                  2389P   2796
110,995.,1200.,0.,995.,1200.,1000.;                                 2391P   2797
110,996.,1200.,0.,996.,1200.,5.;                                    2393P   2798
120,2391,2393,0.,6.28318530717959;                                  2395P   2799
126,1,1,1,0,1,0,0.,0.,1.,1.,1.,1.,1.,3.141592654,0.,1.,0.,0.,       2397P   2800
0.,1.,0.,0.,1.;                                                     2397P   2801
124,-1.,-6.98296267768627E-15,0.,1990.00000000001,                  2399P   2802
-6.98296267768627E-15,1.,-6.98296267768627E-15,                     2399P   2803
7.08254260269668E-12,4.87617677579594E-29,                          2399P   2804
-6.98296267768627E-15,-1.,10.0000000000084;                         2399P   2805
100,5.,995.,1200.,996.,1200.,994.,1200.;                            2401P   2806
126,1,1,1,0,1,0,0.,0.,1.,1.,1.,1.,1.,0.,0.,0.,0.,0.,0.,1.,0.,       2403P   2807
0.,1.;                                                              2403P   2808
110,996.,1200.,5.,996.,1200.,0.;                                    2405P   2809
126,1,1,1,0,1,0,0.,0.,1.,1.,1.,1.,0.,0.,0.,0.,3.141592654,0.,       2407P   2810
0.,1.,0.,0.,1.;                                                     2407P   2811
100,0.,995.,1200.,996.,1200.,994.,1200.;                            2409P   2812
126,1,1,1,0,1,0,0.,0.,1.,1.,1.,1.,0.,3.141592654,0.,1.,             2411P   2813
3.141592654,0.,0.,1.,0.,0.,1.;                                      2411P   2814
110,994.,1200.,0.,994.,1200.,5.;                                    2413P   2815
102,4,2397,2403,2407,2411;                                          2415P   2816
102,4,2401,2405,2409,2413;                                          2417P   2817
142,1,2395,2415,2417,1;                                             2419P   2818
144,2395,1,0,2419;                                                  2421P   2819
110,995.,300.,0.,995.,300.,1000.;                                   2423P   2820
110,996.,300.,0.,996.,300.,5.;                                      2425P   2821
120,2423,2425,0.,6.28318530717959;                                  2427P   2822
126,1,1,1,0,1,0,0.,0.,1.,1.,1.,1.,1.,3.141592654,0.,1.,0.,0.,       2429P   2823
0.,1.,0.,0.,1.;                                                     2429P   2824
124,-1.,-6.98296267768627E-15,0.,1990.,-6.98296267768627E-15,       2431P   2825
1.,-6.98296267768627E-15,6.97152030023408E-12,                      2431P   2826
4.87617677579594E-29,-6.98296267768627E-15,-1.,                     2431P   2827
10.0000000000021;                                                   2431P   2828
100,5.,995.,300.,996.,300.,994.,300.;                               2433P   2829
126,1,1,1,0,1,0,0.,0.,1.,1.,1.,1.,1.,0.,0.,0.,0.,0.,0.,1.,0.,       2435P   2830
0.,1.;                                                              2435P   2831
110,996.,300.,5.,996.,300.,0.;                                      2437P   2832
126,1,1,1,0,1,0,0.,0.,1.,1.,1.,1.,0.,0.,0.,0.,3.141592654,0.,       2439P   2833
0.,1.,0.,0.,1.;                                                     2439P   2834
100,0.,995.,300.,996.,300.,994.,300.;                               2441P   2835
126,1,1,1,0,1,0,0.,0.,1.,1.,1.,1.,0.,3.141592654,0.,1.,             2443P   2836
3.141592654,0.,0.,1.,0.,0.,1.;                                      2443P   2837
110,994.,300.,0.,994.,300.,5.;                                      2445P   2838
102,4,2429,2435,2439,2443;                                          2447P   2839
102,4,2433,2437,2441,2445;                                          2449P   2840
142,1,2427,2447,2449,1;                                             2451P   2841
144,2427,1,0,2451;                                                  2453P   2842
110,995.,150.,0.,995.,150.,1000.;                                   2455P   2843
110,996.,150.,0.,996.,150.,5.;                                      2457P   2844
120,2455,2457,0.,6.28318530717959;                                  2459P   2845
126,1,1,1,0,1,0,0.,0.,1.,1.,1.,1.,1.,3.141592654,0.,1.,0.,0.,       2461P   2846
0.,1.,0.,0.,1.;                                                     2461P   2847
124,-1.,-6.98296267768627E-15,0.,1990.,-6.98296267768627E-15,       2463P   2848
1.,-6.98296267768627E-15,6.99927587584969E-12,                      2463P   2849
4.87617677579594E-29,-6.98296267768627E-15,-1.,10.000000000001;     2463P   2850
100,5.,995.,150.,996.,150.,994.,150.;                               2465P   2851
126,1,1,1,0,1,0,0.,0.,1.,1.,1.,1.,1.,0.,0.,0.,0.,0.,0.,1.,0.,       2467P   2852
0.,1.;                                                              2467P   2853
110,996.,150.,5.,996.,150.,0.;                                      2469P   2854
126,1,1,1,0,1,0,0.,0.,1.,1.,1.,1.,0.,0.,0.,0.,3.141592654,0.,       2471P   2855
0.,1.,0.,0.,1.;                                                     2471P   2856
100,0.,995.,150.,996.,150.,994.,150.;                               2473P   2857
126,1,1,1,0,1,0,0.,0.,1.,1.,1.,1.,0.,3.141592654,0.,1.,             2475P   2858
3.141592654,0.,0.,1.,0.,0.,1.;                                      2475P   2859
110,994.,150.,0.,994.,150.,5.;                                      2477P   2860
102,4,2461,2467,2471,2475;                                          2479P   2861
102,4,2465,2469,2473,2477;                                          2481P   2862
142,1,2459,2479,2481,1;                                             2483P   2863
144,2459,1,0,2483;                                                  2485P   2864
110,5.,1350.,0.,5.,1350.,1000.;                                     2487P   2865
110,6.,1350.,0.,6.,1350.,5.;                                        2489P   2866
120,2487,2489,0.,6.28318530717959;                                  2491P   2867
126,1,1,1,0,1,0,0.,0.,1.,1.,1.,1.,1.,3.141592654,0.,1.,0.,0.,       2493P   2868
0.,1.,0.,0.,1.;                                                     2493P   2869
124,-1.,-6.98296267768627E-15,0.,10.0000000000094,                  2495P   2870
-6.98296267768627E-15,1.,-6.98296267768627E-15,                     2495P   2871
1.39659253553857E-13,4.87617677579594E-29,                          2495P   2872
-6.98296267768627E-15,-1.,10.0000000000094;                         2495P   2873
100,5.,5.,1350.,6.,1350.,4.,1350.;                                  2497P   2874
126,1,1,1,0,1,0,0.,0.,1.,1.,1.,1.,1.,0.,0.,0.,0.,0.,0.,1.,0.,       2499P   2875
0.,1.;                                                              2499P   2876
110,6.,1350.,5.,6.,1350.,0.;                                        2501P   2877
126,1,1,1,0,1,0,0.,0.,1.,1.,1.,1.,0.,0.,0.,0.,3.141592654,0.,       2503P   2878
0.,1.,0.,0.,1.;                                                     2503P   2879
100,0.,5.,1350.,6.,1350.,4.,1350.;                                  2505P   2880
126,1,1,1,0,1,0,0.,0.,1.,1.,1.,1.,0.,3.141592654,0.,1.,             2507P   2881
3.141592654,0.,0.,1.,0.,0.,1.;                                      2507P   2882
110,4.,1350.,0.,4.,1350.,5.;                                        2509P   2883
102,4,2493,2499,2503,2507;                                          2511P   2884
102,4,2497,2501,2505,2509;                                          2513P   2885
142,1,2491,2511,2513,1;                                             2515P   2886
144,2491,1,0,2515;                                                  2517P   2887
110,800.,1495.,0.,800.,1495.,1000.;                                 2519P   2888
110,801.,1495.,0.,801.,1495.,5.;                                    2521P   2889
120,2519,2521,0.,6.28318530717959;                                  2523P   2890
126,1,1,1,0,1,0,0.,0.,1.,1.,1.,1.,1.,3.141592654,0.,1.,0.,0.,       2525P   2891
0.,1.,0.,0.,1.;                                                     2525P   2892
124,-1.,-6.98296267768627E-15,0.,1600.00000000001,                  2527P   2893
-6.98296267768627E-15,1.,-6.98296267768627E-15,                     2527P   2894
5.69145478794925E-12,4.87617677579594E-29,                          2527P   2895
-6.98296267768627E-15,-1.,10.0000000000104;                         2527P   2896
100,5.,800.,1495.,801.,1495.,799.,1495.;                            2529P   2897
126,1,1,1,0,1,0,0.,0.,1.,1.,1.,1.,1.,0.,0.,0.,0.,0.,0.,1.,0.,       2531P   2898
0.,1.;                                                              2531P   2899
110,801.,1495.,5.,801.,1495.,0.;                                    2533P   2900
126,1,1,1,0,1,0,0.,0.,1.,1.,1.,1.,0.,0.,0.,0.,3.141592654,0.,       2535P   2901
0.,1.,0.,0.,1.;                                                     2535P   2902
100,0.,800.,1495.,801.,1495.,799.,1495.;                            2537P   2903
126,1,1,1,0,1,0,0.,0.,1.,1.,1.,1.,0.,3.141592654,0.,1.,             2539P   2904
3.141592654,0.,0.,1.,0.,0.,1.;                                      2539P   2905
110,799.,1495.,0.,799.,1495.,5.;                                    2541P   2906
102,4,2525,2531,2535,2539;                                          2543P   2907
102,4,2529,2533,2537,2541;                                          2545P   2908
142,1,2523,2543,2545,1;                                             2547P   2909
144,2523,1,0,2547;                                                  2549P   2910
110,400.,1495.,0.,400.,1495.,1000.;                                 2551P   2911
110,401.,1495.,0.,401.,1495.,5.;                                    2553P   2912
120,2551,2553,0.,6.28318530717959;                                  2555P   2913
126,1,1,1,0,1,0,0.,0.,1.,1.,1.,1.,1.,3.141592654,0.,1.,0.,0.,       2557P   2914
0.,1.,0.,0.,1.;                                                     2557P   2915
124,-1.,-6.98296267768627E-15,0.,800.00000000001,                   2559P   2916
-6.98296267768627E-15,1.,-6.98296267768627E-15,                     2559P   2917
2.76961990490062E-12,4.87617677579594E-29,                          2559P   2918
-6.98296267768627E-15,-1.,10.0000000000104;                         2559P   2919
100,5.,400.,1495.,401.,1495.,399.,1495.;                            2561P   2920
126,1,1,1,0,1,0,0.,0.,1.,1.,1.,1.,1.,0.,0.,0.,0.,0.,0.,1.,0.,       2563P   2921
0.,1.;                                                              2563P   2922
110,401.,1495.,5.,401.,1495.,0.;                                    2565P   2923
126,1,1,1,0,1,0,0.,0.,1.,1.,1.,1.,0.,0.,0.,0.,3.141592654,0.,       2567P   2924
0.,1.,0.,0.,1.;                                                     2567P   2925
100,0.,400.,1495.,401.,1495.,399.,1495.;                            2569P   2926
126,1,1,1,0,1,0,0.,0.,1.,1.,1.,1.,0.,3.141592654,0.,1.,             2571P   2927
3.141592654,0.,0.,1.,0.,0.,1.;                                      2571P   2928
110,399.,1495.,0.,399.,1495.,5.;                                    2573P   2929
102,4,2557,2563,2567,2571;                                          2575P   2930
102,4,2561,2565,2569,2573;                                          2577P   2931
142,1,2555,2575,2577,1;                                             2579P   2932
144,2555,1,0,2579;                                                  2581P   2933
110,200.,1495.,0.,200.,1495.,1000.;                                 2583P   2934
110,201.,1495.,0.,201.,1495.,5.;                                    2585P   2935
120,2583,2585,0.,6.28318530717959;                                  2587P   2936
126,1,1,1,0,1,0,0.,0.,1.,1.,1.,1.,1.,3.141592654,0.,1.,0.,0.,       2589P   2937
0.,1.,0.,0.,1.;                                                     2589P   2938
124,-1.,-6.98296267768627E-15,0.,400.00000000001,                   2591P   2939
-6.98296267768627E-15,1.,-6.98296267768627E-15,                     2591P   2940
1.53074706830133E-12,4.87617677579594E-29,                          2591P   2941
-6.98296267768627E-15,-1.,10.0000000000104;                         2591P   2942
100,5.,200.,1495.,201.,1495.,199.,1495.;                            2593P   2943
126,1,1,1,0,1,0,0.,0.,1.,1.,1.,1.,1.,0.,0.,0.,0.,0.,0.,1.,0.,       2595P   2944
0.,1.;                                                              2595P   2945
110,201.,1495.,5.,201.,1495.,0.;                                    2597P   2946
126,1,1,1,0,1,0,0.,0.,1.,1.,1.,1.,0.,0.,0.,0.,3.141592654,0.,       2599P   2947
0.,1.,0.,0.,1.;                                                     2599P   2948
100,0.,200.,1495.,201.,1495.,199.,1495.;                            2601P   2949
126,1,1,1,0,1,0,0.,0.,1.,1.,1.,1.,0.,3.141592654,0.,1.,             2603P   2950
3.141592654,0.,0.,1.,0.,0.,1.;                                      2603P   2951
110,199.,1495.,0.,199.,1495.,5.;                                    2605P   2952
102,4,2589,2595,2599,2603;                                          2607P   2953
102,4,2593,2597,2601,2605;                                          2609P   2954
142,1,2587,2607,2609,1;                                             2611P   2955
144,2587,1,0,2611;                                                  2613P   2956
110,15.,1495.,0.,15.,1495.,1000.;                                   2615P   2957
110,16.,1495.,0.,16.,1495.,5.;                                      2617P   2958
120,2615,2617,0.,6.28318530717959;                                  2619P   2959
126,1,1,1,0,1,0,0.,0.,1.,1.,1.,1.,1.,3.141592654,0.,1.,0.,0.,       2621P   2960
0.,1.,0.,0.,1.;                                                     2621P   2961
124,-1.,-6.98296267768627E-15,0.,30.0000000000104,                  2623P   2962
-6.98296267768627E-15,1.,-6.98296267768627E-15,                     2623P   2963
2.79318507107596E-13,4.87617677579594E-29,                          2623P   2964
-6.98296267768627E-15,-1.,10.0000000000104;                         2623P   2965
100,5.,15.,1495.,16.,1495.,14.,1495.;                               2625P   2966
126,1,1,1,0,1,0,0.,0.,1.,1.,1.,1.,1.,0.,0.,0.,0.,0.,0.,1.,0.,       2627P   2967
0.,1.;                                                              2627P   2968
110,16.,1495.,5.,16.,1495.,0.;                                      2629P   2969
126,1,1,1,0,1,0,0.,0.,1.,1.,1.,1.,0.,0.,0.,0.,3.141592654,0.,       2631P   2970
0.,1.,0.,0.,1.;                                                     2631P   2971
100,0.,15.,1495.,16.,1495.,14.,1495.;                               2633P   2972
126,1,1,1,0,1,0,0.,0.,1.,1.,1.,1.,0.,3.141592654,0.,1.,             2635P   2973
3.141592654,0.,0.,1.,0.,0.,1.;                                      2635P   2974
110,14.,1495.,0.,14.,1495.,5.;                                      2637P   2975
102,4,2621,2627,2631,2635;                                          2639P   2976
102,4,2625,2629,2633,2637;                                          2641P   2977
142,1,2619,2639,2641,1;                                             2643P   2978
144,2619,1,0,2643;                                                  2645P   2979
110,200.,5.,0.,200.,5.,1000.;                                       2647P   2980
110,201.,5.,0.,201.,5.,5.;                                          2649P   2981
120,2647,2649,0.,6.28318530717959;                                  2651P   2982
126,1,1,1,0,1,0,0.,0.,1.,1.,1.,1.,1.,3.141592654,0.,1.,0.,0.,       2653P   2983
0.,1.,0.,0.,1.;                                                     2653P   2984
124,-1.,-6.98296267768627E-15,0.,400.,-6.98296267768627E-15,1.,     2655P   2985
-6.98296267768627E-15,1.4318678301705E-12,4.87617677579594E-29,     2655P   2986
-6.98296267768627E-15,-1.,10.;                                      2655P   2987
100,5.,200.,5.,201.,5.,199.,5.;                                     2657P   2988
126,1,1,1,0,1,0,0.,0.,1.,1.,1.,1.,1.,0.,0.,0.,0.,0.,0.,1.,0.,       2659P   2989
0.,1.;                                                              2659P   2990
110,201.,5.,5.,201.,5.,0.;                                          2661P   2991
126,1,1,1,0,1,0,0.,0.,1.,1.,1.,1.,0.,0.,0.,0.,3.141592654,0.,       2663P   2992
0.,1.,0.,0.,1.;                                                     2663P   2993
100,0.,200.,5.,201.,5.,199.,5.;                                     2665P   2994
126,1,1,1,0,1,0,0.,0.,1.,1.,1.,1.,0.,3.141592654,0.,1.,             2667P   2995
3.141592654,0.,0.,1.,0.,0.,1.;                                      2667P   2996
110,199.,5.,0.,199.,5.,5.;                                          2669P   2997
102,4,2653,2659,2663,2667;                                          2671P   2998
102,4,2657,2661,2665,2669;                                          2673P   2999
142,1,2651,2671,2673,1;                                             2675P   3000
144,2651,1,0,2675;                                                  2677P   3001
110,800.,5.,0.,800.,5.,1000.;                                       2679P   3002
110,801.,5.,0.,801.,5.,5.;                                          2681P   3003
120,2679,2681,0.,6.28318530717959;                                  2683P   3004
126,1,1,1,0,1,0,0.,0.,1.,1.,1.,1.,1.,3.141592654,0.,1.,0.,0.,       2685P   3005
0.,1.,0.,0.,1.;                                                     2685P   3006
124,-1.,-6.98296267768627E-15,0.,1600.,-6.98296267768627E-15,       2687P   3007
1.,-6.98296267768627E-15,5.62119848717205E-12,                      2687P   3008
4.87617677579594E-29,-6.98296267768627E-15,-1.,10.;                 2687P   3009
100,5.,800.,5.,801.,5.,799.,5.;                                     2689P   3010
126,1,1,1,0,1,0,0.,0.,1.,1.,1.,1.,1.,0.,0.,0.,0.,0.,0.,1.,0.,       2691P   3011
0.,1.;                                                              2691P   3012
110,801.,5.,5.,801.,5.,0.;                                          2693P   3013
126,1,1,1,0,1,0,0.,0.,1.,1.,1.,1.,0.,0.,0.,0.,3.141592654,0.,       2695P   3014
0.,1.,0.,0.,1.;                                                     2695P   3015
100,0.,800.,5.,801.,5.,799.,5.;                                     2697P   3016
126,1,1,1,0,1,0,0.,0.,1.,1.,1.,1.,0.,3.141592654,0.,1.,             2699P   3017
3.141592654,0.,0.,1.,0.,0.,1.;                                      2699P   3018
110,799.,5.,0.,799.,5.,5.;                                          2701P   3019
102,4,2685,2691,2695,2699;                                          2703P   3020
102,4,2689,2693,2697,2701;                                          2705P   3021
142,1,2683,2703,2705,1;                                             2707P   3022
144,2683,1,0,2707;                                                  2709P   3023
110,995.,15.,0.,995.,15.,1000.;                                     2711P   3024
110,996.,15.,0.,996.,15.,5.;                                        2713P   3025
120,2711,2713,0.,6.28318530717959;                                  2715P   3026
126,1,1,1,0,1,0,0.,0.,1.,1.,1.,1.,1.,3.141592654,0.,1.,0.,0.,       2717P   3027
0.,1.,0.,0.,1.;                                                     2717P   3028
124,-1.,-6.98296267768627E-15,0.,1990.,-6.98296267768627E-15,       2719P   3029
1.,-6.98296267768627E-15,6.98366336456589E-12,                      2719P   3030
4.87617677579594E-29,-6.98296267768627E-15,-1.,                     2719P   3031
10.0000000000001;                                                   2719P   3032
100,5.,995.,15.,996.,15.,994.,15.;                                  2721P   3033
126,1,1,1,0,1,0,0.,0.,1.,1.,1.,1.,1.,0.,0.,0.,0.,0.,0.,1.,0.,       2723P   3034
0.,1.;                                                              2723P   3035
110,996.,15.,5.,996.,15.,0.;                                        2725P   3036
126,1,1,1,0,1,0,0.,0.,1.,1.,1.,1.,0.,0.,0.,0.,3.141592654,0.,       2727P   3037
0.,1.,0.,0.,1.;                                                     2727P   3038
100,0.,995.,15.,996.,15.,994.,15.;                                  2729P   3039
126,1,1,1,0,1,0,0.,0.,1.,1.,1.,1.,0.,3.141592654,0.,1.,             2731P   3040
3.141592654,0.,0.,1.,0.,0.,1.;                                      2731P   3041
110,994.,15.,0.,994.,15.,5.;                                        2733P   3042
102,4,2717,2723,2727,2731;                                          2735P   3043
102,4,2721,2725,2729,2733;                                          2737P   3044
142,1,2715,2735,2737,1;                                             2739P   3045
144,2715,1,0,2739;                                                  2741P   3046
110,400.,5.,0.,400.,5.,1000.;                                       2743P   3047
110,401.,5.,0.,401.,5.,5.;                                          2745P   3048
120,2743,2745,0.,6.28318530717959;                                  2747P   3049
126,1,1,1,0,1,0,0.,0.,1.,1.,1.,1.,1.,3.141592654,0.,1.,0.,0.,       2749P   3050
0.,1.,0.,0.,1.;                                                     2749P   3051
124,-1.,-6.98296267768627E-15,0.,800.,-6.98296267768627E-15,1.,     2751P   3052
-6.98296267768627E-15,2.82860050308368E-12,                         2751P   3053
4.87617677579594E-29,-6.98296267768627E-15,-1.,10.;                 2751P   3054
100,5.,400.,5.,401.,5.,399.,5.;                                     2753P   3055
126,1,1,1,0,1,0,0.,0.,1.,1.,1.,1.,1.,0.,0.,0.,0.,0.,0.,1.,0.,       2755P   3056
0.,1.;                                                              2755P   3057
110,401.,5.,5.,401.,5.,0.;                                          2757P   3058
126,1,1,1,0,1,0,0.,0.,1.,1.,1.,1.,0.,0.,0.,0.,3.141592654,0.,       2759P   3059
0.,1.,0.,0.,1.;                                                     2759P   3060
100,0.,400.,5.,401.,5.,399.,5.;                                     2761P   3061
126,1,1,1,0,1,0,0.,0.,1.,1.,1.,1.,0.,3.141592654,0.,1.,             2763P   3062
3.141592654,0.,0.,1.,0.,0.,1.;                                      2763P   3063
110,399.,5.,0.,399.,5.,5.;                                          2765P   3064
102,4,2749,2755,2759,2763;                                          2767P   3065
102,4,2753,2757,2761,2765;                                          2769P   3066
142,1,2747,2767,2769,1;                                             2771P   3067
144,2747,1,0,2771;                                                  2773P   3068
110,995.,600.,0.,995.,600.,1000.;                                   2775P   3069
110,996.,600.,0.,996.,600.,5.;                                      2777P   3070
120,2775,2777,0.,6.28318530717959;                                  2779P   3071
126,1,1,1,0,1,0,0.,0.,1.,1.,1.,1.,1.,3.141592654,0.,1.,0.,0.,       2781P   3072
0.,1.,0.,0.,1.;                                                     2781P   3073
124,-1.,-6.98296267768627E-15,0.,1990.,-6.98296267768627E-15,       2783P   3074
1.,-6.98296267768627E-15,6.97152030023411E-12,                      2783P   3075
4.87617677579594E-29,-6.98296267768627E-15,-1.,                     2783P   3076
10.0000000000042;                                                   2783P   3077
100,5.,995.,600.,996.,600.,994.,600.;                               2785P   3078
126,1,1,1,0,1,0,0.,0.,1.,1.,1.,1.,1.,0.,0.,0.,0.,0.,0.,1.,0.,       2787P   3079
0.,1.;                                                              2787P   3080
110,996.,600.,5.,996.,600.,0.;                                      2789P   3081
126,1,1,1,0,1,0,0.,0.,1.,1.,1.,1.,0.,0.,0.,0.,3.141592654,0.,       2791P   3082
0.,1.,0.,0.,1.;                                                     2791P   3083
100,0.,995.,600.,996.,600.,994.,600.;                               2793P   3084
126,1,1,1,0,1,0,0.,0.,1.,1.,1.,1.,0.,3.141592654,0.,1.,             2795P   3085
3.141592654,0.,0.,1.,0.,0.,1.;                                      2795P   3086
110,994.,600.,0.,994.,600.,5.;                                      2797P   3087
102,4,2781,2787,2791,2795;                                          2799P   3088
102,4,2785,2789,2793,2797;                                          2801P   3089
142,1,2779,2799,2801,1;                                             2803P   3090
144,2779,1,0,2803;                                                  2805P   3091
110,995.,750.,0.,995.,750.,1000.;                                   2807P   3092
110,996.,750.,0.,996.,750.,5.;                                      2809P   3093
120,2807,2809,0.,6.28318530717959;                                  2811P   3094
126,1,1,1,0,1,0,0.,0.,1.,1.,1.,1.,1.,3.141592654,0.,1.,0.,0.,       2813P   3095
0.,1.,0.,0.,1.;                                                     2813P   3096
124,-1.,-6.98296267768627E-15,0.,1990.00000000001,                  2815P   3097
-6.98296267768627E-15,1.,-6.98296267768627E-15,                     2815P   3098
6.97152030023412E-12,4.87617677579594E-29,                          2815P   3099
-6.98296267768627E-15,-1.,10.0000000000052;                         2815P   3100
100,5.,995.,750.,996.,750.,994.,750.;                               2817P   3101
126,1,1,1,0,1,0,0.,0.,1.,1.,1.,1.,1.,0.,0.,0.,0.,0.,0.,1.,0.,       2819P   3102
0.,1.;                                                              2819P   3103
110,996.,750.,5.,996.,750.,0.;                                      2821P   3104
126,1,1,1,0,1,0,0.,0.,1.,1.,1.,1.,0.,0.,0.,0.,3.141592654,0.,       2823P   3105
0.,1.,0.,0.,1.;                                                     2823P   3106
100,0.,995.,750.,996.,750.,994.,750.;                               2825P   3107
126,1,1,1,0,1,0,0.,0.,1.,1.,1.,1.,0.,3.141592654,0.,1.,             2827P   3108
3.141592654,0.,0.,1.,0.,0.,1.;                                      2827P   3109
110,994.,750.,0.,994.,750.,5.;                                      2829P   3110
102,4,2813,2819,2823,2827;                                          2831P   3111
102,4,2817,2821,2825,2829;                                          2833P   3112
142,1,2811,2831,2833,1;                                             2835P   3113
144,2811,1,0,2835;                                                  2837P   3114
110,995.,900.,0.,995.,900.,1000.;                                   2839P   3115
110,996.,900.,0.,996.,900.,5.;                                      2841P   3116
120,2839,2841,0.,6.28318530717959;                                  2843P   3117
126,1,1,1,0,1,0,0.,0.,1.,1.,1.,1.,1.,3.141592654,0.,1.,0.,0.,       2845P   3118
0.,1.,0.,0.,1.;                                                     2845P   3119
124,-1.,-6.98296267768627E-15,0.,1990.00000000001,                  2847P   3120
-6.98296267768627E-15,1.,-6.98296267768627E-15,                     2847P   3121
6.97152030023414E-12,4.87617677579594E-29,                          2847P   3122
-6.98296267768627E-15,-1.,10.0000000000063;                         2847P   3123
100,5.,995.,900.,996.,900.,994.,900.;                               2849P   3124
126,1,1,1,0,1,0,0.,0.,1.,1.,1.,1.,1.,0.,0.,0.,0.,0.,0.,1.,0.,       2851P   3125
0.,1.;                                                              2851P   3126
110,996.,900.,5.,996.,900.,0.;                                      2853P   3127
126,1,1,1,0,1,0,0.,0.,1.,1.,1.,1.,0.,0.,0.,0.,3.141592654,0.,       2855P   3128
0.,1.,0.,0.,1.;                                                     2855P   3129
100,0.,995.,900.,996.,900.,994.,900.;                               2857P   3130
126,1,1,1,0,1,0,0.,0.,1.,1.,1.,1.,0.,3.141592654,0.,1.,             2859P   3131
3.141592654,0.,0.,1.,0.,0.,1.;                                      2859P   3132
110,994.,900.,0.,994.,900.,5.;                                      2861P   3133
102,4,2845,2851,2855,2859;                                          2863P   3134
102,4,2849,2853,2857,2861;                                          2865P   3135
142,1,2843,2863,2865,1;                                             2867P   3136
144,2843,1,0,2867;                                                  2869P   3137
110,995.,1050.,0.,995.,1050.,1000.;                                 2871P   3138
110,996.,1050.,0.,996.,1050.,5.;                                    2873P   3139
120,2871,2873,0.,6.28318530717959;                                  2875P   3140
126,1,1,1,0,1,0,0.,0.,1.,1.,1.,1.,1.,3.141592654,0.,1.,0.,0.,       2877P   3141
0.,1.,0.,0.,1.;                                                     2877P   3142
124,-1.,-6.98296267768627E-15,0.,1990.00000000001,                  2879P   3143
-6.98296267768627E-15,1.,-6.98296267768627E-15,                     2879P   3144
7.08254260269667E-12,4.87617677579594E-29,                          2879P   3145
-6.98296267768627E-15,-1.,10.0000000000073;                         2879P   3146
100,5.,995.,1050.,996.,1050.,994.,1050.;                            2881P   3147
126,1,1,1,0,1,0,0.,0.,1.,1.,1.,1.,1.,0.,0.,0.,0.,0.,0.,1.,0.,       2883P   3148
0.,1.;                                                              2883P   3149
110,996.,1050.,5.,996.,1050.,0.;                                    2885P   3150
126,1,1,1,0,1,0,0.,0.,1.,1.,1.,1.,0.,0.,0.,0.,3.141592654,0.,       2887P   3151
0.,1.,0.,0.,1.;                                                     2887P   3152
100,0.,995.,1050.,996.,1050.,994.,1050.;                            2889P   3153
126,1,1,1,0,1,0,0.,0.,1.,1.,1.,1.,0.,3.141592654,0.,1.,             2891P   3154
3.141592654,0.,0.,1.,0.,0.,1.;                                      2891P   3155
110,994.,1050.,0.,994.,1050.,5.;                                    2893P   3156
102,4,2877,2883,2887,2891;                                          2895P   3157
102,4,2881,2885,2889,2893;                                          2897P   3158
142,1,2875,2895,2897,1;                                             2899P   3159
144,2875,1,0,2899;                                                  2901P   3160
110,5.,900.,0.,5.,900.,1000.;                                       2903P   3161
110,6.,900.,0.,6.,900.,5.;                                          2905P   3162
120,2903,2905,0.,6.28318530717959;                                  2907P   3163
126,1,1,1,0,1,0,0.,0.,1.,1.,1.,1.,1.,3.141592654,0.,1.,0.,0.,       2909P   3164
0.,1.,0.,0.,1.;                                                     2909P   3165
124,-1.,-6.98296267768627E-15,0.,10.0000000000063,                  2911P   3166
-6.98296267768627E-15,1.,-6.98296267768627E-15,                     2911P   3167
1.39659253553813E-13,4.87617677579594E-29,                          2911P   3168
-6.98296267768627E-15,-1.,10.0000000000063;                         2911P   3169
100,5.,5.,900.,6.,900.,4.,900.;                                     2913P   3170
126,1,1,1,0,1,0,0.,0.,1.,1.,1.,1.,1.,0.,0.,0.,0.,0.,0.,1.,0.,       2915P   3171
0.,1.;                                                              2915P   3172
110,6.,900.,5.,6.,900.,0.;                                          2917P   3173
126,1,1,1,0,1,0,0.,0.,1.,1.,1.,1.,0.,0.,0.,0.,3.141592654,0.,       2919P   3174
0.,1.,0.,0.,1.;                                                     2919P   3175
100,0.,5.,900.,6.,900.,4.,900.;                                     2921P   3176
126,1,1,1,0,1,0,0.,0.,1.,1.,1.,1.,0.,3.141592654,0.,1.,             2923P   3177
3.141592654,0.,0.,1.,0.,0.,1.;                                      2923P   3178
110,4.,900.,0.,4.,900.,5.;                                          2925P   3179
102,4,2909,2915,2919,2923;                                          2927P   3180
102,4,2913,2917,2921,2925;                                          2929P   3181
142,1,2907,2927,2929,1;                                             2931P   3182
144,2907,1,0,2931;                                                  2933P   3183
110,5.,600.,0.,5.,600.,1000.;                                       2935P   3184
110,6.,600.,0.,6.,600.,5.;                                          2937P   3185
120,2935,2937,0.,6.28318530717959;                                  2939P   3186
126,1,1,1,0,1,0,0.,0.,1.,1.,1.,1.,1.,3.141592654,0.,1.,0.,0.,       2941P   3187
0.,1.,0.,0.,1.;                                                     2941P   3188
124,-1.,-6.98296267768627E-15,0.,10.0000000000042,                  2943P   3189
-6.98296267768627E-15,1.,-6.98296267768627E-15,                     2943P   3190
1.39659253553784E-13,4.87617677579594E-29,                          2943P   3191
-6.98296267768627E-15,-1.,10.0000000000042;                         2943P   3192
100,5.,5.,600.,6.,600.,4.,600.;                                     2945P   3193
126,1,1,1,0,1,0,0.,0.,1.,1.,1.,1.,1.,0.,0.,0.,0.,0.,0.,1.,0.,       2947P   3194
0.,1.;                                                              2947P   3195
110,6.,600.,5.,6.,600.,0.;                                          2949P   3196
126,1,1,1,0,1,0,0.,0.,1.,1.,1.,1.,0.,0.,0.,0.,3.141592654,0.,       2951P   3197
0.,1.,0.,0.,1.;                                                     2951P   3198
100,0.,5.,600.,6.,600.,4.,600.;                                     2953P   3199
126,1,1,1,0,1,0,0.,0.,1.,1.,1.,1.,0.,3.141592654,0.,1.,             2955P   3200
3.141592654,0.,0.,1.,0.,0.,1.;                                      2955P   3201
110,4.,600.,0.,4.,600.,5.;                                          2957P   3202
102,4,2941,2947,2951,2955;                                          2959P   3203
102,4,2945,2949,2953,2957;                                          2961P   3204
142,1,2939,2959,2961,1;                                             2963P   3205
144,2939,1,0,2963;                                                  2965P   3206
110,5.,450.,0.,5.,450.,1000.;                                       2967P   3207
110,6.,450.,0.,6.,450.,5.;                                          2969P   3208
120,2967,2969,0.,6.28318530717959;                                  2971P   3209
126,1,1,1,0,1,0,0.,0.,1.,1.,1.,1.,1.,3.141592654,0.,1.,0.,0.,       2973P   3210
0.,1.,0.,0.,1.;                                                     2973P   3211
124,-1.,-6.98296267768627E-15,0.,10.0000000000031,                  2975P   3212
-6.98296267768627E-15,1.,-6.98296267768627E-15,                     2975P   3213
2.86369510912536E-14,4.87617677579594E-29,                          2975P   3214
-6.98296267768627E-15,-1.,10.0000000000031;                         2975P   3215
100,5.,5.,450.,6.,450.,4.,450.;                                     2977P   3216
126,1,1,1,0,1,0,0.,0.,1.,1.,1.,1.,1.,0.,0.,0.,0.,0.,0.,1.,0.,       2979P   3217
0.,1.;                                                              2979P   3218
110,6.,450.,5.,6.,450.,0.;                                          2981P   3219
126,1,1,1,0,1,0,0.,0.,1.,1.,1.,1.,0.,0.,0.,0.,3.141592654,0.,       2983P   3220
0.,1.,0.,0.,1.;                                                     2983P   3221
100,0.,5.,450.,6.,450.,4.,450.;                                     2985P   3222
126,1,1,1,0,1,0,0.,0.,1.,1.,1.,1.,0.,3.141592654,0.,1.,             2987P   3223
3.141592654,0.,0.,1.,0.,0.,1.;                                      2987P   3224
110,4.,450.,0.,4.,450.,5.;                                          2989P   3225
102,4,2973,2979,2983,2987;                                          2991P   3226
102,4,2977,2981,2985,2989;                                          2993P   3227
142,1,2971,2991,2993,1;                                             2995P   3228
144,2971,1,0,2995;                                                  2997P   3229
110,5.,750.,0.,5.,750.,1000.;                                       2999P   3230
110,6.,750.,0.,6.,750.,5.;                                          3001P   3231
120,2999,3001,0.,6.28318530717959;                                  3003P   3232
126,1,1,1,0,1,0,0.,0.,1.,1.,1.,1.,1.,3.141592654,0.,1.,0.,0.,       3005P   3233
0.,1.,0.,0.,1.;                                                     3005P   3234
124,-1.,-6.98296267768627E-15,0.,10.0000000000052,                  3007P   3235
-6.98296267768627E-15,1.,-6.98296267768627E-15,                     3007P   3236
1.39659253553798E-13,4.87617677579594E-29,                          3007P   3237
-6.98296267768627E-15,-1.,10.0000000000052;                         3007P   3238
100,5.,5.,750.,6.,750.,4.,750.;                                     3009P   3239
126,1,1,1,0,1,0,0.,0.,1.,1.,1.,1.,1.,0.,0.,0.,0.,0.,0.,1.,0.,       3011P   3240
0.,1.;                                                              3011P   3241
110,6.,750.,5.,6.,750.,0.;                                          3013P   3242
126,1,1,1,0,1,0,0.,0.,1.,1.,1.,1.,0.,0.,0.,0.,3.141592654,0.,       3015P   3243
0.,1.,0.,0.,1.;                                                     3015P   3244
100,0.,5.,750.,6.,750.,4.,750.;                                     3017P   3245
126,1,1,1,0,1,0,0.,0.,1.,1.,1.,1.,0.,3.141592654,0.,1.,             3019P   3246
3.141592654,0.,0.,1.,0.,0.,1.;                                      3019P   3247
110,4.,750.,0.,4.,750.,5.;                                          3021P   3248
102,4,3005,3011,3015,3019;                                          3023P   3249
102,4,3009,3013,3017,3021;                                          3025P   3250
142,1,3003,3023,3025,1;                                             3027P   3251
144,3003,1,0,3027;                                                  3029P   3252
110,985.,5.,0.,985.,5.,1000.;                                       3031P   3253
110,986.,5.,0.,986.,5.,5.;                                          3033P   3254
120,3031,3033,0.,6.28318530717959;                                  3035P   3255
126,1,1,1,0,1,0,0.,0.,1.,1.,1.,1.,1.,3.141592654,0.,1.,0.,0.,       3037P   3256
0.,1.,0.,0.,1.;                                                     3037P   3257
124,-1.,-6.98296267768627E-15,0.,1970.,-6.98296267768627E-15,       3039P   3258
1.,-6.98296267768627E-15,6.91339305005123E-12,                      3039P   3259
4.87617677579594E-29,-6.98296267768627E-15,-1.,10.;                 3039P   3260
100,5.,985.,5.,986.,5.,984.,5.;                                     3041P   3261
126,1,1,1,0,1,0,0.,0.,1.,1.,1.,1.,1.,0.,0.,0.,0.,0.,0.,1.,0.,       3043P   3262
0.,1.;                                                              3043P   3263
110,986.,5.,5.,986.,5.,0.;                                          3045P   3264
126,1,1,1,0,1,0,0.,0.,1.,1.,1.,1.,0.,0.,0.,0.,3.141592654,0.,       3047P   3265
0.,1.,0.,0.,1.;                                                     3047P   3266
100,0.,985.,5.,986.,5.,984.,5.;                                     3049P   3267
126,1,1,1,0,1,0,0.,0.,1.,1.,1.,1.,0.,3.141592654,0.,1.,             3051P   3268
3.141592654,0.,0.,1.,0.,0.,1.;                                      3051P   3269
110,984.,5.,0.,984.,5.,5.;                                          3053P   3270
102,4,3037,3043,3047,3051;                                          3055P   3271
102,4,3041,3045,3049,3053;                                          3057P   3272
142,1,3035,3055,3057,1;                                             3059P   3273
144,3035,1,0,3059;                                                  3061P   3274
110,995.,1485.,0.,995.,1485.,1000.;                                 3063P   3275
110,996.,1485.,0.,996.,1485.,5.;                                    3065P   3276
120,3063,3065,0.,6.28318530717959;                                  3067P   3277
126,1,1,1,0,1,0,0.,0.,1.,1.,1.,1.,1.,3.141592654,0.,1.,0.,0.,       3069P   3278
0.,1.,0.,0.,1.;                                                     3069P   3279
124,-1.,-6.98296267768627E-15,0.,1990.00000000001,                  3071P   3280
-6.98296267768627E-15,1.,-6.98296267768627E-15,                     3071P   3281
7.08254260269671E-12,4.87617677579594E-29,                          3071P   3282
-6.98296267768627E-15,-1.,10.0000000000104;                         3071P   3283
100,5.,995.,1485.,996.,1485.,994.,1485.;                            3073P   3284
126,1,1,1,0,1,0,0.,0.,1.,1.,1.,1.,1.,0.,0.,0.,0.,0.,0.,1.,0.,       3075P   3285
0.,1.;                                                              3075P   3286
110,996.,1485.,5.,996.,1485.,0.;                                    3077P   3287
126,1,1,1,0,1,0,0.,0.,1.,1.,1.,1.,0.,0.,0.,0.,3.141592654,0.,       3079P   3288
0.,1.,0.,0.,1.;                                                     3079P   3289
100,0.,995.,1485.,996.,1485.,994.,1485.;                            3081P   3290
126,1,1,1,0,1,0,0.,0.,1.,1.,1.,1.,0.,3.141592654,0.,1.,             3083P   3291
3.141592654,0.,0.,1.,0.,0.,1.;                                      3083P   3292
110,994.,1485.,0.,994.,1485.,5.;                                    3085P   3293
102,4,3069,3075,3079,3083;                                          3087P   3294
102,4,3073,3077,3081,3085;                                          3089P   3295
142,1,3067,3087,3089,1;                                             3091P   3296
144,3067,1,0,3091;                                                  3093P   3297
110,5.,1485.,0.,5.,1485.,1000.;                                     3095P   3298
110,6.,1485.,0.,6.,1485.,5.;                                        3097P   3299
120,3095,3097,0.,6.28318530717959;                                  3099P   3300
126,1,1,1,0,1,0,0.,0.,1.,1.,1.,1.,1.,3.141592654,0.,1.,0.,0.,       3101P   3301
0.,1.,0.,0.,1.;                                                     3101P   3302
124,-1.,-6.98296267768627E-15,0.,10.0000000000104,                  3103P   3303
-6.98296267768627E-15,1.,-6.98296267768627E-15,                     3103P   3304
1.3965925355387E-13,4.87617677579594E-29,-6.98296267768627E-15,     3103P   3305
-1.,10.0000000000104;                                               3103P   3306
100,5.,5.,1485.,6.,1485.,4.,1485.;                                  3105P   3307
126,1,1,1,0,1,0,0.,0.,1.,1.,1.,1.,1.,0.,0.,0.,0.,0.,0.,1.,0.,       3107P   3308
0.,1.;                                                              3107P   3309
110,6.,1485.,5.,6.,1485.,0.;                                        3109P   3310
126,1,1,1,0,1,0,0.,0.,1.,1.,1.,1.,0.,0.,0.,0.,3.141592654,0.,       3111P   3311
0.,1.,0.,0.,1.;                                                     3111P   3312
100,0.,5.,1485.,6.,1485.,4.,1485.;                                  3113P   3313
126,1,1,1,0,1,0,0.,0.,1.,1.,1.,1.,0.,3.141592654,0.,1.,             3115P   3314
3.141592654,0.,0.,1.,0.,0.,1.;                                      3115P   3315
110,4.,1485.,0.,4.,1485.,5.;                                        3117P   3316
102,4,3101,3107,3111,3115;                                          3119P   3317
102,4,3105,3109,3113,3117;                                          3121P   3318
142,1,3099,3119,3121,1;                                             3123P   3319
144,3099,1,0,3123;                                                  3125P   3320
110,995.,1350.,0.,995.,1350.,1000.;                                 3127P   3321
110,996.,1350.,0.,996.,1350.,5.;                                    3129P   3322
120,3127,3129,0.,6.28318530717959;                                  3131P   3323
126,1,1,1,0,1,0,0.,0.,1.,1.,1.,1.,1.,3.141592654,0.,1.,0.,0.,       3133P   3324
0.,1.,0.,0.,1.;                                                     3133P   3325
124,-1.,-6.98296267768627E-15,0.,1990.00000000001,                  3135P   3326
-6.98296267768627E-15,1.,-6.98296267768627E-15,                     3135P   3327
7.0825426026967E-12,4.87617677579594E-29,-6.98296267768627E-15,     3135P   3328
-1.,10.0000000000094;                                               3135P   3329
100,5.,995.,1350.,996.,1350.,994.,1350.;                            3137P   3330
126,1,1,1,0,1,0,0.,0.,1.,1.,1.,1.,1.,0.,0.,0.,0.,0.,0.,1.,0.,       3139P   3331
0.,1.;                                                              3139P   3332
110,996.,1350.,5.,996.,1350.,0.;                                    3141P   3333
126,1,1,1,0,1,0,0.,0.,1.,1.,1.,1.,0.,0.,0.,0.,3.141592654,0.,       3143P   3334
0.,1.,0.,0.,1.;                                                     3143P   3335
100,0.,995.,1350.,996.,1350.,994.,1350.;                            3145P   3336
126,1,1,1,0,1,0,0.,0.,1.,1.,1.,1.,0.,3.141592654,0.,1.,             3147P   3337
3.141592654,0.,0.,1.,0.,0.,1.;                                      3147P   3338
110,994.,1350.,0.,994.,1350.,5.;                                    3149P   3339
102,4,3133,3139,3143,3147;                                          3151P   3340
102,4,3137,3141,3145,3149;                                          3153P   3341
142,1,3131,3151,3153,1;                                             3155P   3342
144,3131,1,0,3155;                                                  3157P   3343
110,15.,5.,0.,15.,5.,1000.;                                         3159P   3344
110,16.,5.,0.,16.,5.,5.;                                            3161P   3345
120,3159,3161,0.,6.28318530717959;                                  3163P   3346
126,1,1,1,0,1,0,0.,0.,1.,1.,1.,1.,1.,3.141592654,0.,1.,0.,0.,       3165P   3347
0.,1.,0.,0.,1.;                                                     3165P   3348
124,-1.,-6.98296267768627E-15,0.,30.,-6.98296267768627E-15,1.,      3167P   3349
-6.98296267768627E-15,1.39673267291318E-13,                         3167P   3350
4.87617677579594E-29,-6.98296267768627E-15,-1.,10.;                 3167P   3351
100,5.,15.,5.,16.,5.,14.,5.;                                        3169P   3352
126,1,1,1,0,1,0,0.,0.,1.,1.,1.,1.,1.,0.,0.,0.,0.,0.,0.,1.,0.,       3171P   3353
0.,1.;                                                              3171P   3354
110,16.,5.,5.,16.,5.,0.;                                            3173P   3355
126,1,1,1,0,1,0,0.,0.,1.,1.,1.,1.,0.,0.,0.,0.,3.141592654,0.,       3175P   3356
0.,1.,0.,0.,1.;                                                     3175P   3357
100,0.,15.,5.,16.,5.,14.,5.;                                        3177P   3358
126,1,1,1,0,1,0,0.,0.,1.,1.,1.,1.,0.,3.141592654,0.,1.,             3179P   3359
3.141592654,0.,0.,1.,0.,0.,1.;                                      3179P   3360
110,14.,5.,0.,14.,5.,5.;                                            3181P   3361
102,4,3165,3171,3175,3179;                                          3183P   3362
102,4,3169,3173,3177,3181;                                          3185P   3363
142,1,3163,3183,3185,1;                                             3187P   3364
144,3163,1,0,3187;                                                  3189P   3365
110,600.,5.,0.,600.,5.,1000.;                                       3191P   3366
110,601.,5.,0.,601.,5.,5.;                                          3193P   3367
120,3191,3193,0.,6.28318530717959;                                  3195P   3368
126,1,1,1,0,1,0,0.,0.,1.,1.,1.,1.,1.,3.141592654,0.,1.,0.,0.,       3197P   3369
0.,1.,0.,0.,1.;                                                     3197P   3370
124,-1.,-6.98296267768627E-15,0.,1200.,-6.98296267768627E-15,       3199P   3371
1.,-6.98296267768627E-15,4.22533317599686E-12,                      3199P   3372
4.87617677579594E-29,-6.98296267768627E-15,-1.,10.;                 3199P   3373
100,5.,600.,5.,601.,5.,599.,5.;                                     3201P   3374
126,1,1,1,0,1,0,0.,0.,1.,1.,1.,1.,1.,0.,0.,0.,0.,0.,0.,1.,0.,       3203P   3375
0.,1.;                                                              3203P   3376
110,601.,5.,5.,601.,5.,0.;                                          3205P   3377
126,1,1,1,0,1,0,0.,0.,1.,1.,1.,1.,0.,0.,0.,0.,3.141592654,0.,       3207P   3378
0.,1.,0.,0.,1.;                                                     3207P   3379
100,0.,600.,5.,601.,5.,599.,5.;                                     3209P   3380
126,1,1,1,0,1,0,0.,0.,1.,1.,1.,1.,0.,3.141592654,0.,1.,             3211P   3381
3.141592654,0.,0.,1.,0.,0.,1.;                                      3211P   3382
110,599.,5.,0.,599.,5.,5.;                                          3213P   3383
102,4,3197,3203,3207,3211;                                          3215P   3384
102,4,3201,3205,3209,3213;                                          3217P   3385
142,1,3195,3215,3217,1;                                             3219P   3386
144,3195,1,0,3219;                                                  3221P   3387
110,600.,1495.,0.,600.,1495.,1000.;                                 3223P   3388
110,601.,1495.,0.,601.,1495.,5.;                                    3225P   3389
120,3223,3225,0.,6.28318530717959;                                  3227P   3390
126,1,1,1,0,1,0,0.,0.,1.,1.,1.,1.,1.,3.141592654,0.,1.,0.,0.,       3229P   3391
0.,1.,0.,0.,1.;                                                     3229P   3392
124,-1.,-6.98296267768627E-15,0.,1200.00000000001,                  3231P   3393
-6.98296267768627E-15,1.,-6.98296267768627E-15,                     3231P   3394
4.23053734642493E-12,4.87617677579594E-29,                          3231P   3395
-6.98296267768627E-15,-1.,10.0000000000104;                         3231P   3396
100,5.,600.,1495.,601.,1495.,599.,1495.;                            3233P   3397
126,1,1,1,0,1,0,0.,0.,1.,1.,1.,1.,1.,0.,0.,0.,0.,0.,0.,1.,0.,       3235P   3398
0.,1.;                                                              3235P   3399
110,601.,1495.,5.,601.,1495.,0.;                                    3237P   3400
126,1,1,1,0,1,0,0.,0.,1.,1.,1.,1.,0.,0.,0.,0.,3.141592654,0.,       3239P   3401
0.,1.,0.,0.,1.;                                                     3239P   3402
100,0.,600.,1495.,601.,1495.,599.,1495.;                            3241P   3403
126,1,1,1,0,1,0,0.,0.,1.,1.,1.,1.,0.,3.141592654,0.,1.,             3243P   3404
3.141592654,0.,0.,1.,0.,0.,1.;                                      3243P   3405
110,599.,1495.,0.,599.,1495.,5.;                                    3245P   3406
102,4,3229,3235,3239,3243;                                          3247P   3407
102,4,3233,3237,3241,3245;                                          3249P   3408
142,1,3227,3247,3249,1;                                             3251P   3409
144,3227,1,0,3251;                                                  3253P   3410
110,5.,1050.,0.,5.,1050.,1000.;                                     3255P   3411
110,6.,1050.,0.,6.,1050.,5.;                                        3257P   3412
120,3255,3257,0.,6.28318530717959;                                  3259P   3413
126,1,1,1,0,1,0,0.,0.,1.,1.,1.,1.,1.,3.141592654,0.,1.,0.,0.,       3261P   3414
0.,1.,0.,0.,1.;                                                     3261P   3415
124,-1.,-6.98296267768627E-15,0.,10.0000000000073,                  3263P   3416
-6.98296267768627E-15,1.,-6.98296267768627E-15,                     3263P   3417
1.39659253553828E-13,4.87617677579594E-29,                          3263P   3418
-6.98296267768627E-15,-1.,10.0000000000073;                         3263P   3419
100,5.,5.,1050.,6.,1050.,4.,1050.;                                  3265P   3420
126,1,1,1,0,1,0,0.,0.,1.,1.,1.,1.,1.,0.,0.,0.,0.,0.,0.,1.,0.,       3267P   3421
0.,1.;                                                              3267P   3422
110,6.,1050.,5.,6.,1050.,0.;                                        3269P   3423
126,1,1,1,0,1,0,0.,0.,1.,1.,1.,1.,0.,0.,0.,0.,3.141592654,0.,       3271P   3424
0.,1.,0.,0.,1.;                                                     3271P   3425
100,0.,5.,1050.,6.,1050.,4.,1050.;                                  3273P   3426
126,1,1,1,0,1,0,0.,0.,1.,1.,1.,1.,0.,3.141592654,0.,1.,             3275P   3427
3.141592654,0.,0.,1.,0.,0.,1.;                                      3275P   3428
110,4.,1050.,0.,4.,1050.,5.;                                        3277P   3429
102,4,3261,3267,3271,3275;                                          3279P   3430
102,4,3265,3269,3273,3277;                                          3281P   3431
142,1,3259,3279,3281,1;                                             3283P   3432
144,3259,1,0,3283;                                                  3285P   3433
308,0,4HFond,74,33,65,97,129,161,193,225,257,289,321,353,385,       3287P   3434
417,449,481,513,545,577,609,641,673,705,737,769,801,833,865,        3287P   3435
897,929,961,993,1025,1057,1089,1115,1141,1167,1193,1695,2197,       3287P   3436
2229,2261,2293,2325,2357,2389,2421,2453,2485,2517,2549,2581,        3287P   3437
2613,2645,2677,2709,2741,2773,2805,2837,2869,2901,2933,2965,        3287P   3438
2997,3029,3061,3093,3125,3157,3189,3221,3253,3285;                  3287P   3439
124,0.985549172295169,0.169389577566944,0.,-959.912735175111,       3289P   3440
-0.169389577566944,0.985549172295169,0.,-1233.34945816294,0.,       3289P   3441
0.,1.,-179.540816510725;                                            3289P   3442
408,3287,0.,0.,0.,1.;                                               3291P   3443
128,1,1,1,1,0,0,1,0,0,0.,0.,1.,1.,0.,0.,1.,1.,1.,1.,1.,1.,0.,       3293P   3444
0.,2.,0.,0.,0.,0.,200.,2.,0.,200.,0.,0.,1.,0.,1.;                   3293P   3445
126,1,1,1,0,1,0,0.,0.,1.,1.,1.,1.,1.,1.,0.,0.,1.,0.,0.,1.,0.,       3295P   3446
0.,1.;                                                              3295P   3447
110,0.,200.,0.,0.,200.,2.;                                          3297P   3448
126,1,1,1,0,1,0,0.,0.,1.,1.,1.,1.,0.,1.,0.,0.,0.,0.,0.,1.,0.,       3299P   3449
0.,1.;                                                              3299P   3450
110,0.,200.,2.,0.,0.,2.;                                            3301P   3451
126,1,1,1,0,1,0,0.,0.,1.,1.,1.,1.,0.,0.,0.,1.,0.,0.,0.,1.,0.,       3303P   3452
0.,1.;                                                              3303P   3453
110,0.,0.,2.,0.,0.,0.;                                              3305P   3454
126,1,1,1,0,1,0,0.,0.,1.,1.,1.,1.,1.,0.,0.,1.,1.,0.,0.,1.,0.,       3307P   3455
0.,1.;                                                              3307P   3456
110,0.,0.,0.,0.,200.,0.;                                            3309P   3457
102,4,3295,3299,3303,3307;                                          3311P   3458
102,4,3297,3301,3305,3309;                                          3313P   3459
142,1,3293,3311,3313,1;                                             3315P   3460
144,3293,1,0,3315;                                                  3317P   3461
128,1,1,1,1,0,0,1,0,0,0.,0.,1.,1.,0.,0.,1.,1.,1.,1.,1.,1.,0.,       3319P   3462
0.,0.,0.,0.,2.,1504.,0.,0.,1504.,0.,2.,0.,1.,0.,1.;                 3319P   3463
126,1,1,1,0,1,0,0.,0.,1.,1.,1.,1.,0.,0.,0.,1.,0.,0.,0.,1.,0.,       3321P   3464
0.,1.;                                                              3321P   3465
110,0.,0.,0.,0.,0.,2.;                                              3323P   3466
126,1,1,1,0,1,0,0.,0.,1.,1.,1.,1.,1.,0.,0.,1.,1.,0.,0.,1.,0.,       3325P   3467
0.,1.;                                                              3325P   3468
110,0.,0.,2.,1504.,0.,2.;                                           3327P   3469
126,1,1,1,0,1,0,0.,0.,1.,1.,1.,1.,1.,1.,0.,0.,1.,0.,0.,1.,0.,       3329P   3470
0.,1.;                                                              3329P   3471
110,1504.,0.,2.,1504.,0.,0.;                                        3331P   3472
126,1,1,1,0,1,0,0.,0.,1.,1.,1.,1.,0.,1.,0.,0.,0.,0.,0.,1.,0.,       3333P   3473
0.,1.;                                                              3333P   3474
110,1504.,0.,0.,0.,0.,0.;                                           3335P   3475
102,4,3321,3325,3329,3333;                                          3337P   3476
102,4,3323,3327,3331,3335;                                          3339P   3477
142,1,3319,3337,3339,1;                                             3341P   3478
144,3319,1,0,3341;                                                  3343P   3479
128,1,1,1,1,0,0,1,0,0,0.,0.,1.,1.,0.,0.,1.,1.,1.,1.,1.,1.,          3345P   3480
1504.,0.,0.,1504.,0.,2.,1504.,200.,0.,1504.,200.,2.,0.,1.,0.,       3345P   3481
1.;                                                                 3345P   3482
126,1,1,1,0,1,0,0.,0.,1.,1.,1.,1.,0.,0.,0.,1.,0.,0.,0.,1.,0.,       3347P   3483
0.,1.;                                                              3347P   3484
110,1504.,0.,0.,1504.,0.,2.;                                        3349P   3485
126,1,1,1,0,1,0,0.,0.,1.,1.,1.,1.,1.,0.,0.,1.,1.,0.,0.,1.,0.,       3351P   3486
0.,1.;                                                              3351P   3487
110,1504.,0.,2.,1504.,200.,2.;                                      3353P   3488
126,1,1,1,0,1,0,0.,0.,1.,1.,1.,1.,1.,1.,0.,0.,1.,0.,0.,1.,0.,       3355P   3489
0.,1.;                                                              3355P   3490
110,1504.,200.,2.,1504.,200.,0.;                                    3357P   3491
126,1,1,1,0,1,0,0.,0.,1.,1.,1.,1.,0.,1.,0.,0.,0.,0.,0.,1.,0.,       3359P   3492
0.,1.;                                                              3359P   3493
110,1504.,200.,0.,1504.,0.,0.;                                      3361P   3494
102,4,3347,3351,3355,3359;                                          3363P   3495
102,4,3349,3353,3357,3361;                                          3365P   3496
142,1,3345,3363,3365,1;                                             3367P   3497
144,3345,1,0,3367;                                                  3369P   3498
128,1,1,1,1,0,0,1,0,0,0.,0.,1.,1.,0.,0.,1.,1.,1.,1.,1.,1.,0.,       3371P   3499
200.,2.,0.,200.,0.,1504.,200.,2.,1504.,200.,0.,0.,1.,0.,1.;         3371P   3500
126,1,1,1,0,1,0,0.,0.,1.,1.,1.,1.,1.,1.,0.,0.,1.,0.,0.,1.,0.,       3373P   3501
0.,1.;                                                              3373P   3502
110,1504.,200.,0.,1504.,200.,2.;                                    3375P   3503
126,1,1,1,0,1,0,0.,0.,1.,1.,1.,1.,0.,1.,0.,0.,0.,0.,0.,1.,0.,       3377P   3504
0.,1.;                                                              3377P   3505
110,1504.,200.,2.,0.,200.,2.;                                       3379P   3506
126,1,1,1,0,1,0,0.,0.,1.,1.,1.,1.,0.,0.,0.,1.,0.,0.,0.,1.,0.,       3381P   3507
0.,1.;                                                              3381P   3508
110,0.,200.,2.,0.,200.,0.;                                          3383P   3509
126,1,1,1,0,1,0,0.,0.,1.,1.,1.,1.,1.,0.,0.,1.,1.,0.,0.,1.,0.,       3385P   3510
0.,1.;                                                              3385P   3511
110,0.,200.,0.,1504.,200.,0.;                                       3387P   3512
102,4,3373,3377,3381,3385;                                          3389P   3513
102,4,3375,3379,3383,3387;                                          3391P   3514
142,1,3371,3389,3391,1;                                             3393P   3515
144,3371,1,0,3393;                                                  3395P   3516
128,1,1,1,1,0,0,1,0,0,0.,0.,1.,1.,0.,0.,1.,1.,1.,1.,1.,1.,          3397P   3517
1504.,0.,2.,0.,0.,2.,1504.,200.,2.,0.,200.,2.,0.,1.,0.,1.;          3397P   3518
126,1,1,1,0,1,0,0.,0.,1.,1.,1.,1.,1.,1.,0.,0.,1.,0.,0.,1.,0.,       3399P   3519
0.,1.;                                                              3399P   3520
110,0.,200.,2.,1504.,200.,2.;                                       3401P   3521
126,1,1,1,0,1,0,0.,0.,1.,1.,1.,1.,0.,1.,0.,0.,0.,0.,0.,1.,0.,       3403P   3522
0.,1.;                                                              3403P   3523
110,1504.,200.,2.,1504.,0.,2.;                                      3405P   3524
126,1,1,1,0,1,0,0.,0.,1.,1.,1.,1.,0.,0.,0.,1.,0.,0.,0.,1.,0.,       3407P   3525
0.,1.;                                                              3407P   3526
110,1504.,0.,2.,0.,0.,2.;                                           3409P   3527
126,1,1,1,0,1,0,0.,0.,1.,1.,1.,1.,1.,0.,0.,1.,1.,0.,0.,1.,0.,       3411P   3528
0.,1.;                                                              3411P   3529
110,0.,0.,2.,0.,200.,2.;                                            3413P   3530
102,4,3399,3403,3407,3411;                                          3415P   3531
102,4,3401,3405,3409,3413;                                          3417P   3532
142,1,3397,3415,3417,1;                                             3419P   3533
144,3397,1,0,3419;                                                  3421P   3534
128,1,1,1,1,0,0,1,0,0,0.,0.,1.,1.,0.,0.,1.,1.,1.,1.,1.,1.,          3423P   3535
1504.,0.,0.,0.,0.,0.,1504.,200.,0.,0.,200.,0.,0.,1.,0.,1.;          3423P   3536
126,1,1,1,0,1,0,0.,0.,1.,1.,1.,1.,1.,0.,0.,1.,1.,0.,0.,1.,0.,       3425P   3537
0.,1.;                                                              3425P   3538
110,0.,0.,0.,0.,200.,0.;                                            3427P   3539
126,1,1,1,0,1,0,0.,0.,1.,1.,1.,1.,1.,1.,0.,0.,1.,0.,0.,1.,0.,       3429P   3540
0.,1.;                                                              3429P   3541
110,0.,200.,0.,1504.,200.,0.;                                       3431P   3542
126,1,1,1,0,1,0,0.,0.,1.,1.,1.,1.,0.,1.,0.,0.,0.,0.,0.,1.,0.,       3433P   3543
0.,1.;                                                              3433P   3544
110,1504.,200.,0.,1504.,0.,0.;                                      3435P   3545
126,1,1,1,0,1,0,0.,0.,1.,1.,1.,1.,0.,0.,0.,1.,0.,0.,0.,1.,0.,       3437P   3546
0.,1.;                                                              3437P   3547
110,1504.,0.,0.,0.,0.,0.;                                           3439P   3548
102,4,3425,3429,3433,3437;                                          3441P   3549
102,4,3427,3431,3435,3439;                                          3443P   3550
142,1,3423,3441,3443,1;                                             3445P   3551
144,3423,1,0,3445;                                                  3447P   3552
308,0,10HGrand côté,6,3317,3343,3369,3395,3421,3447;                3449P   3553
124,-0.169389577566941,0.,0.985549172295169,280.059582625604,       3451P   3554
-0.985549172295169,0.,-0.169389577566941,77.5558210574592,0.,       3451P   3555
-1.,0.,-9.54081651072475;                                           3451P   3556
408,3449,0.,0.,0.,1.;                                               3453P   3557
124,-0.16938957756694,0.,0.985549172295169,-707.460688014157,       3455P   3558
-0.985549172295169,0.,-0.16938957756694,247.284177779537,0.,        3455P   3559
-1.,0.,-9.54081651072502;                                           3455P   3560
408,3449,0.,0.,0.,1.;                                               3457P   3561
128,1,1,1,1,0,0,1,0,0,0.,0.,1.,1.,0.,0.,1.,1.,1.,1.,1.,1.,0.,       3459P   3562
0.,2.,0.,0.,0.,0.,200.,2.,0.,200.,0.,0.,1.,0.,1.;                   3459P   3563
126,1,1,1,0,1,0,0.,0.,1.,1.,1.,1.,1.,1.,0.,0.,1.,0.,0.,1.,0.,       3461P   3564
0.,1.;                                                              3461P   3565
110,0.,200.,0.,0.,200.,2.;                                          3463P   3566
126,1,1,1,0,1,0,0.,0.,1.,1.,1.,1.,0.,1.,0.,0.,0.,0.,0.,1.,0.,       3465P   3567
0.,1.;                                                              3465P   3568
110,0.,200.,2.,0.,0.,2.;                                            3467P   3569
126,1,1,1,0,1,0,0.,0.,1.,1.,1.,1.,0.,0.,0.,1.,0.,0.,0.,1.,0.,       3469P   3570
0.,1.;                                                              3469P   3571
110,0.,0.,2.,0.,0.,0.;                                              3471P   3572
126,1,1,1,0,1,0,0.,0.,1.,1.,1.,1.,1.,0.,0.,1.,1.,0.,0.,1.,0.,       3473P   3573
0.,1.;                                                              3473P   3574
110,0.,0.,0.,0.,200.,0.;                                            3475P   3575
102,4,3461,3465,3469,3473;                                          3477P   3576
102,4,3463,3467,3471,3475;                                          3479P   3577
142,1,3459,3477,3479,1;                                             3481P   3578
144,3459,1,0,3481;                                                  3483P   3579
128,1,1,1,1,0,0,1,0,0,0.,0.,1.,1.,0.,0.,1.,1.,1.,1.,1.,1.,0.,       3485P   3580
0.,0.,0.,0.,2.,1000.,0.,0.,1000.,0.,2.,0.,1.,0.,1.;                 3485P   3581
126,1,1,1,0,1,0,0.,0.,1.,1.,1.,1.,0.,0.,0.,1.,0.,0.,0.,1.,0.,       3487P   3582
0.,1.;                                                              3487P   3583
110,0.,0.,0.,0.,0.,2.;                                              3489P   3584
126,1,1,1,0,1,0,0.,0.,1.,1.,1.,1.,1.,0.,0.,1.,1.,0.,0.,1.,0.,       3491P   3585
0.,1.;                                                              3491P   3586
110,0.,0.,2.,1000.,0.,2.;                                           3493P   3587
126,1,1,1,0,1,0,0.,0.,1.,1.,1.,1.,1.,1.,0.,0.,1.,0.,0.,1.,0.,       3495P   3588
0.,1.;                                                              3495P   3589
110,1000.,0.,2.,1000.,0.,0.;                                        3497P   3590
126,1,1,1,0,1,0,0.,0.,1.,1.,1.,1.,0.,1.,0.,0.,0.,0.,0.,1.,0.,       3499P   3591
0.,1.;                                                              3499P   3592
110,1000.,0.,0.,0.,0.,0.;                                           3501P   3593
102,4,3487,3491,3495,3499;                                          3503P   3594
102,4,3489,3493,3497,3501;                                          3505P   3595
142,1,3485,3503,3505,1;                                             3507P   3596
144,3485,1,0,3507;                                                  3509P   3597
128,1,1,1,1,0,0,1,0,0,0.,0.,1.,1.,0.,0.,1.,1.,1.,1.,1.,1.,          3511P   3598
1000.,0.,0.,1000.,0.,2.,1000.,200.,0.,1000.,200.,2.,0.,1.,0.,       3511P   3599
1.;                                                                 3511P   3600
126,1,1,1,0,1,0,0.,0.,1.,1.,1.,1.,0.,0.,0.,1.,0.,0.,0.,1.,0.,       3513P   3601
0.,1.;                                                              3513P   3602
110,1000.,0.,0.,1000.,0.,2.;                                        3515P   3603
126,1,1,1,0,1,0,0.,0.,1.,1.,1.,1.,1.,0.,0.,1.,1.,0.,0.,1.,0.,       3517P   3604
0.,1.;                                                              3517P   3605
110,1000.,0.,2.,1000.,200.,2.;                                      3519P   3606
126,1,1,1,0,1,0,0.,0.,1.,1.,1.,1.,1.,1.,0.,0.,1.,0.,0.,1.,0.,       3521P   3607
0.,1.;                                                              3521P   3608
110,1000.,200.,2.,1000.,200.,0.;                                    3523P   3609
126,1,1,1,0,1,0,0.,0.,1.,1.,1.,1.,0.,1.,0.,0.,0.,0.,0.,1.,0.,       3525P   3610
0.,1.;                                                              3525P   3611
110,1000.,200.,0.,1000.,0.,0.;                                      3527P   3612
102,4,3513,3517,3521,3525;                                          3529P   3613
102,4,3515,3519,3523,3527;                                          3531P   3614
142,1,3511,3529,3531,1;                                             3533P   3615
144,3511,1,0,3533;                                                  3535P   3616
128,1,1,1,1,0,0,1,0,0,0.,0.,1.,1.,0.,0.,1.,1.,1.,1.,1.,1.,0.,       3537P   3617
200.,2.,0.,200.,0.,1000.,200.,2.,1000.,200.,0.,0.,1.,0.,1.;         3537P   3618
126,1,1,1,0,1,0,0.,0.,1.,1.,1.,1.,1.,1.,0.,0.,1.,0.,0.,1.,0.,       3539P   3619
0.,1.;                                                              3539P   3620
110,1000.,200.,0.,1000.,200.,2.;                                    3541P   3621
126,1,1,1,0,1,0,0.,0.,1.,1.,1.,1.,0.,1.,0.,0.,0.,0.,0.,1.,0.,       3543P   3622
0.,1.;                                                              3543P   3623
110,1000.,200.,2.,0.,200.,2.;                                       3545P   3624
126,1,1,1,0,1,0,0.,0.,1.,1.,1.,1.,0.,0.,0.,1.,0.,0.,0.,1.,0.,       3547P   3625
0.,1.;                                                              3547P   3626
110,0.,200.,2.,0.,200.,0.;                                          3549P   3627
126,1,1,1,0,1,0,0.,0.,1.,1.,1.,1.,1.,0.,0.,1.,1.,0.,0.,1.,0.,       3551P   3628
0.,1.;                                                              3551P   3629
110,0.,200.,0.,1000.,200.,0.;                                       3553P   3630
102,4,3539,3543,3547,3551;                                          3555P   3631
102,4,3541,3545,3549,3553;                                          3557P   3632
142,1,3537,3555,3557,1;                                             3559P   3633
144,3537,1,0,3559;                                                  3561P   3634
128,1,1,1,1,0,0,1,0,0,0.,0.,1.,1.,0.,0.,1.,1.,1.,1.,1.,1.,          3563P   3635
1000.,0.,2.,0.,0.,2.,1000.,200.,2.,0.,200.,2.,0.,1.,0.,1.;          3563P   3636
126,1,1,1,0,1,0,0.,0.,1.,1.,1.,1.,1.,1.,0.,0.,1.,0.,0.,1.,0.,       3565P   3637
0.,1.;                                                              3565P   3638
110,0.,200.,2.,1000.,200.,2.;                                       3567P   3639
126,1,1,1,0,1,0,0.,0.,1.,1.,1.,1.,0.,1.,0.,0.,0.,0.,0.,1.,0.,       3569P   3640
0.,1.;                                                              3569P   3641
110,1000.,200.,2.,1000.,0.,2.;                                      3571P   3642
126,1,1,1,0,1,0,0.,0.,1.,1.,1.,1.,0.,0.,0.,1.,0.,0.,0.,1.,0.,       3573P   3643
0.,1.;                                                              3573P   3644
110,1000.,0.,2.,0.,0.,2.;                                           3575P   3645
126,1,1,1,0,1,0,0.,0.,1.,1.,1.,1.,1.,0.,0.,1.,1.,0.,0.,1.,0.,       3577P   3646
0.,1.;                                                              3577P   3647
110,0.,0.,2.,0.,200.,2.;                                            3579P   3648
102,4,3565,3569,3573,3577;                                          3581P   3649
102,4,3567,3571,3575,3579;                                          3583P   3650
142,1,3563,3581,3583,1;                                             3585P   3651
144,3563,1,0,3585;                                                  3587P   3652
128,1,1,1,1,0,0,1,0,0,0.,0.,1.,1.,0.,0.,1.,1.,1.,1.,1.,1.,          3589P   3653
1000.,0.,0.,0.,0.,0.,1000.,200.,0.,0.,200.,0.,0.,1.,0.,1.;          3589P   3654
126,1,1,1,0,1,0,0.,0.,1.,1.,1.,1.,1.,0.,0.,1.,1.,0.,0.,1.,0.,       3591P   3655
0.,1.;                                                              3591P   3656
110,0.,0.,0.,0.,200.,0.;                                            3593P   3657
126,1,1,1,0,1,0,0.,0.,1.,1.,1.,1.,1.,1.,0.,0.,1.,0.,0.,1.,0.,       3595P   3658
0.,1.;                                                              3595P   3659
110,0.,200.,0.,1000.,200.,0.;                                       3597P   3660
126,1,1,1,0,1,0,0.,0.,1.,1.,1.,1.,0.,1.,0.,0.,0.,0.,0.,1.,0.,       3599P   3661
0.,1.;                                                              3599P   3662
110,1000.,200.,0.,1000.,0.,0.;                                      3601P   3663
126,1,1,1,0,1,0,0.,0.,1.,1.,1.,1.,0.,0.,0.,1.,0.,0.,0.,1.,0.,       3603P   3664
0.,1.;                                                              3603P   3665
110,1000.,0.,0.,0.,0.,0.;                                           3605P   3666
102,4,3591,3595,3599,3603;                                          3607P   3667
102,4,3593,3597,3601,3605;                                          3609P   3668
142,1,3589,3607,3609,1;                                             3611P   3669
144,3589,1,0,3611;                                                  3613P   3670
308,0,10HPetit côté,6,3483,3509,3535,3561,3587,3613;                3615P   3671
124,0.985549172295173,0.,-0.169389577566919,-705.489589669581,      3617P   3672
-0.169389577566919,0.,-0.985549172295173,246.945398624392,0.,       3617P   3673
1.,0.,-209.540816510725;                                            3617P   3674
408,3615,0.,0.,0.,1.;                                               3619P   3675
124,0.985549172295169,0.,0.169389577566944,-960.251514330245,       3621P   3676
-0.169389577566944,0.,0.985549172295169,-1235.32055650753,0.,       3621P   3677
-1.,0.,-9.54081651072494;                                           3621P   3678
408,3615,0.,0.,0.,1.;                                               3623P   3679
128,1,1,1,1,0,0,1,0,0,0.,0.,1.,1.,0.,0.,1.,1.,1.,1.,1.,1.,2.,       3625P   3680
-6.976,28.,48.,-6.976,28.,2.,1506.976,28.,48.,1506.976,28.,0.,      3625P   3681
1.,0.,1.;                                                           3625P   3682
126,1,1,1,0,1,0,0.,0.,1.,1.,1.,1.,0.,0.005928854,0.,1.,             3627P   3683
0.036312908,0.,0.,1.,0.,0.,1.;                                      3627P   3684
110,2.,2.,28.,48.,48.,28.;                                          3629P   3685
126,1,1,1,0,1,0,0.,0.,1.,1.,1.,1.,1.,0.036312908,0.,1.,             3631P   3686
0.963687092,0.,0.,1.,0.,0.,1.;                                      3631P   3687
110,48.,48.,28.,48.,1452.,28.;                                      3633P   3688
126,1,1,1,0,1,0,0.,0.,1.,1.,1.,1.,1.,0.963687092,0.,0.,             3635P   3689
0.994071146,0.,0.,1.,0.,0.,1.;                                      3635P   3690
110,48.,1452.,28.,2.,1498.,28.;                                     3637P   3691
126,1,1,1,0,1,0,0.,0.,1.,1.,1.,1.,0.,0.994071146,0.,0.,             3639P   3692
0.005928854,0.,0.,1.,0.,0.,1.;                                      3639P   3693
110,2.,1498.,28.,2.,2.,28.;                                         3641P   3694
102,4,3627,3631,3635,3639;                                          3643P   3695
102,4,3629,3633,3637,3641;                                          3645P   3696
142,1,3625,3643,3645,1;                                             3647P   3697
144,3625,1,0,3647;                                                  3649P   3698
128,1,1,1,1,0,0,1,0,0,0.,0.,1.,1.,0.,0.,1.,1.,1.,1.,1.,1.,2.,       3651P   3699
2.,2.,2.,2.,28.,2.,1498.,2.,2.,1498.,28.,0.,1.,0.,1.;               3651P   3700
126,1,1,1,0,1,0,0.,0.,1.,1.,1.,1.,0.,0.,0.,1.,0.,0.,0.,1.,0.,       3653P   3701
0.,1.;                                                              3653P   3702
110,2.,2.,2.,2.,2.,28.;                                             3655P   3703
126,1,1,1,0,1,0,0.,0.,1.,1.,1.,1.,1.,0.,0.,1.,1.,0.,0.,1.,0.,       3657P   3704
0.,1.;                                                              3657P   3705
110,2.,2.,28.,2.,1498.,28.;                                         3659P   3706
126,1,1,1,0,1,0,0.,0.,1.,1.,1.,1.,1.,1.,0.,0.,1.,0.,0.,1.,0.,       3661P   3707
0.,1.;                                                              3661P   3708
110,2.,1498.,28.,2.,1498.,2.;                                       3663P   3709
126,1,1,1,0,1,0,0.,0.,1.,1.,1.,1.,0.,1.,0.,0.,0.,0.,0.,1.,0.,       3665P   3710
0.,1.;                                                              3665P   3711
110,2.,1498.,2.,2.,2.,2.;                                           3667P   3712
102,4,3653,3657,3661,3665;                                          3669P   3713
102,4,3655,3659,3663,3667;                                          3671P   3714
142,1,3651,3669,3671,1;                                             3673P   3715
144,3651,1,0,3673;                                                  3675P   3716
128,1,1,1,1,0,0,1,0,0,0.,0.,1.,1.,0.,0.,1.,1.,1.,1.,1.,1.,48.,      3677P   3717
-6.976,2.,2.,-6.976,2.,48.,1506.976,2.,2.,1506.976,2.,0.,1.,0.,     3677P   3718
1.;                                                                 3677P   3719
126,1,1,1,0,1,0,0.,0.,1.,1.,1.,1.,0.,0.036312908,0.,1.,             3679P   3720
0.005928854,0.,0.,1.,0.,0.,1.;                                      3679P   3721
110,48.,48.,2.,2.,2.,2.;                                            3681P   3722
126,1,1,1,0,1,0,0.,0.,1.,1.,1.,1.,1.,0.005928854,0.,1.,             3683P   3723
0.994071146,0.,0.,1.,0.,0.,1.;                                      3683P   3724
110,2.,2.,2.,2.,1498.,2.;                                           3685P   3725
126,1,1,1,0,1,0,0.,0.,1.,1.,1.,1.,1.,0.994071146,0.,0.,             3687P   3726
0.963687092,0.,0.,1.,0.,0.,1.;                                      3687P   3727
110,2.,1498.,2.,48.,1452.,2.;                                       3689P   3728
126,1,1,1,0,1,0,0.,0.,1.,1.,1.,1.,0.,0.963687092,0.,0.,             3691P   3729
0.036312908,0.,0.,1.,0.,0.,1.;                                      3691P   3730
110,48.,1452.,2.,48.,48.,2.;                                        3693P   3731
102,4,3679,3683,3687,3691;                                          3695P   3732
102,4,3681,3685,3689,3693;                                          3697P   3733
142,1,3677,3695,3697,1;                                             3699P   3734
144,3677,1,0,3699;                                                  3701P   3735
128,1,1,1,1,0,0,1,0,0,0.,0.,1.,1.,0.,0.,1.,1.,1.,1.,1.,1.,48.,      3703P   3736
48.,28.,48.,48.,2.,48.,1452.,28.,48.,1452.,2.,0.,1.,0.,1.;          3703P   3737
126,1,1,1,0,1,0,0.,0.,1.,1.,1.,1.,0.,0.,0.,1.,0.,0.,0.,1.,0.,       3705P   3738
0.,1.;                                                              3705P   3739
110,48.,48.,28.,48.,48.,2.;                                         3707P   3740
126,1,1,1,0,1,0,0.,0.,1.,1.,1.,1.,1.,0.,0.,1.,1.,0.,0.,1.,0.,       3709P   3741
0.,1.;                                                              3709P   3742
110,48.,48.,2.,48.,1452.,2.;                                        3711P   3743
126,1,1,1,0,1,0,0.,0.,1.,1.,1.,1.,1.,1.,0.,0.,1.,0.,0.,1.,0.,       3713P   3744
0.,1.;                                                              3713P   3745
110,48.,1452.,2.,48.,1452.,28.;                                     3715P   3746
126,1,1,1,0,1,0,0.,0.,1.,1.,1.,1.,0.,1.,0.,0.,0.,0.,0.,1.,0.,       3717P   3747
0.,1.;                                                              3717P   3748
110,48.,1452.,28.,48.,48.,28.;                                      3719P   3749
102,4,3705,3709,3713,3717;                                          3721P   3750
102,4,3707,3711,3715,3719;                                          3723P   3751
142,1,3703,3721,3723,1;                                             3725P   3752
144,3703,1,0,3725;                                                  3727P   3753
128,1,1,1,1,0,0,1,0,0,0.,0.,1.,1.,0.,0.,1.,1.,1.,1.,1.,1.,50.,      3729P   3754
50.,0.,0.,0.,0.,50.,50.,30.,0.,0.,30.,0.,1.,0.,1.;                  3729P   3755
126,1,1,1,0,1,0,0.,0.,1.,1.,1.,1.,1.,0.,0.,1.,1.,0.,0.,1.,0.,       3731P   3756
0.,1.;                                                              3731P   3757
110,0.,0.,0.,0.,0.,30.;                                             3733P   3758
126,1,1,1,0,1,0,0.,0.,1.,1.,1.,1.,1.,1.,0.,0.,1.,0.,0.,1.,0.,       3735P   3759
0.,1.;                                                              3735P   3760
110,0.,0.,30.,50.,50.,30.;                                          3737P   3761
126,1,1,1,0,1,0,0.,0.,1.,1.,1.,1.,0.,1.,0.,0.,0.,0.,0.,1.,0.,       3739P   3762
0.,1.;                                                              3739P   3763
110,50.,50.,30.,50.,50.,0.;                                         3741P   3764
126,1,1,1,0,1,0,0.,0.,1.,1.,1.,1.,0.,0.,0.,1.,0.,0.,0.,1.,0.,       3743P   3765
0.,1.;                                                              3743P   3766
110,50.,50.,0.,0.,0.,0.;                                            3745P   3767
102,4,3731,3735,3739,3743;                                          3747P   3768
102,4,3733,3737,3741,3745;                                          3749P   3769
142,1,3729,3747,3749,1;                                             3751P   3770
126,1,1,1,0,1,0,0.,0.,1.,1.,1.,1.,0.04,0.066666667,0.,0.04,         3753P   3771
0.933333333,0.,0.,1.,0.,0.,1.;                                      3753P   3772
110,48.,48.,2.,48.,48.,28.;                                         3755P   3773
126,1,1,1,0,1,0,0.,0.,1.,1.,1.,1.,0.04,0.933333333,0.,0.96,         3757P   3774
0.933333333,0.,0.,1.,0.,0.,1.;                                      3757P   3775
110,48.,48.,28.,2.,2.,28.;                                          3759P   3776
126,1,1,1,0,1,0,0.,0.,1.,1.,1.,1.,0.96,0.933333333,0.,0.96,         3761P   3777
0.066666667,0.,0.,1.,0.,0.,1.;                                      3761P   3778
110,2.,2.,28.,2.,2.,2.;                                             3763P   3779
126,1,1,1,0,1,0,0.,0.,1.,1.,1.,1.,0.96,0.066666667,0.,0.04,         3765P   3780
0.066666667,0.,0.,1.,0.,0.,1.;                                      3765P   3781
110,2.,2.,2.,48.,48.,2.;                                            3767P   3782
102,4,3753,3757,3761,3765;                                          3769P   3783
102,4,3755,3759,3763,3767;                                          3771P   3784
142,1,3729,3769,3771,1;                                             3773P   3785
144,3729,1,1,3751,3773;                                             3775P   3786
128,1,1,1,1,0,0,1,0,0,0.,0.,1.,1.,0.,0.,1.,1.,1.,1.,1.,1.,0.,       3777P   3787
1500.,0.,50.,1450.,0.,0.,1500.,30.,50.,1450.,30.,0.,1.,0.,1.;       3777P   3788
126,1,1,1,0,1,0,0.,0.,1.,1.,1.,1.,1.,0.,0.,1.,1.,0.,0.,1.,0.,       3779P   3789
0.,1.;                                                              3779P   3790
110,50.,1450.,0.,50.,1450.,30.;                                     3781P   3791
126,1,1,1,0,1,0,0.,0.,1.,1.,1.,1.,1.,1.,0.,0.,1.,0.,0.,1.,0.,       3783P   3792
0.,1.;                                                              3783P   3793
110,50.,1450.,30.,0.,1500.,30.;                                     3785P   3794
126,1,1,1,0,1,0,0.,0.,1.,1.,1.,1.,0.,1.,0.,0.,0.,0.,0.,1.,0.,       3787P   3795
0.,1.;                                                              3787P   3796
110,0.,1500.,30.,0.,1500.,0.;                                       3789P   3797
126,1,1,1,0,1,0,0.,0.,1.,1.,1.,1.,0.,0.,0.,1.,0.,0.,0.,1.,0.,       3791P   3798
0.,1.;                                                              3791P   3799
110,0.,1500.,0.,50.,1450.,0.;                                       3793P   3800
102,4,3779,3783,3787,3791;                                          3795P   3801
102,4,3781,3785,3789,3793;                                          3797P   3802
142,1,3777,3795,3797,1;                                             3799P   3803
126,1,1,1,0,1,0,0.,0.,1.,1.,1.,1.,0.96,0.933333333,0.,0.96,         3801P   3804
0.066666667,0.,0.,1.,0.,0.,1.;                                      3801P   3805
110,48.,1452.,28.,48.,1452.,2.;                                     3803P   3806
126,1,1,1,0,1,0,0.,0.,1.,1.,1.,1.,0.96,0.066666667,0.,0.04,         3805P   3807
0.066666667,0.,0.,1.,0.,0.,1.;                                      3805P   3808
110,48.,1452.,2.,2.,1498.,2.;                                       3807P   3809
126,1,1,1,0,1,0,0.,0.,1.,1.,1.,1.,0.04,0.066666667,0.,0.04,         3809P   3810
0.933333333,0.,0.,1.,0.,0.,1.;                                      3809P   3811
110,2.,1498.,2.,2.,1498.,28.;                                       3811P   3812
126,1,1,1,0,1,0,0.,0.,1.,1.,1.,1.,0.04,0.933333333,0.,0.96,         3813P   3813
0.933333333,0.,0.,1.,0.,0.,1.;                                      3813P   3814
110,2.,1498.,28.,48.,1452.,28.;                                     3815P   3815
102,4,3801,3805,3809,3813;                                          3817P   3816
102,4,3803,3807,3811,3815;                                          3819P   3817
142,1,3777,3817,3819,1;                                             3821P   3818
144,3777,1,1,3799,3821;                                             3823P   3819
128,1,1,1,1,0,0,1,0,0,0.,0.,1.,1.,0.,0.,1.,1.,1.,1.,1.,1.,0.,       3825P   3820
0.,30.,0.,0.,0.,0.,1500.,30.,0.,1500.,0.,0.,1.,0.,1.;               3825P   3821
126,1,1,1,0,1,0,0.,0.,1.,1.,1.,1.,1.,1.,0.,0.,1.,0.,0.,1.,0.,       3827P   3822
0.,1.;                                                              3827P   3823
110,0.,1500.,0.,0.,1500.,30.;                                       3829P   3824
126,1,1,1,0,1,0,0.,0.,1.,1.,1.,1.,0.,1.,0.,0.,0.,0.,0.,1.,0.,       3831P   3825
0.,1.;                                                              3831P   3826
110,0.,1500.,30.,0.,0.,30.;                                         3833P   3827
126,1,1,1,0,1,0,0.,0.,1.,1.,1.,1.,0.,0.,0.,1.,0.,0.,0.,1.,0.,       3835P   3828
0.,1.;                                                              3835P   3829
110,0.,0.,30.,0.,0.,0.;                                             3837P   3830
126,1,1,1,0,1,0,0.,0.,1.,1.,1.,1.,1.,0.,0.,1.,1.,0.,0.,1.,0.,       3839P   3831
0.,1.;                                                              3839P   3832
110,0.,0.,0.,0.,1500.,0.;                                           3841P   3833
102,4,3827,3831,3835,3839;                                          3843P   3834
102,4,3829,3833,3837,3841;                                          3845P   3835
142,1,3825,3843,3845,1;                                             3847P   3836
144,3825,1,0,3847;                                                  3849P   3837
128,1,1,1,1,0,0,1,0,0,0.,0.,1.,1.,0.,0.,1.,1.,1.,1.,1.,1.,50.,      3851P   3838
50.,0.,50.,50.,30.,50.,1450.,0.,50.,1450.,30.,0.,1.,0.,1.;          3851P   3839
126,1,1,1,0,1,0,0.,0.,1.,1.,1.,1.,0.,0.,0.,1.,0.,0.,0.,1.,0.,       3853P   3840
0.,1.;                                                              3853P   3841
110,50.,50.,0.,50.,50.,30.;                                         3855P   3842
126,1,1,1,0,1,0,0.,0.,1.,1.,1.,1.,1.,0.,0.,1.,1.,0.,0.,1.,0.,       3857P   3843
0.,1.;                                                              3857P   3844
110,50.,50.,30.,50.,1450.,30.;                                      3859P   3845
126,1,1,1,0,1,0,0.,0.,1.,1.,1.,1.,1.,1.,0.,0.,1.,0.,0.,1.,0.,       3861P   3846
0.,1.;                                                              3861P   3847
110,50.,1450.,30.,50.,1450.,0.;                                     3863P   3848
126,1,1,1,0,1,0,0.,0.,1.,1.,1.,1.,0.,1.,0.,0.,0.,0.,0.,1.,0.,       3865P   3849
0.,1.;                                                              3865P   3850
110,50.,1450.,0.,50.,50.,0.;                                        3867P   3851
102,4,3853,3857,3861,3865;                                          3869P   3852
102,4,3855,3859,3863,3867;                                          3871P   3853
142,1,3851,3869,3871,1;                                             3873P   3854
144,3851,1,0,3873;                                                  3875P   3855
128,1,1,1,1,0,0,1,0,0,0.,0.,1.,1.,0.,0.,1.,1.,1.,1.,1.,1.,50.,      3877P   3856
-9.,30.,0.,-9.,30.,50.,1509.,30.,0.,1509.,30.,0.,1.,0.,1.;          3877P   3857
126,1,1,1,0,1,0,0.,0.,1.,1.,1.,1.,0.,0.03886693,0.,1.,              3879P   3858
0.005928854,0.,0.,1.,0.,0.,1.;                                      3879P   3859
110,50.,50.,30.,0.,0.,30.;                                          3881P   3860
126,1,1,1,0,1,0,0.,0.,1.,1.,1.,1.,1.,0.005928854,0.,1.,             3883P   3861
0.994071146,0.,0.,1.,0.,0.,1.;                                      3883P   3862
110,0.,0.,30.,0.,1500.,30.;                                         3885P   3863
126,1,1,1,0,1,0,0.,0.,1.,1.,1.,1.,1.,0.994071146,0.,0.,             3887P   3864
0.96113307,0.,0.,1.,0.,0.,1.;                                       3887P   3865
110,0.,1500.,30.,50.,1450.,30.;                                     3889P   3866
126,1,1,1,0,1,0,0.,0.,1.,1.,1.,1.,0.,0.96113307,0.,0.,              3891P   3867
0.03886693,0.,0.,1.,0.,0.,1.;                                       3891P   3868
110,50.,1450.,30.,50.,50.,30.;                                      3893P   3869
102,4,3879,3883,3887,3891;                                          3895P   3870
102,4,3881,3885,3889,3893;                                          3897P   3871
142,1,3877,3895,3897,1;                                             3899P   3872
144,3877,1,0,3899;                                                  3901P   3873
128,1,1,1,1,0,0,1,0,0,0.,0.,1.,1.,0.,0.,1.,1.,1.,1.,1.,1.,50.,      3903P   3874
-9.,0.,0.,-9.,0.,50.,1509.,0.,0.,1509.,0.,0.,1.,0.,1.;              3903P   3875
126,1,1,1,0,1,0,0.,0.,1.,1.,1.,1.,1.,0.994071146,0.,0.,             3905P   3876
0.96113307,0.,0.,1.,0.,0.,1.;                                       3905P   3877
110,0.,1500.,0.,50.,1450.,0.;                                       3907P   3878
126,1,1,1,0,1,0,0.,0.,1.,1.,1.,1.,0.,0.96113307,0.,0.,              3909P   3879
0.03886693,0.,0.,1.,0.,0.,1.;                                       3909P   3880
110,50.,1450.,0.,50.,50.,0.;                                        3911P   3881
126,1,1,1,0,1,0,0.,0.,1.,1.,1.,1.,0.,0.03886693,0.,1.,              3913P   3882
0.005928854,0.,0.,1.,0.,0.,1.;                                      3913P   3883
110,50.,50.,0.,0.,0.,0.;                                            3915P   3884
126,1,1,1,0,1,0,0.,0.,1.,1.,1.,1.,1.,0.005928854,0.,1.,             3917P   3885
0.994071146,0.,0.,1.,0.,0.,1.;                                      3917P   3886
110,0.,0.,0.,0.,1500.,0.;                                           3919P   3887
102,4,3905,3909,3913,3917;                                          3921P   3888
102,4,3907,3911,3915,3919;                                          3923P   3889
142,1,3903,3921,3923,1;                                             3925P   3890
144,3903,1,0,3925;                                                  3927P   3891
308,0,10HGrand tube,10,3649,3675,3701,3727,3775,3823,3849,3875,     3929P   3892
3901,3927;                                                          3929P   3893
124,0.985549172295169,0.16938957756694,0.,-959.912735175125,        3931P   3894
-0.16938957756694,0.985549172295169,0.,-1233.34945816295,0.,0.,     3931P   3895
1.,-209.540816510725;                                               3931P   3896
408,3929,0.,0.,0.,1.;                                               3933P   3897
124,-0.985549172295169,-0.169389577566941,0.,279.720803470458,      3935P   3898
0.169389577566941,-0.985549172295169,0.,75.5847227128831,0.,0.,     3935P   3899
1.,-209.540816510725;                                               3935P   3900
408,3929,0.,0.,0.,1.;                                               3937P   3901
128,1,1,1,1,0,0,1,0,0,0.,0.,1.,1.,0.,0.,1.,1.,1.,1.,1.,1.,2.,       3939P   3902
-3.976,28.,48.,-3.976,28.,2.,1003.976,28.,48.,1003.976,28.,0.,      3939P   3903
1.,0.,1.;                                                           3939P   3904
126,1,1,1,0,1,0,0.,0.,1.,1.,1.,1.,0.,0.005928854,0.,1.,             3941P   3905
0.051565948,0.,0.,1.,0.,0.,1.;                                      3941P   3906
110,2.,2.,28.,48.,48.,28.;                                          3943P   3907
126,1,1,1,0,1,0,0.,0.,1.,1.,1.,1.,1.,0.051565948,0.,1.,             3945P   3908
0.948434052,0.,0.,1.,0.,0.,1.;                                      3945P   3909
110,48.,48.,28.,48.,952.,28.;                                       3947P   3910
126,1,1,1,0,1,0,0.,0.,1.,1.,1.,1.,1.,0.948434052,0.,0.,             3949P   3911
0.994071146,0.,0.,1.,0.,0.,1.;                                      3949P   3912
110,48.,952.,28.,2.,998.,28.;                                       3951P   3913
126,1,1,1,0,1,0,0.,0.,1.,1.,1.,1.,0.,0.994071146,0.,0.,             3953P   3914
0.005928854,0.,0.,1.,0.,0.,1.;                                      3953P   3915
110,2.,998.,28.,2.,2.,28.;                                          3955P   3916
102,4,3941,3945,3949,3953;                                          3957P   3917
102,4,3943,3947,3951,3955;                                          3959P   3918
142,1,3939,3957,3959,1;                                             3961P   3919
144,3939,1,0,3961;                                                  3963P   3920
128,1,1,1,1,0,0,1,0,0,0.,0.,1.,1.,0.,0.,1.,1.,1.,1.,1.,1.,2.,       3965P   3921
2.,2.,2.,2.,28.,2.,998.,2.,2.,998.,28.,0.,1.,0.,1.;                 3965P   3922
126,1,1,1,0,1,0,0.,0.,1.,1.,1.,1.,0.,0.,0.,1.,0.,0.,0.,1.,0.,       3967P   3923
0.,1.;                                                              3967P   3924
110,2.,2.,2.,2.,2.,28.;                                             3969P   3925
126,1,1,1,0,1,0,0.,0.,1.,1.,1.,1.,1.,0.,0.,1.,1.,0.,0.,1.,0.,       3971P   3926
0.,1.;                                                              3971P   3927
110,2.,2.,28.,2.,998.,28.;                                          3973P   3928
126,1,1,1,0,1,0,0.,0.,1.,1.,1.,1.,1.,1.,0.,0.,1.,0.,0.,1.,0.,       3975P   3929
0.,1.;                                                              3975P   3930
110,2.,998.,28.,2.,998.,2.;                                         3977P   3931
126,1,1,1,0,1,0,0.,0.,1.,1.,1.,1.,0.,1.,0.,0.,0.,0.,0.,1.,0.,       3979P   3932
0.,1.;                                                              3979P   3933
110,2.,998.,2.,2.,2.,2.;                                            3981P   3934
102,4,3967,3971,3975,3979;                                          3983P   3935
102,4,3969,3973,3977,3981;                                          3985P   3936
142,1,3965,3983,3985,1;                                             3987P   3937
144,3965,1,0,3987;                                                  3989P   3938
128,1,1,1,1,0,0,1,0,0,0.,0.,1.,1.,0.,0.,1.,1.,1.,1.,1.,1.,48.,      3991P   3939
-3.976,2.,2.,-3.976,2.,48.,1003.976,2.,2.,1003.976,2.,0.,1.,0.,     3991P   3940
1.;                                                                 3991P   3941
126,1,1,1,0,1,0,0.,0.,1.,1.,1.,1.,0.,0.051565948,0.,1.,             3993P   3942
0.005928854,0.,0.,1.,0.,0.,1.;                                      3993P   3943
110,48.,48.,2.,2.,2.,2.;                                            3995P   3944
126,1,1,1,0,1,0,0.,0.,1.,1.,1.,1.,1.,0.005928854,0.,1.,             3997P   3945
0.994071146,0.,0.,1.,0.,0.,1.;                                      3997P   3946
110,2.,2.,2.,2.,998.,2.;                                            3999P   3947
126,1,1,1,0,1,0,0.,0.,1.,1.,1.,1.,1.,0.994071146,0.,0.,             4001P   3948
0.948434052,0.,0.,1.,0.,0.,1.;                                      4001P   3949
110,2.,998.,2.,48.,952.,2.;                                         4003P   3950
126,1,1,1,0,1,0,0.,0.,1.,1.,1.,1.,0.,0.948434052,0.,0.,             4005P   3951
0.051565948,0.,0.,1.,0.,0.,1.;                                      4005P   3952
110,48.,952.,2.,48.,48.,2.;                                         4007P   3953
102,4,3993,3997,4001,4005;                                          4009P   3954
102,4,3995,3999,4003,4007;                                          4011P   3955
142,1,3991,4009,4011,1;                                             4013P   3956
144,3991,1,0,4013;                                                  4015P   3957
128,1,1,1,1,0,0,1,0,0,0.,0.,1.,1.,0.,0.,1.,1.,1.,1.,1.,1.,48.,      4017P   3958
48.,28.,48.,48.,2.,48.,952.,28.,48.,952.,2.,0.,1.,0.,1.;            4017P   3959
126,1,1,1,0,1,0,0.,0.,1.,1.,1.,1.,0.,0.,0.,1.,0.,0.,0.,1.,0.,       4019P   3960
0.,1.;                                                              4019P   3961
110,48.,48.,28.,48.,48.,2.;                                         4021P   3962
126,1,1,1,0,1,0,0.,0.,1.,1.,1.,1.,1.,0.,0.,1.,1.,0.,0.,1.,0.,       4023P   3963
0.,1.;                                                              4023P   3964
110,48.,48.,2.,48.,952.,2.;                                         4025P   3965
126,1,1,1,0,1,0,0.,0.,1.,1.,1.,1.,1.,1.,0.,0.,1.,0.,0.,1.,0.,       4027P   3966
0.,1.;                                                              4027P   3967
110,48.,952.,2.,48.,952.,28.;                                       4029P   3968
126,1,1,1,0,1,0,0.,0.,1.,1.,1.,1.,0.,1.,0.,0.,0.,0.,0.,1.,0.,       4031P   3969
0.,1.;                                                              4031P   3970
110,48.,952.,28.,48.,48.,28.;                                       4033P   3971
102,4,4019,4023,4027,4031;                                          4035P   3972
102,4,4021,4025,4029,4033;                                          4037P   3973
142,1,4017,4035,4037,1;                                             4039P   3974
144,4017,1,0,4039;                                                  4041P   3975
128,1,1,1,1,0,0,1,0,0,0.,0.,1.,1.,0.,0.,1.,1.,1.,1.,1.,1.,50.,      4043P   3976
50.,0.,0.,0.,0.,50.,50.,30.,0.,0.,30.,0.,1.,0.,1.;                  4043P   3977
126,1,1,1,0,1,0,0.,0.,1.,1.,1.,1.,1.,0.,0.,1.,1.,0.,0.,1.,0.,       4045P   3978
0.,1.;                                                              4045P   3979
110,0.,0.,0.,0.,0.,30.;                                             4047P   3980
126,1,1,1,0,1,0,0.,0.,1.,1.,1.,1.,1.,1.,0.,0.,1.,0.,0.,1.,0.,       4049P   3981
0.,1.;                                                              4049P   3982
110,0.,0.,30.,50.,50.,30.;                                          4051P   3983
126,1,1,1,0,1,0,0.,0.,1.,1.,1.,1.,0.,1.,0.,0.,0.,0.,0.,1.,0.,       4053P   3984
0.,1.;                                                              4053P   3985
110,50.,50.,30.,50.,50.,0.;                                         4055P   3986
126,1,1,1,0,1,0,0.,0.,1.,1.,1.,1.,0.,0.,0.,1.,0.,0.,0.,1.,0.,       4057P   3987
0.,1.;                                                              4057P   3988
110,50.,50.,0.,0.,0.,0.;                                            4059P   3989
102,4,4045,4049,4053,4057;                                          4061P   3990
102,4,4047,4051,4055,4059;                                          4063P   3991
142,1,4043,4061,4063,1;                                             4065P   3992
126,1,1,1,0,1,0,0.,0.,1.,1.,1.,1.,0.04,0.066666667,0.,0.04,         4067P   3993
0.933333333,0.,0.,1.,0.,0.,1.;                                      4067P   3994
110,48.,48.,2.,48.,48.,28.;                                         4069P   3995
126,1,1,1,0,1,0,0.,0.,1.,1.,1.,1.,0.04,0.933333333,0.,0.96,         4071P   3996
0.933333333,0.,0.,1.,0.,0.,1.;                                      4071P   3997
110,48.,48.,28.,2.,2.,28.;                                          4073P   3998
126,1,1,1,0,1,0,0.,0.,1.,1.,1.,1.,0.96,0.933333333,0.,0.96,         4075P   3999
0.066666667,0.,0.,1.,0.,0.,1.;                                      4075P   4000
110,2.,2.,28.,2.,2.,2.;                                             4077P   4001
126,1,1,1,0,1,0,0.,0.,1.,1.,1.,1.,0.96,0.066666667,0.,0.04,         4079P   4002
0.066666667,0.,0.,1.,0.,0.,1.;                                      4079P   4003
110,2.,2.,2.,48.,48.,2.;                                            4081P   4004
102,4,4067,4071,4075,4079;                                          4083P   4005
102,4,4069,4073,4077,4081;                                          4085P   4006
142,1,4043,4083,4085,1;                                             4087P   4007
144,4043,1,1,4065,4087;                                             4089P   4008
128,1,1,1,1,0,0,1,0,0,0.,0.,1.,1.,0.,0.,1.,1.,1.,1.,1.,1.,0.,       4091P   4009
1000.,0.,50.,950.,0.,0.,1000.,30.,50.,950.,30.,0.,1.,0.,1.;         4091P   4010
126,1,1,1,0,1,0,0.,0.,1.,1.,1.,1.,1.,0.,0.,1.,1.,0.,0.,1.,0.,       4093P   4011
0.,1.;                                                              4093P   4012
110,50.,950.,0.,50.,950.,30.;                                       4095P   4013
126,1,1,1,0,1,0,0.,0.,1.,1.,1.,1.,1.,1.,0.,0.,1.,0.,0.,1.,0.,       4097P   4014
0.,1.;                                                              4097P   4015
110,50.,950.,30.,0.,1000.,30.;                                      4099P   4016
126,1,1,1,0,1,0,0.,0.,1.,1.,1.,1.,0.,1.,0.,0.,0.,0.,0.,1.,0.,       4101P   4017
0.,1.;                                                              4101P   4018
110,0.,1000.,30.,0.,1000.,0.;                                       4103P   4019
126,1,1,1,0,1,0,0.,0.,1.,1.,1.,1.,0.,0.,0.,1.,0.,0.,0.,1.,0.,       4105P   4020
0.,1.;                                                              4105P   4021
110,0.,1000.,0.,50.,950.,0.;                                        4107P   4022
102,4,4093,4097,4101,4105;                                          4109P   4023
102,4,4095,4099,4103,4107;                                          4111P   4024
142,1,4091,4109,4111,1;                                             4113P   4025
126,1,1,1,0,1,0,0.,0.,1.,1.,1.,1.,0.96,0.933333333,0.,0.96,         4115P   4026
0.066666667,0.,0.,1.,0.,0.,1.;                                      4115P   4027
110,48.,952.,28.,48.,952.,2.;                                       4117P   4028
126,1,1,1,0,1,0,0.,0.,1.,1.,1.,1.,0.96,0.066666667,0.,0.04,         4119P   4029
0.066666667,0.,0.,1.,0.,0.,1.;                                      4119P   4030
110,48.,952.,2.,2.,998.,2.;                                         4121P   4031
126,1,1,1,0,1,0,0.,0.,1.,1.,1.,1.,0.04,0.066666667,0.,0.04,         4123P   4032
0.933333333,0.,0.,1.,0.,0.,1.;                                      4123P   4033
110,2.,998.,2.,2.,998.,28.;                                         4125P   4034
126,1,1,1,0,1,0,0.,0.,1.,1.,1.,1.,0.04,0.933333333,0.,0.96,         4127P   4035
0.933333333,0.,0.,1.,0.,0.,1.;                                      4127P   4036
110,2.,998.,28.,48.,952.,28.;                                       4129P   4037
102,4,4115,4119,4123,4127;                                          4131P   4038
102,4,4117,4121,4125,4129;                                          4133P   4039
142,1,4091,4131,4133,1;                                             4135P   4040
144,4091,1,1,4113,4135;                                             4137P   4041
128,1,1,1,1,0,0,1,0,0,0.,0.,1.,1.,0.,0.,1.,1.,1.,1.,1.,1.,0.,       4139P   4042
0.,30.,0.,0.,0.,0.,1000.,30.,0.,1000.,0.,0.,1.,0.,1.;               4139P   4043
126,1,1,1,0,1,0,0.,0.,1.,1.,1.,1.,1.,1.,0.,0.,1.,0.,0.,1.,0.,       4141P   4044
0.,1.;                                                              4141P   4045
110,0.,1000.,0.,0.,1000.,30.;                                       4143P   4046
126,1,1,1,0,1,0,0.,0.,1.,1.,1.,1.,0.,1.,0.,0.,0.,0.,0.,1.,0.,       4145P   4047
0.,1.;                                                              4145P   4048
110,0.,1000.,30.,0.,0.,30.;                                         4147P   4049
126,1,1,1,0,1,0,0.,0.,1.,1.,1.,1.,0.,0.,0.,1.,0.,0.,0.,1.,0.,       4149P   4050
0.,1.;                                                              4149P   4051
110,0.,0.,30.,0.,0.,0.;                                             4151P   4052
126,1,1,1,0,1,0,0.,0.,1.,1.,1.,1.,1.,0.,0.,1.,1.,0.,0.,1.,0.,       4153P   4053
0.,1.;                                                              4153P   4054
110,0.,0.,0.,0.,1000.,0.;                                           4155P   4055
102,4,4141,4145,4149,4153;                                          4157P   4056
102,4,4143,4147,4151,4155;                                          4159P   4057
142,1,4139,4157,4159,1;                                             4161P   4058
144,4139,1,0,4161;                                                  4163P   4059
128,1,1,1,1,0,0,1,0,0,0.,0.,1.,1.,0.,0.,1.,1.,1.,1.,1.,1.,50.,      4165P   4060
50.,0.,50.,50.,30.,50.,950.,0.,50.,950.,30.,0.,1.,0.,1.;            4165P   4061
126,1,1,1,0,1,0,0.,0.,1.,1.,1.,1.,0.,0.,0.,1.,0.,0.,0.,1.,0.,       4167P   4062
0.,1.;                                                              4167P   4063
110,50.,50.,0.,50.,50.,30.;                                         4169P   4064
126,1,1,1,0,1,0,0.,0.,1.,1.,1.,1.,1.,0.,0.,1.,1.,0.,0.,1.,0.,       4171P   4065
0.,1.;                                                              4171P   4066
110,50.,50.,30.,50.,950.,30.;                                       4173P   4067
126,1,1,1,0,1,0,0.,0.,1.,1.,1.,1.,1.,1.,0.,0.,1.,0.,0.,1.,0.,       4175P   4068
0.,1.;                                                              4175P   4069
110,50.,950.,30.,50.,950.,0.;                                       4177P   4070
126,1,1,1,0,1,0,0.,0.,1.,1.,1.,1.,0.,1.,0.,0.,0.,0.,0.,1.,0.,       4179P   4071
0.,1.;                                                              4179P   4072
110,50.,950.,0.,50.,50.,0.;                                         4181P   4073
102,4,4167,4171,4175,4179;                                          4183P   4074
102,4,4169,4173,4177,4181;                                          4185P   4075
142,1,4165,4183,4185,1;                                             4187P   4076
144,4165,1,0,4187;                                                  4189P   4077
128,1,1,1,1,0,0,1,0,0,0.,0.,1.,1.,0.,0.,1.,1.,1.,1.,1.,1.,50.,      4191P   4078
-6.,30.,0.,-6.,30.,50.,1006.,30.,0.,1006.,30.,0.,1.,0.,1.;          4191P   4079
126,1,1,1,0,1,0,0.,0.,1.,1.,1.,1.,0.,0.055335968,0.,1.,             4193P   4080
0.005928854,0.,0.,1.,0.,0.,1.;                                      4193P   4081
110,50.,50.,30.,0.,0.,30.;                                          4195P   4082
126,1,1,1,0,1,0,0.,0.,1.,1.,1.,1.,1.,0.005928854,0.,1.,             4197P   4083
0.994071146,0.,0.,1.,0.,0.,1.;                                      4197P   4084
110,0.,0.,30.,0.,1000.,30.;                                         4199P   4085
126,1,1,1,0,1,0,0.,0.,1.,1.,1.,1.,1.,0.994071146,0.,0.,             4201P   4086
0.944664032,0.,0.,1.,0.,0.,1.;                                      4201P   4087
110,0.,1000.,30.,50.,950.,30.;                                      4203P   4088
126,1,1,1,0,1,0,0.,0.,1.,1.,1.,1.,0.,0.944664032,0.,0.,             4205P   4089
0.055335968,0.,0.,1.,0.,0.,1.;                                      4205P   4090
110,50.,950.,30.,50.,50.,30.;                                       4207P   4091
102,4,4193,4197,4201,4205;                                          4209P   4092
102,4,4195,4199,4203,4207;                                          4211P   4093
142,1,4191,4209,4211,1;                                             4213P   4094
144,4191,1,0,4213;                                                  4215P   4095
128,1,1,1,1,0,0,1,0,0,0.,0.,1.,1.,0.,0.,1.,1.,1.,1.,1.,1.,50.,      4217P   4096
-6.,0.,0.,-6.,0.,50.,1006.,0.,0.,1006.,0.,0.,1.,0.,1.;              4217P   4097
126,1,1,1,0,1,0,0.,0.,1.,1.,1.,1.,1.,0.994071146,0.,0.,             4219P   4098
0.944664032,0.,0.,1.,0.,0.,1.;                                      4219P   4099
110,0.,1000.,0.,50.,950.,0.;                                        4221P   4100
126,1,1,1,0,1,0,0.,0.,1.,1.,1.,1.,0.,0.944664032,0.,0.,             4223P   4101
0.055335968,0.,0.,1.,0.,0.,1.;                                      4223P   4102
110,50.,950.,0.,50.,50.,0.;                                         4225P   4103
126,1,1,1,0,1,0,0.,0.,1.,1.,1.,1.,0.,0.055335968,0.,1.,             4227P   4104
0.005928854,0.,0.,1.,0.,0.,1.;                                      4227P   4105
110,50.,50.,0.,0.,0.,0.;                                            4229P   4106
126,1,1,1,0,1,0,0.,0.,1.,1.,1.,1.,1.,0.005928854,0.,1.,             4231P   4107
0.994071146,0.,0.,1.,0.,0.,1.;                                      4231P   4108
110,0.,0.,0.,0.,1000.,0.;                                           4233P   4109
102,4,4219,4223,4227,4231;                                          4235P   4110
102,4,4221,4225,4229,4233;                                          4237P   4111
142,1,4217,4235,4237,1;                                             4239P   4112
144,4217,1,0,4239;                                                  4241P   4113
308,0,10HPetit tube,10,3963,3989,4015,4041,4089,4137,4163,4189,     4243P   4114
4215,4241;                                                          4243P   4115
124,-0.169389577566919,-0.985549172295173,0.,279.720803470458,      4245P   4116
-0.985549172295173,0.169389577566919,0.,75.5847227128831,0.,0.,     4245P   4117
-1.,-179.540816510725;                                              4245P   4118
408,4243,0.,0.,0.,1.;                                               4247P   4119
124,0.169389577566944,-0.985549172295169,0.,25.6364371200575,       4249P   4120
0.985549172295169,0.169389577566944,0.,-1402.73903572988,0.,0.,     4249P   4121
1.,-209.540816510725;                                               4249P   4122
408,4243,0.,0.,0.,1.;                                               4251P   4123
128,1,1,1,1,0,0,1,0,0,0.,0.,1.,1.,0.,0.,1.,1.,1.,1.,1.,1.,16.,      4253P   4124
0.,0.,16.,0.,30.,1625.,0.,0.,1625.,0.,30.,0.,1.,0.,1.;              4253P   4125
126,1,1,1,0,1,0,0.,0.,1.,1.,1.,1.,1.,1.,0.,0.,1.,0.,0.,1.,0.,       4255P   4126
0.,1.;                                                              4255P   4127
110,1625.,0.,30.,1625.,0.,0.;                                       4257P   4128
126,1,1,1,0,1,0,0.,0.,1.,1.,1.,1.,0.,1.,0.,0.,0.,0.,0.,1.,0.,       4259P   4129
0.,1.;                                                              4259P   4130
110,1625.,0.,0.,16.,0.,0.;                                          4261P   4131
126,1,1,1,0,1,0,0.,0.,1.,1.,1.,1.,0.,0.,0.,1.,0.,0.,0.,1.,0.,       4263P   4132
0.,1.;                                                              4263P   4133
110,16.,0.,0.,16.,0.,30.;                                           4265P   4134
126,1,1,1,0,1,0,0.,0.,1.,1.,1.,1.,1.,0.,0.,1.,1.,0.,0.,1.,0.,       4267P   4135
0.,1.;                                                              4267P   4136
110,16.,0.,30.,1625.,0.,30.;                                        4269P   4137
102,4,4255,4259,4263,4267;                                          4271P   4138
102,4,4257,4261,4265,4269;                                          4273P   4139
142,1,4253,4271,4273,1;                                             4275P   4140
144,4253,1,0,4275;                                                  4277P   4141
128,1,1,1,1,0,0,1,0,0,0.,0.,1.,1.,0.,0.,1.,1.,1.,1.,1.,1.,39.,      4279P   4142
50.,0.,1648.,50.,0.,39.,50.,30.,1648.,50.,30.,0.,1.,0.,1.;          4279P   4143
126,1,1,1,0,1,0,0.,0.,1.,1.,1.,1.,1.,0.,0.,1.,1.,0.,0.,1.,0.,       4281P   4144
0.,1.;                                                              4281P   4145
110,1648.,50.,0.,1648.,50.,30.;                                     4283P   4146
126,1,1,1,0,1,0,0.,0.,1.,1.,1.,1.,1.,1.,0.,0.,1.,0.,0.,1.,0.,       4285P   4147
0.,1.;                                                              4285P   4148
110,1648.,50.,30.,39.,50.,30.;                                      4287P   4149
126,1,1,1,0,1,0,0.,0.,1.,1.,1.,1.,0.,1.,0.,0.,0.,0.,0.,1.,0.,       4289P   4150
0.,1.;                                                              4289P   4151
110,39.,50.,30.,39.,50.,0.;                                         4291P   4152
126,1,1,1,0,1,0,0.,0.,1.,1.,1.,1.,0.,0.,0.,1.,0.,0.,0.,1.,0.,       4293P   4153
0.,1.;                                                              4293P   4154
110,39.,50.,0.,1648.,50.,0.;                                        4295P   4155
102,4,4281,4285,4289,4293;                                          4297P   4156
102,4,4283,4287,4291,4295;                                          4299P   4157
142,1,4279,4297,4299,1;                                             4301P   4158
144,4279,1,0,4301;                                                  4303P   4159
128,1,1,1,1,0,0,1,0,0,0.,0.,1.,1.,0.,0.,1.,1.,1.,1.,1.,1.,          4305P   4160
1664.,0.,30.,0.,0.,30.,1664.,50.,30.,0.,50.,30.,0.,1.,0.,1.;        4305P   4161
126,1,1,1,0,1,0,0.,0.,1.,1.,1.,1.,0.9765625,1.,0.,0.009615385,      4307P   4162
1.,0.,0.,1.,0.,0.,1.;                                               4307P   4163
110,39.,50.,30.,1648.,50.,30.;                                      4309P   4164
126,1,1,1,0,1,0,0.,0.,1.,1.,1.,1.,0.009615385,1.,0.,0.,0.5,0.,      4311P   4165
0.,1.,0.,0.,1.;                                                     4311P   4166
110,1648.,50.,30.,1664.,25.,30.;                                    4313P   4167
126,1,1,1,0,1,0,0.,0.,1.,1.,1.,1.,0.,0.5,0.,0.0234375,0.,0.,0.,     4315P   4168
1.,0.,0.,1.;                                                        4315P   4169
110,1664.,25.,30.,1625.,0.,30.;                                     4317P   4170
126,1,1,1,0,1,0,0.,0.,1.,1.,1.,1.,0.0234375,0.,0.,0.990384615,      4319P   4171
0.,0.,0.,1.,0.,0.,1.;                                               4319P   4172
110,1625.,0.,30.,16.,0.,30.;                                        4321P   4173
126,1,1,1,0,1,0,0.,0.,1.,1.,1.,1.,0.990384615,0.,0.,1.,0.5,0.,      4323P   4174
0.,1.,0.,0.,1.;                                                     4323P   4175
110,16.,0.,30.,0.,25.,30.;                                          4325P   4176
126,1,1,1,0,1,0,0.,0.,1.,1.,1.,1.,1.,0.5,0.,0.9765625,1.,0.,0.,     4327P   4177
1.,0.,0.,1.;                                                        4327P   4178
110,0.,25.,30.,39.,50.,30.;                                         4329P   4179
102,6,4307,4311,4315,4319,4323,4327;                                4331P   4180
102,6,4309,4313,4317,4321,4325,4329;                                4333P   4181
142,1,4305,4331,4333,1;                                             4335P   4182
144,4305,1,0,4335;                                                  4337P   4183
128,1,1,1,1,0,0,1,0,0,0.,0.,1.,1.,0.,0.,1.,1.,1.,1.,1.,1.,          4339P   4184
1664.,0.,0.,0.,0.,0.,1664.,50.,0.,0.,50.,0.,0.,1.,0.,1.;            4339P   4185
126,1,1,1,0,1,0,0.,0.,1.,1.,1.,1.,0.990384615,0.,0.,1.,0.5,0.,      4341P   4186
0.,1.,0.,0.,1.;                                                     4341P   4187
110,16.,0.,0.,0.,25.,0.;                                            4343P   4188
126,1,1,1,0,1,0,0.,0.,1.,1.,1.,1.,1.,0.5,0.,0.9765625,1.,0.,0.,     4345P   4189
1.,0.,0.,1.;                                                        4345P   4190
110,0.,25.,0.,39.,50.,0.;                                           4347P   4191
126,1,1,1,0,1,0,0.,0.,1.,1.,1.,1.,0.9765625,1.,0.,0.009615385,      4349P   4192
1.,0.,0.,1.,0.,0.,1.;                                               4349P   4193
110,39.,50.,0.,1648.,50.,0.;                                        4351P   4194
126,1,1,1,0,1,0,0.,0.,1.,1.,1.,1.,0.009615385,1.,0.,0.,0.5,0.,      4353P   4195
0.,1.,0.,0.,1.;                                                     4353P   4196
110,1648.,50.,0.,1664.,25.,0.;                                      4355P   4197
126,1,1,1,0,1,0,0.,0.,1.,1.,1.,1.,0.,0.5,0.,0.0234375,0.,0.,0.,     4357P   4198
1.,0.,0.,1.;                                                        4357P   4199
110,1664.,25.,0.,1625.,0.,0.;                                       4359P   4200
126,1,1,1,0,1,0,0.,0.,1.,1.,1.,1.,0.0234375,0.,0.,0.990384615,      4361P   4201
0.,0.,0.,1.,0.,0.,1.;                                               4361P   4202
110,1625.,0.,0.,16.,0.,0.;                                          4363P   4203
102,6,4341,4345,4349,4353,4357,4361;                                4365P   4204
102,6,4343,4347,4351,4355,4359,4363;                                4367P   4205
142,1,4339,4365,4367,1;                                             4369P   4206
144,4339,1,0,4369;                                                  4371P   4207
128,1,1,1,1,0,0,1,0,0,0.,0.,1.,1.,0.,0.,1.,1.,1.,1.,1.,1.,0.,       4373P   4208
48.,28.,0.,2.,28.,1664.,48.,28.,1664.,2.,28.,0.,1.,0.,1.;           4373P   4209
126,1,1,1,0,1,0,0.,0.,1.,1.,1.,1.,1.,0.9784375,0.,0.5,1.,0.,0.,     4375P   4210
1.,0.,0.,1.;                                                        4375P   4211
110,1628.12,2.,28.,1664.,25.,28.;                                   4377P   4212
126,1,1,1,0,1,0,0.,0.,1.,1.,1.,1.,0.5,1.,0.,0.,0.991153846,0.,      4379P   4213
0.,1.,0.,0.,1.;                                                     4379P   4214
110,1664.,25.,28.,1649.28,48.,28.;                                  4381P   4215
126,1,1,1,0,1,0,0.,0.,1.,1.,1.,1.,0.,0.991153846,0.,0.,             4383P   4216
0.0215625,0.,0.,1.,0.,0.,1.;                                        4383P   4217
110,1649.28,48.,28.,35.88,48.,28.;                                  4385P   4218
126,1,1,1,0,1,0,0.,0.,1.,1.,1.,1.,0.,0.0215625,0.,0.5,0.,0.,0.,     4387P   4219
1.,0.,0.,1.;                                                        4387P   4220
110,35.88,48.,28.,0.,25.,28.;                                       4389P   4221
126,1,1,1,0,1,0,0.,0.,1.,1.,1.,1.,0.5,0.,0.,1.,0.008846154,0.,      4391P   4222
0.,1.,0.,0.,1.;                                                     4391P   4223
110,0.,25.,28.,14.72,2.,28.;                                        4393P   4224
126,1,1,1,0,1,0,0.,0.,1.,1.,1.,1.,1.,0.008846154,0.,1.,             4395P   4225
0.9784375,0.,0.,1.,0.,0.,1.;                                        4395P   4226
110,14.72,2.,28.,1628.12,2.,28.;                                    4397P   4227
102,6,4375,4379,4383,4387,4391,4395;                                4399P   4228
102,6,4377,4381,4385,4389,4393,4397;                                4401P   4229
142,1,4373,4399,4401,1;                                             4403P   4230
144,4373,1,0,4403;                                                  4405P   4231
128,1,1,1,1,0,0,1,0,0,0.,0.,1.,1.,0.,0.,1.,1.,1.,1.,1.,1.,          4407P   4232
35.88,48.,2.,35.88,48.,28.,1649.28,48.,2.,1649.28,48.,28.,0.,       4407P   4233
1.,0.,1.;                                                           4407P   4234
126,1,1,1,0,1,0,0.,0.,1.,1.,1.,1.,1.,1.,0.,0.,1.,0.,0.,1.,0.,       4409P   4235
0.,1.;                                                              4409P   4236
110,1649.28,48.,28.,1649.28,48.,2.;                                 4411P   4237
126,1,1,1,0,1,0,0.,0.,1.,1.,1.,1.,0.,1.,0.,0.,0.,0.,0.,1.,0.,       4413P   4238
0.,1.;                                                              4413P   4239
110,1649.28,48.,2.,35.88,48.,2.;                                    4415P   4240
126,1,1,1,0,1,0,0.,0.,1.,1.,1.,1.,0.,0.,0.,1.,0.,0.,0.,1.,0.,       4417P   4241
0.,1.;                                                              4417P   4242
110,35.88,48.,2.,35.88,48.,28.;                                     4419P   4243
126,1,1,1,0,1,0,0.,0.,1.,1.,1.,1.,1.,0.,0.,1.,1.,0.,0.,1.,0.,       4421P   4244
0.,1.;                                                              4421P   4245
110,35.88,48.,28.,1649.28,48.,28.;                                  4423P   4246
102,4,4409,4413,4417,4421;                                          4425P   4247
102,4,4411,4415,4419,4423;                                          4427P   4248
142,1,4407,4425,4427,1;                                             4429P   4249
144,4407,1,0,4429;                                                  4431P   4250
128,1,1,1,1,0,0,1,0,0,0.,0.,1.,1.,0.,0.,1.,1.,1.,1.,1.,1.,0.,       4433P   4251
2.,2.,0.,48.,2.,1664.,2.,2.,1664.,48.,2.,0.,1.,0.,1.;               4433P   4252
126,1,1,1,0,1,0,0.,0.,1.,1.,1.,1.,1.,0.0215625,0.,1.,               4435P   4253
0.991153846,0.,0.,1.,0.,0.,1.;                                      4435P   4254
110,35.88,48.,2.,1649.28,48.,2.;                                    4437P   4255
126,1,1,1,0,1,0,0.,0.,1.,1.,1.,1.,1.,0.991153846,0.,0.5,1.,0.,      4439P   4256
0.,1.,0.,0.,1.;                                                     4439P   4257
110,1649.28,48.,2.,1664.,25.,2.;                                    4441P   4258
126,1,1,1,0,1,0,0.,0.,1.,1.,1.,1.,0.5,1.,0.,0.,0.9784375,0.,0.,     4443P   4259
1.,0.,0.,1.;                                                        4443P   4260
110,1664.,25.,2.,1628.12,2.,2.;                                     4445P   4261
126,1,1,1,0,1,0,0.,0.,1.,1.,1.,1.,0.,0.9784375,0.,0.,               4447P   4262
0.008846154,0.,0.,1.,0.,0.,1.;                                      4447P   4263
110,1628.12,2.,2.,14.72,2.,2.;                                      4449P   4264
126,1,1,1,0,1,0,0.,0.,1.,1.,1.,1.,0.,0.008846154,0.,0.5,0.,0.,      4451P   4265
0.,1.,0.,0.,1.;                                                     4451P   4266
110,14.72,2.,2.,0.,25.,2.;                                          4453P   4267
126,1,1,1,0,1,0,0.,0.,1.,1.,1.,1.,0.5,0.,0.,1.,0.0215625,0.,0.,     4455P   4268
1.,0.,0.,1.;                                                        4455P   4269
110,0.,25.,2.,35.88,48.,2.;                                         4457P   4270
102,6,4435,4439,4443,4447,4451,4455;                                4459P   4271
102,6,4437,4441,4445,4449,4453,4457;                                4461P   4272
142,1,4433,4459,4461,1;                                             4463P   4273
144,4433,1,0,4463;                                                  4465P   4274
128,1,1,1,1,0,0,1,0,0,0.,0.,1.,1.,0.,0.,1.,1.,1.,1.,1.,1.,          4467P   4275
14.72,2.,28.,14.72,2.,2.,1628.12,2.,28.,1628.12,2.,2.,0.,1.,0.,     4467P   4276
1.;                                                                 4467P   4277
126,1,1,1,0,1,0,0.,0.,1.,1.,1.,1.,1.,1.,0.,0.,1.,0.,0.,1.,0.,       4469P   4278
0.,1.;                                                              4469P   4279
110,1628.12,2.,2.,1628.12,2.,28.;                                   4471P   4280
126,1,1,1,0,1,0,0.,0.,1.,1.,1.,1.,0.,1.,0.,0.,0.,0.,0.,1.,0.,       4473P   4281
0.,1.;                                                              4473P   4282
110,1628.12,2.,28.,14.72,2.,28.;                                    4475P   4283
126,1,1,1,0,1,0,0.,0.,1.,1.,1.,1.,0.,0.,0.,1.,0.,0.,0.,1.,0.,       4477P   4284
0.,1.;                                                              4477P   4285
110,14.72,2.,28.,14.72,2.,2.;                                       4479P   4286
126,1,1,1,0,1,0,0.,0.,1.,1.,1.,1.,1.,0.,0.,1.,1.,0.,0.,1.,0.,       4481P   4287
0.,1.;                                                              4481P   4288
110,14.72,2.,2.,1628.12,2.,2.;                                      4483P   4289
102,4,4469,4473,4477,4481;                                          4485P   4290
102,4,4471,4475,4479,4483;                                          4487P   4291
142,1,4467,4485,4487,1;                                             4489P   4292
144,4467,1,0,4489;                                                  4491P   4293
128,1,1,1,1,0,0,1,0,0,0.,0.,1.,1.,0.,0.,1.,1.,1.,1.,1.,1.,          4493P   4294
1648.,50.,0.,1664.,25.,0.,1648.,50.,30.,1664.,25.,30.,0.,1.,0.,     4493P   4295
1.;                                                                 4493P   4296
126,1,1,1,0,1,0,0.,0.,1.,1.,1.,1.,0.08,0.933333333,0.,1.,           4495P   4297
0.933333333,0.,0.,1.,0.,0.,1.;                                      4495P   4298
110,1649.28,48.,28.,1664.,25.,28.;                                  4497P   4299
126,1,1,1,0,1,0,0.,0.,1.,1.,1.,1.,1.,0.933333333,0.,1.,1.,0.,       4499P   4300
0.,1.,0.,0.,1.;                                                     4499P   4301
110,1664.,25.,28.,1664.,25.,30.;                                    4501P   4302
126,1,1,1,0,1,0,0.,0.,1.,1.,1.,1.,1.,1.,0.,0.,1.,0.,0.,1.,0.,       4503P   4303
0.,1.;                                                              4503P   4304
110,1664.,25.,30.,1648.,50.,30.;                                    4505P   4305
126,1,1,1,0,1,0,0.,0.,1.,1.,1.,1.,0.,1.,0.,0.,0.,0.,0.,1.,0.,       4507P   4306
0.,1.;                                                              4507P   4307
110,1648.,50.,30.,1648.,50.,0.;                                     4509P   4308
126,1,1,1,0,1,0,0.,0.,1.,1.,1.,1.,0.,0.,0.,1.,0.,0.,0.,1.,0.,       4511P   4309
0.,1.;                                                              4511P   4310
110,1648.,50.,0.,1664.,25.,0.;                                      4513P   4311
126,1,1,1,0,1,0,0.,0.,1.,1.,1.,1.,1.,0.,0.,1.,0.066666667,0.,       4515P   4312
0.,1.,0.,0.,1.;                                                     4515P   4313
110,1664.,25.,0.,1664.,25.,2.;                                      4517P   4314
126,1,1,1,0,1,0,0.,0.,1.,1.,1.,1.,1.,0.066666667,0.,0.08,           4519P   4315
0.066666667,0.,0.,1.,0.,0.,1.;                                      4519P   4316
110,1664.,25.,2.,1649.28,48.,2.;                                    4521P   4317
126,1,1,1,0,1,0,0.,0.,1.,1.,1.,1.,0.08,0.066666667,0.,0.08,         4523P   4318
0.933333333,0.,0.,1.,0.,0.,1.;                                      4523P   4319
110,1649.28,48.,2.,1649.28,48.,28.;                                 4525P   4320
102,8,4495,4499,4503,4507,4511,4515,4519,4523;                      4527P   4321
102,8,4497,4501,4505,4509,4513,4517,4521,4525;                      4529P   4322
142,1,4493,4527,4529,1;                                             4531P   4323
144,4493,1,0,4531;                                                  4533P   4324
128,1,1,1,1,0,0,1,0,0,0.,0.,1.,1.,0.,0.,1.,1.,1.,1.,1.,1.,          4535P   4325
1664.,25.,0.,1625.,0.,0.,1664.,25.,30.,1625.,0.,30.,0.,1.,0.,       4535P   4326
1.;                                                                 4535P   4327
126,1,1,1,0,1,0,0.,0.,1.,1.,1.,1.,0.,0.933333333,0.,0.92,           4537P   4328
0.933333333,0.,0.,1.,0.,0.,1.;                                      4537P   4329
110,1664.,25.,28.,1628.12,2.,28.;                                   4539P   4330
126,1,1,1,0,1,0,0.,0.,1.,1.,1.,1.,0.92,0.933333333,0.,0.92,         4541P   4331
0.066666667,0.,0.,1.,0.,0.,1.;                                      4541P   4332
110,1628.12,2.,28.,1628.12,2.,2.;                                   4543P   4333
126,1,1,1,0,1,0,0.,0.,1.,1.,1.,1.,0.92,0.066666667,0.,0.,           4545P   4334
0.066666667,0.,0.,1.,0.,0.,1.;                                      4545P   4335
110,1628.12,2.,2.,1664.,25.,2.;                                     4547P   4336
126,1,1,1,0,1,0,0.,0.,1.,1.,1.,1.,0.,0.066666667,0.,0.,0.,0.,       4549P   4337
0.,1.,0.,0.,1.;                                                     4549P   4338
110,1664.,25.,2.,1664.,25.,0.;                                      4551P   4339
126,1,1,1,0,1,0,0.,0.,1.,1.,1.,1.,0.,0.,0.,1.,0.,0.,0.,1.,0.,       4553P   4340
0.,1.;                                                              4553P   4341
110,1664.,25.,0.,1625.,0.,0.;                                       4555P   4342
126,1,1,1,0,1,0,0.,0.,1.,1.,1.,1.,1.,0.,0.,1.,1.,0.,0.,1.,0.,       4557P   4343
0.,1.;                                                              4557P   4344
110,1625.,0.,0.,1625.,0.,30.;                                       4559P   4345
126,1,1,1,0,1,0,0.,0.,1.,1.,1.,1.,1.,1.,0.,0.,1.,0.,0.,1.,0.,       4561P   4346
0.,1.;                                                              4561P   4347
110,1625.,0.,30.,1664.,25.,30.;                                     4563P   4348
126,1,1,1,0,1,0,0.,0.,1.,1.,1.,1.,0.,1.,0.,0.,0.933333333,0.,       4565P   4349
0.,1.,0.,0.,1.;                                                     4565P   4350
110,1664.,25.,30.,1664.,25.,28.;                                    4567P   4351
102,8,4537,4541,4545,4549,4553,4557,4561,4565;                      4569P   4352
102,8,4539,4543,4547,4551,4555,4559,4563,4567;                      4571P   4353
142,1,4535,4569,4571,1;                                             4573P   4354
144,4535,1,0,4573;                                                  4575P   4355
128,1,1,1,1,0,0,1,0,0,0.,0.,1.,1.,0.,0.,1.,1.,1.,1.,1.,1.,0.,       4577P   4356
25.,0.,39.,50.,0.,0.,25.,30.,39.,50.,30.,0.,1.,0.,1.;               4577P   4357
126,1,1,1,0,1,0,0.,0.,1.,1.,1.,1.,0.,0.933333333,0.,0.92,           4579P   4358
0.933333333,0.,0.,1.,0.,0.,1.;                                      4579P   4359
110,0.,25.,28.,35.88,48.,28.;                                       4581P   4360
126,1,1,1,0,1,0,0.,0.,1.,1.,1.,1.,0.92,0.933333333,0.,0.92,         4583P   4361
0.066666667,0.,0.,1.,0.,0.,1.;                                      4583P   4362
110,35.88,48.,28.,35.88,48.,2.;                                     4585P   4363
126,1,1,1,0,1,0,0.,0.,1.,1.,1.,1.,0.92,0.066666667,0.,0.,           4587P   4364
0.066666667,0.,0.,1.,0.,0.,1.;                                      4587P   4365
110,35.88,48.,2.,0.,25.,2.;                                         4589P   4366
126,1,1,1,0,1,0,0.,0.,1.,1.,1.,1.,0.,0.066666667,0.,0.,0.,0.,       4591P   4367
0.,1.,0.,0.,1.;                                                     4591P   4368
110,0.,25.,2.,0.,25.,0.;                                            4593P   4369
126,1,1,1,0,1,0,0.,0.,1.,1.,1.,1.,0.,0.,0.,1.,0.,0.,0.,1.,0.,       4595P   4370
0.,1.;                                                              4595P   4371
110,0.,25.,0.,39.,50.,0.;                                           4597P   4372
126,1,1,1,0,1,0,0.,0.,1.,1.,1.,1.,1.,0.,0.,1.,1.,0.,0.,1.,0.,       4599P   4373
0.,1.;                                                              4599P   4374
110,39.,50.,0.,39.,50.,30.;                                         4601P   4375
126,1,1,1,0,1,0,0.,0.,1.,1.,1.,1.,1.,1.,0.,0.,1.,0.,0.,1.,0.,       4603P   4376
0.,1.;                                                              4603P   4377
110,39.,50.,30.,0.,25.,30.;                                         4605P   4378
126,1,1,1,0,1,0,0.,0.,1.,1.,1.,1.,0.,1.,0.,0.,0.933333333,0.,       4607P   4379
0.,1.,0.,0.,1.;                                                     4607P   4380
110,0.,25.,30.,0.,25.,28.;                                          4609P   4381
102,8,4579,4583,4587,4591,4595,4599,4603,4607;                      4611P   4382
102,8,4581,4585,4589,4593,4597,4601,4605,4609;                      4613P   4383
142,1,4577,4611,4613,1;                                             4615P   4384
144,4577,1,0,4615;                                                  4617P   4385
128,1,1,1,1,0,0,1,0,0,0.,0.,1.,1.,0.,0.,1.,1.,1.,1.,1.,1.,16.,      4619P   4386
0.,0.,0.,25.,0.,16.,0.,30.,0.,25.,30.,0.,1.,0.,1.;                  4619P   4387
126,1,1,1,0,1,0,0.,0.,1.,1.,1.,1.,0.08,0.933333333,0.,1.,           4621P   4388
0.933333333,0.,0.,1.,0.,0.,1.;                                      4621P   4389
110,14.72,2.,28.,0.,25.,28.;                                        4623P   4390
126,1,1,1,0,1,0,0.,0.,1.,1.,1.,1.,1.,0.933333333,0.,1.,1.,0.,       4625P   4391
0.,1.,0.,0.,1.;                                                     4625P   4392
110,0.,25.,28.,0.,25.,30.;                                          4627P   4393
126,1,1,1,0,1,0,0.,0.,1.,1.,1.,1.,1.,1.,0.,0.,1.,0.,0.,1.,0.,       4629P   4394
0.,1.;                                                              4629P   4395
110,0.,25.,30.,16.,0.,30.;                                          4631P   4396
126,1,1,1,0,1,0,0.,0.,1.,1.,1.,1.,0.,1.,0.,0.,0.,0.,0.,1.,0.,       4633P   4397
0.,1.;                                                              4633P   4398
110,16.,0.,30.,16.,0.,0.;                                           4635P   4399
126,1,1,1,0,1,0,0.,0.,1.,1.,1.,1.,0.,0.,0.,1.,0.,0.,0.,1.,0.,       4637P   4400
0.,1.;                                                              4637P   4401
110,16.,0.,0.,0.,25.,0.;                                            4639P   4402
126,1,1,1,0,1,0,0.,0.,1.,1.,1.,1.,1.,0.,0.,1.,0.066666667,0.,       4641P   4403
0.,1.,0.,0.,1.;                                                     4641P   4404
110,0.,25.,0.,0.,25.,2.;                                            4643P   4405
126,1,1,1,0,1,0,0.,0.,1.,1.,1.,1.,1.,0.066666667,0.,0.08,           4645P   4406
0.066666667,0.,0.,1.,0.,0.,1.;                                      4645P   4407
110,0.,25.,2.,14.72,2.,2.;                                          4647P   4408
126,1,1,1,0,1,0,0.,0.,1.,1.,1.,1.,0.08,0.066666667,0.,0.08,         4649P   4409
0.933333333,0.,0.,1.,0.,0.,1.;                                      4649P   4410
110,14.72,2.,2.,14.72,2.,28.;                                       4651P   4411
102,8,4621,4625,4629,4633,4637,4641,4645,4649;                      4653P   4412
102,8,4623,4627,4631,4635,4639,4643,4647,4651;                      4655P   4413
142,1,4619,4653,4655,1;                                             4657P   4414
144,4619,1,0,4657;                                                  4659P   4415
308,0,15HTraverse longue,12,4277,4303,4337,4371,4405,4431,4465,     4661P   4416
4491,4533,4575,4617,4659;                                           4661P   4417
124,0.673935921087472,-0.738789803846792,0.,-882.154730749842,      4663P   4418
0.738789803846792,0.673935921087472,0.,-1209.65478850685,0.,0.,     4663P   4419
1.,-209.540816510725;                                               4663P   4420
408,4661,0.,0.,0.,1.;                                               4665P   4421
128,1,1,1,1,0,0,1,0,0,0.,0.,1.,1.,0.,0.,1.,1.,1.,1.,1.,1.,23.,      4667P   4422
0.,0.,23.,0.,30.,790.5,0.,0.,790.5,0.,30.,0.,1.,0.,1.;              4667P   4423
126,1,1,1,0,1,0,0.,0.,1.,1.,1.,1.,1.,1.,0.,0.,1.,0.,0.,1.,0.,       4669P   4424
0.,1.;                                                              4669P   4425
110,790.5,0.,30.,790.5,0.,0.;                                       4671P   4426
126,1,1,1,0,1,0,0.,0.,1.,1.,1.,1.,0.,1.,0.,0.,0.,0.,0.,1.,0.,       4673P   4427
0.,1.;                                                              4673P   4428
110,790.5,0.,0.,23.,0.,0.;                                          4675P   4429
126,1,1,1,0,1,0,0.,0.,1.,1.,1.,1.,0.,0.,0.,1.,0.,0.,0.,1.,0.,       4677P   4430
0.,1.;                                                              4677P   4431
110,23.,0.,0.,23.,0.,30.;                                           4679P   4432
126,1,1,1,0,1,0,0.,0.,1.,1.,1.,1.,1.,0.,0.,1.,1.,0.,0.,1.,0.,       4681P   4433
0.,1.;                                                              4681P   4434
110,23.,0.,30.,790.5,0.,30.;                                        4683P   4435
102,4,4669,4673,4677,4681;                                          4685P   4436
102,4,4671,4675,4679,4683;                                          4687P   4437
142,1,4667,4685,4687,1;                                             4689P   4438
144,4667,1,0,4689;                                                  4691P   4439
128,1,1,1,1,0,0,1,0,0,0.,0.,1.,1.,0.,0.,1.,1.,1.,1.,1.,1.,44.,      4693P   4440
50.,0.,812.64,50.,0.,44.,50.,30.,812.64,50.,30.,0.,1.,0.,1.;        4693P   4441
126,1,1,1,0,1,0,0.,0.,1.,1.,1.,1.,1.,0.,0.,1.,1.,0.,0.,1.,0.,       4695P   4442
0.,1.;                                                              4695P   4443
110,812.64,50.,0.,812.64,50.,30.;                                   4697P   4444
126,1,1,1,0,1,0,0.,0.,1.,1.,1.,1.,1.,1.,0.,0.,1.,0.,0.,1.,0.,       4699P   4445
0.,1.;                                                              4699P   4446
110,812.64,50.,30.,44.,50.,30.;                                     4701P   4447
126,1,1,1,0,1,0,0.,0.,1.,1.,1.,1.,0.,1.,0.,0.,0.,0.,0.,1.,0.,       4703P   4448
0.,1.;                                                              4703P   4449
110,44.,50.,30.,44.,50.,0.;                                         4705P   4450
126,1,1,1,0,1,0,0.,0.,1.,1.,1.,1.,0.,0.,0.,1.,0.,0.,0.,1.,0.,       4707P   4451
0.,1.;                                                              4707P   4452
110,44.,50.,0.,812.64,50.,0.;                                       4709P   4453
102,4,4695,4699,4703,4707;                                          4711P   4454
102,4,4697,4701,4705,4709;                                          4713P   4455
142,1,4693,4711,4713,1;                                             4715P   4456
144,4693,1,0,4715;                                                  4717P   4457
128,1,1,1,1,0,0,1,0,0,0.,0.,1.,1.,0.,0.,1.,1.,1.,1.,1.,1.,          4719P   4458
829.5,0.,30.,23.,0.,30.,829.5,50.,30.,23.,50.,30.,0.,1.,0.,1.;      4719P   4459
126,1,1,1,0,1,0,0.,0.,1.,1.,1.,1.,0.020905146,1.,0.,0.,0.5,0.,      4721P   4460
0.,1.,0.,0.,1.;                                                     4721P   4461
110,812.64,50.,30.,829.5,25.,30.;                                   4723P   4462
126,1,1,1,0,1,0,0.,0.,1.,1.,1.,1.,0.,0.5,0.,0.048357099,0.,0.,      4725P   4463
0.,1.,0.,0.,1.;                                                     4725P   4464
110,829.5,25.,30.,790.5,0.,30.;                                     4727P   4465
126,1,1,1,0,1,0,0.,0.,1.,1.,1.,1.,0.048357099,0.,0.,1.,0.,0.,       4729P   4466
0.,1.,0.,0.,1.;                                                     4729P   4467
110,790.5,0.,30.,23.,0.,30.;                                        4731P   4468
126,1,1,1,0,1,0,0.,0.,1.,1.,1.,1.,1.,0.,0.,0.973961562,1.,0.,       4733P   4469
0.,1.,0.,0.,1.;                                                     4733P   4470
110,23.,0.,30.,44.,50.,30.;                                         4735P   4471
126,1,1,1,0,1,0,0.,0.,1.,1.,1.,1.,0.973961562,1.,0.,                4737P   4472
0.020905146,1.,0.,0.,1.,0.,0.,1.;                                   4737P   4473
110,44.,50.,30.,812.64,50.,30.;                                     4739P   4474
102,5,4721,4725,4729,4733,4737;                                     4741P   4475
102,5,4723,4727,4731,4735,4739;                                     4743P   4476
142,1,4719,4741,4743,1;                                             4745P   4477
144,4719,1,0,4745;                                                  4747P   4478
128,1,1,1,1,0,0,1,0,0,0.,0.,1.,1.,0.,0.,1.,1.,1.,1.,1.,1.,          4749P   4479
829.5,0.,0.,23.,0.,0.,829.5,50.,0.,23.,50.,0.,0.,1.,0.,1.;          4749P   4480
126,1,1,1,0,1,0,0.,0.,1.,1.,1.,1.,1.,0.,0.,0.973961562,1.,0.,       4751P   4481
0.,1.,0.,0.,1.;                                                     4751P   4482
110,23.,0.,0.,44.,50.,0.;                                           4753P   4483
126,1,1,1,0,1,0,0.,0.,1.,1.,1.,1.,0.973961562,1.,0.,                4755P   4484
0.020905146,1.,0.,0.,1.,0.,0.,1.;                                   4755P   4485
110,44.,50.,0.,812.64,50.,0.;                                       4757P   4486
126,1,1,1,0,1,0,0.,0.,1.,1.,1.,1.,0.020905146,1.,0.,0.,0.5,0.,      4759P   4487
0.,1.,0.,0.,1.;                                                     4759P   4488
110,812.64,50.,0.,829.5,25.,0.;                                     4761P   4489
126,1,1,1,0,1,0,0.,0.,1.,1.,1.,1.,0.,0.5,0.,0.048357099,0.,0.,      4763P   4490
0.,1.,0.,0.,1.;                                                     4763P   4491
110,829.5,25.,0.,790.5,0.,0.;                                       4765P   4492
126,1,1,1,0,1,0,0.,0.,1.,1.,1.,1.,0.048357099,0.,0.,1.,0.,0.,       4767P   4493
0.,1.,0.,0.,1.;                                                     4767P   4494
110,790.5,0.,0.,23.,0.,0.;                                          4769P   4495
102,5,4751,4755,4759,4763,4767;                                     4771P   4496
102,5,4753,4757,4761,4765,4769;                                     4773P   4497
142,1,4749,4771,4773,1;                                             4775P   4498
144,4749,1,0,4775;                                                  4777P   4499
128,1,1,1,1,0,0,1,0,0,0.,0.,1.,1.,0.,0.,1.,1.,1.,1.,1.,1.,          4779P   4500
23.84,48.,28.,23.84,2.,28.,829.5,48.,28.,829.5,2.,28.,0.,1.,0.,     4779P   4501
1.;                                                                 4779P   4502
126,1,1,1,0,1,0,0.,0.,1.,1.,1.,1.,1.,0.955465085,0.,0.5,1.,0.,      4781P   4503
0.,1.,0.,0.,1.;                                                     4781P   4504
110,793.62,2.,28.,829.5,25.,28.;                                    4783P   4505
126,1,1,1,0,1,0,0.,0.,1.,1.,1.,1.,0.5,1.,0.,0.,0.980747213,0.,      4785P   4506
0.,1.,0.,0.,1.;                                                     4785P   4507
110,829.5,25.,28.,813.9888,48.,28.;                                 4787P   4508
126,1,1,1,0,1,0,0.,0.,1.,1.,1.,1.,0.,0.980747213,0.,0.,             4789P   4509
0.023980339,0.,0.,1.,0.,0.,1.;                                      4789P   4510
110,813.9888,48.,28.,43.16,48.,28.;                                 4791P   4511
126,1,1,1,0,1,0,0.,0.,1.,1.,1.,1.,0.,0.023980339,0.,1.,0.,0.,       4793P   4512
0.,1.,0.,0.,1.;                                                     4793P   4513
110,43.16,48.,28.,23.84,2.,28.;                                     4795P   4514
126,1,1,1,0,1,0,0.,0.,1.,1.,1.,1.,1.,0.,0.,1.,0.955465085,0.,       4797P   4515
0.,1.,0.,0.,1.;                                                     4797P   4516
110,23.84,2.,28.,793.62,2.,28.;                                     4799P   4517
102,5,4781,4785,4789,4793,4797;                                     4801P   4518
102,5,4783,4787,4791,4795,4799;                                     4803P   4519
142,1,4779,4801,4803,1;                                             4805P   4520
144,4779,1,0,4805;                                                  4807P   4521
128,1,1,1,1,0,0,1,0,0,0.,0.,1.,1.,0.,0.,1.,1.,1.,1.,1.,1.,          4809P   4522
43.16,48.,2.,43.16,48.,28.,813.9888,48.,2.,813.9888,48.,28.,0.,     4809P   4523
1.,0.,1.;                                                           4809P   4524
126,1,1,1,0,1,0,0.,0.,1.,1.,1.,1.,1.,1.,0.,0.,1.,0.,0.,1.,0.,       4811P   4525
0.,1.;                                                              4811P   4526
110,813.9888,48.,28.,813.9888,48.,2.;                               4813P   4527
126,1,1,1,0,1,0,0.,0.,1.,1.,1.,1.,0.,1.,0.,0.,0.,0.,0.,1.,0.,       4815P   4528
0.,1.;                                                              4815P   4529
110,813.9888,48.,2.,43.16,48.,2.;                                   4817P   4530
126,1,1,1,0,1,0,0.,0.,1.,1.,1.,1.,0.,0.,0.,1.,0.,0.,0.,1.,0.,       4819P   4531
0.,1.;                                                              4819P   4532
110,43.16,48.,2.,43.16,48.,28.;                                     4821P   4533
126,1,1,1,0,1,0,0.,0.,1.,1.,1.,1.,1.,0.,0.,1.,1.,0.,0.,1.,0.,       4823P   4534
0.,1.;                                                              4823P   4535
110,43.16,48.,28.,813.9888,48.,28.;                                 4825P   4536
102,4,4811,4815,4819,4823;                                          4827P   4537
102,4,4813,4817,4821,4825;                                          4829P   4538
142,1,4809,4827,4829,1;                                             4831P   4539
144,4809,1,0,4831;                                                  4833P   4540
128,1,1,1,1,0,0,1,0,0,0.,0.,1.,1.,0.,0.,1.,1.,1.,1.,1.,1.,          4835P   4541
23.84,2.,2.,23.84,48.,2.,829.5,2.,2.,829.5,48.,2.,0.,1.,0.,1.;      4835P   4542
126,1,1,1,0,1,0,0.,0.,1.,1.,1.,1.,1.,0.980747213,0.,0.5,1.,0.,      4837P   4543
0.,1.,0.,0.,1.;                                                     4837P   4544
110,813.9888,48.,2.,829.5,25.,2.;                                   4839P   4545
126,1,1,1,0,1,0,0.,0.,1.,1.,1.,1.,0.5,1.,0.,0.,0.955465085,0.,      4841P   4546
0.,1.,0.,0.,1.;                                                     4841P   4547
110,829.5,25.,2.,793.62,2.,2.;                                      4843P   4548
126,1,1,1,0,1,0,0.,0.,1.,1.,1.,1.,0.,0.955465085,0.,0.,0.,0.,       4845P   4549
0.,1.,0.,0.,1.;                                                     4845P   4550
110,793.62,2.,2.,23.84,2.,2.;                                       4847P   4551
126,1,1,1,0,1,0,0.,0.,1.,1.,1.,1.,0.,0.,0.,1.,0.023980339,0.,       4849P   4552
0.,1.,0.,0.,1.;                                                     4849P   4553
110,23.84,2.,2.,43.16,48.,2.;                                       4851P   4554
126,1,1,1,0,1,0,0.,0.,1.,1.,1.,1.,1.,0.023980339,0.,1.,             4853P   4555
0.980747213,0.,0.,1.,0.,0.,1.;                                      4853P   4556
110,43.16,48.,2.,813.9888,48.,2.;                                   4855P   4557
102,5,4837,4841,4845,4849,4853;                                     4857P   4558
102,5,4839,4843,4847,4851,4855;                                     4859P   4559
142,1,4835,4857,4859,1;                                             4861P   4560
144,4835,1,0,4861;                                                  4863P   4561
128,1,1,1,1,0,0,1,0,0,0.,0.,1.,1.,0.,0.,1.,1.,1.,1.,1.,1.,          4865P   4562
23.84,2.,28.,23.84,2.,2.,793.62,2.,28.,793.62,2.,2.,0.,1.,0.,       4865P   4563
1.;                                                                 4865P   4564
126,1,1,1,0,1,0,0.,0.,1.,1.,1.,1.,1.,1.,0.,0.,1.,0.,0.,1.,0.,       4867P   4565
0.,1.;                                                              4867P   4566
110,793.62,2.,2.,793.62,2.,28.;                                     4869P   4567
126,1,1,1,0,1,0,0.,0.,1.,1.,1.,1.,0.,1.,0.,0.,0.,0.,0.,1.,0.,       4871P   4568
0.,1.;                                                              4871P   4569
110,793.62,2.,28.,23.84,2.,28.;                                     4873P   4570
126,1,1,1,0,1,0,0.,0.,1.,1.,1.,1.,0.,0.,0.,1.,0.,0.,0.,1.,0.,       4875P   4571
0.,1.;                                                              4875P   4572
110,23.84,2.,28.,23.84,2.,2.;                                       4877P   4573
126,1,1,1,0,1,0,0.,0.,1.,1.,1.,1.,1.,0.,0.,1.,1.,0.,0.,1.,0.,       4879P   4574
0.,1.;                                                              4879P   4575
110,23.84,2.,2.,793.62,2.,2.;                                       4881P   4576
102,4,4867,4871,4875,4879;                                          4883P   4577
102,4,4869,4873,4877,4881;                                          4885P   4578
142,1,4865,4883,4885,1;                                             4887P   4579
144,4865,1,0,4887;                                                  4889P   4580
128,1,1,1,1,0,0,1,0,0,0.,0.,1.,1.,0.,0.,1.,1.,1.,1.,1.,1.,          4891P   4581
812.64,50.,0.,829.5,25.,0.,812.64,50.,30.,829.5,25.,30.,0.,1.,      4891P   4582
0.,1.;                                                              4891P   4583
126,1,1,1,0,1,0,0.,0.,1.,1.,1.,1.,0.08,0.933333333,0.,1.,           4893P   4584
0.933333333,0.,0.,1.,0.,0.,1.;                                      4893P   4585
110,813.9888,48.,28.,829.5,25.,28.;                                 4895P   4586
126,1,1,1,0,1,0,0.,0.,1.,1.,1.,1.,1.,0.933333333,0.,1.,1.,0.,       4897P   4587
0.,1.,0.,0.,1.;                                                     4897P   4588
110,829.5,25.,28.,829.5,25.,30.;                                    4899P   4589
126,1,1,1,0,1,0,0.,0.,1.,1.,1.,1.,1.,1.,0.,0.,1.,0.,0.,1.,0.,       4901P   4590
0.,1.;                                                              4901P   4591
110,829.5,25.,30.,812.64,50.,30.;                                   4903P   4592
126,1,1,1,0,1,0,0.,0.,1.,1.,1.,1.,0.,1.,0.,0.,0.,0.,0.,1.,0.,       4905P   4593
0.,1.;                                                              4905P   4594
110,812.64,50.,30.,812.64,50.,0.;                                   4907P   4595
126,1,1,1,0,1,0,0.,0.,1.,1.,1.,1.,0.,0.,0.,1.,0.,0.,0.,1.,0.,       4909P   4596
0.,1.;                                                              4909P   4597
110,812.64,50.,0.,829.5,25.,0.;                                     4911P   4598
126,1,1,1,0,1,0,0.,0.,1.,1.,1.,1.,1.,0.,0.,1.,0.066666667,0.,       4913P   4599
0.,1.,0.,0.,1.;                                                     4913P   4600
110,829.5,25.,0.,829.5,25.,2.;                                      4915P   4601
126,1,1,1,0,1,0,0.,0.,1.,1.,1.,1.,1.,0.066666667,0.,0.08,           4917P   4602
0.066666667,0.,0.,1.,0.,0.,1.;                                      4917P   4603
110,829.5,25.,2.,813.9888,48.,2.;                                   4919P   4604
126,1,1,1,0,1,0,0.,0.,1.,1.,1.,1.,0.08,0.066666667,0.,0.08,         4921P   4605
0.933333333,0.,0.,1.,0.,0.,1.;                                      4921P   4606
110,813.9888,48.,2.,813.9888,48.,28.;                               4923P   4607
102,8,4893,4897,4901,4905,4909,4913,4917,4921;                      4925P   4608
102,8,4895,4899,4903,4907,4911,4915,4919,4923;                      4927P   4609
142,1,4891,4925,4927,1;                                             4929P   4610
144,4891,1,0,4929;                                                  4931P   4611
128,1,1,1,1,0,0,1,0,0,0.,0.,1.,1.,0.,0.,1.,1.,1.,1.,1.,1.,          4933P   4612
829.5,25.,0.,790.5,0.,0.,829.5,25.,30.,790.5,0.,30.,0.,1.,0.,       4933P   4613
1.;                                                                 4933P   4614
126,1,1,1,0,1,0,0.,0.,1.,1.,1.,1.,0.,0.933333333,0.,0.92,           4935P   4615
0.933333333,0.,0.,1.,0.,0.,1.;                                      4935P   4616
110,829.5,25.,28.,793.62,2.,28.;                                    4937P   4617
126,1,1,1,0,1,0,0.,0.,1.,1.,1.,1.,0.92,0.933333333,0.,0.92,         4939P   4618
0.066666667,0.,0.,1.,0.,0.,1.;                                      4939P   4619
110,793.62,2.,28.,793.62,2.,2.;                                     4941P   4620
126,1,1,1,0,1,0,0.,0.,1.,1.,1.,1.,0.92,0.066666667,0.,0.,           4943P   4621
0.066666667,0.,0.,1.,0.,0.,1.;                                      4943P   4622
110,793.62,2.,2.,829.5,25.,2.;                                      4945P   4623
126,1,1,1,0,1,0,0.,0.,1.,1.,1.,1.,0.,0.066666667,0.,0.,0.,0.,       4947P   4624
0.,1.,0.,0.,1.;                                                     4947P   4625
110,829.5,25.,2.,829.5,25.,0.;                                      4949P   4626
126,1,1,1,0,1,0,0.,0.,1.,1.,1.,1.,0.,0.,0.,1.,0.,0.,0.,1.,0.,       4951P   4627
0.,1.;                                                              4951P   4628
110,829.5,25.,0.,790.5,0.,0.;                                       4953P   4629
126,1,1,1,0,1,0,0.,0.,1.,1.,1.,1.,1.,0.,0.,1.,1.,0.,0.,1.,0.,       4955P   4630
0.,1.;                                                              4955P   4631
110,790.5,0.,0.,790.5,0.,30.;                                       4957P   4632
126,1,1,1,0,1,0,0.,0.,1.,1.,1.,1.,1.,1.,0.,0.,1.,0.,0.,1.,0.,       4959P   4633
0.,1.;                                                              4959P   4634
110,790.5,0.,30.,829.5,25.,30.;                                     4961P   4635
126,1,1,1,0,1,0,0.,0.,1.,1.,1.,1.,0.,1.,0.,0.,0.933333333,0.,       4963P   4636
0.,1.,0.,0.,1.;                                                     4963P   4637
110,829.5,25.,30.,829.5,25.,28.;                                    4965P   4638
102,8,4935,4939,4943,4947,4951,4955,4959,4963;                      4967P   4639
102,8,4937,4941,4945,4949,4953,4957,4961,4965;                      4969P   4640
142,1,4933,4967,4969,1;                                             4971P   4641
144,4933,1,0,4971;                                                  4973P   4642
128,1,1,1,1,0,0,1,0,0,0.,0.,1.,1.,0.,0.,1.,1.,1.,1.,1.,1.,23.,      4975P   4643
0.,0.,44.,50.,0.,23.,0.,30.,44.,50.,30.,0.,1.,0.,1.;                4975P   4644
126,1,1,1,0,1,0,0.,0.,1.,1.,1.,1.,1.,0.,0.,1.,1.,0.,0.,1.,0.,       4977P   4645
0.,1.;                                                              4977P   4646
110,44.,50.,0.,44.,50.,30.;                                         4979P   4647
126,1,1,1,0,1,0,0.,0.,1.,1.,1.,1.,1.,1.,0.,0.,1.,0.,0.,1.,0.,       4981P   4648
0.,1.;                                                              4981P   4649
110,44.,50.,30.,23.,0.,30.;                                         4983P   4650
126,1,1,1,0,1,0,0.,0.,1.,1.,1.,1.,0.,1.,0.,0.,0.,0.,0.,1.,0.,       4985P   4651
0.,1.;                                                              4985P   4652
110,23.,0.,30.,23.,0.,0.;                                           4987P   4653
126,1,1,1,0,1,0,0.,0.,1.,1.,1.,1.,0.,0.,0.,1.,0.,0.,0.,1.,0.,       4989P   4654
0.,1.;                                                              4989P   4655
110,23.,0.,0.,44.,50.,0.;                                           4991P   4656
102,4,4977,4981,4985,4989;                                          4993P   4657
102,4,4979,4983,4987,4991;                                          4995P   4658
142,1,4975,4993,4995,1;                                             4997P   4659
126,1,1,1,0,1,0,0.,0.,1.,1.,1.,1.,0.04,0.933333333,0.,0.96,         4999P   4660
0.933333333,0.,0.,1.,0.,0.,1.;                                      4999P   4661
110,23.84,2.,28.,43.16,48.,28.;                                     5001P   4662
126,1,1,1,0,1,0,0.,0.,1.,1.,1.,1.,0.96,0.933333333,0.,0.96,         5003P   4663
0.066666667,0.,0.,1.,0.,0.,1.;                                      5003P   4664
110,43.16,48.,28.,43.16,48.,2.;                                     5005P   4665
126,1,1,1,0,1,0,0.,0.,1.,1.,1.,1.,0.96,0.066666667,0.,0.04,         5007P   4666
0.066666667,0.,0.,1.,0.,0.,1.;                                      5007P   4667
110,43.16,48.,2.,23.84,2.,2.;                                       5009P   4668
126,1,1,1,0,1,0,0.,0.,1.,1.,1.,1.,0.04,0.066666667,0.,0.04,         5011P   4669
0.933333333,0.,0.,1.,0.,0.,1.;                                      5011P   4670
110,23.84,2.,2.,23.84,2.,28.;                                       5013P   4671
102,4,4999,5003,5007,5011;                                          5015P   4672
102,4,5001,5005,5009,5013;                                          5017P   4673
142,1,4975,5015,5017,1;                                             5019P   4674
144,4975,1,1,4997,5019;                                             5021P   4675
308,0,15HTraverse courte,11,4691,4717,4747,4777,4807,4833,4863,     5023P   4676
4889,4931,4973,5021;                                                5023P   4677
124,-0.41061377031247,0.911809372418258,0.,-346.908324228083,       5025P   4678
0.911809372418259,0.41061377031247,0.,-579.435963867988,0.,0.,      5025P   4679
-1.,-179.540816510725;                                              5025P   4680
408,5023,0.,0.,0.,1.;                                               5027P   4681
124,0.410613770312446,-0.911809372418269,0.,-335.441701466477,      5029P   4682
-0.911809372418269,-0.410613770312447,0.,-577.957852870389,0.,      5029P   4683
0.,-1.,-179.540816510725;                                           5029P   4684
408,5023,0.,0.,0.,1.;                                               5031P   4685
S      1G      4D   5032P   4685                                        T      1
